{"nickname":"XP","round":{"tip":2,"started":1676130820527,"logs":[["colour",["#1317f6"]],["colour",["#f8c94e"]],["line",[8,311.3,57,3.486656934978342,306.3,56.5,6.760035719005243,293.1,58.8,6.528381884386174,276.2,64.7,6.184568327551352,250.7,79.8,5.534280697388058,219.3,101.2,4.45853791353677,186.9,125.8,6.728744784057522,160,151.3,6.184568327551352,143.6,173.2,5.783763277846241,129.9,190.1,5.374823752349936,122.6,206.5,5.150332867384415,121.7,220.2,5.150332867384415,122.6,225.6,5.150332867384415]],["line",[8,318.2,47.9,3.8046500930546285,315,45.1,3.6478313978696058,312.3,44.7,3.486656934978342,298.1,46.5,6.631311449065791,271.2,56.1,6.057587968871517,237.5,74.8,5.092029547277345,202.8,101.2,3.8046500930546285,172.8,129.5,6.45660866284763,147.2,157.3,5.878057590483637,127.2,184.6,5.3199916355710135,116.2,207.9,4.972743569632222,110.8,227.5,4.786980373629528]],["line",[8,284,33.7,6.344065989203813,276.2,37.4,6.184568327551352,253,53.3,5.585782196611615,215.6,82.5,4.320350648845269,162.7,137.7,6.22547782052402,146.8,157.3,5.878057590483637,120.3,194.6,5.092029547277345,106.2,226.6,4.592796232575424,98.9,250.7,4.320350648845269,97.1,272.6,4.249759869868322,98,283.1,4.320350648845269]],["line",[8,307.2,49.7,3.3210467848190834,299.5,54.7,6.631311449065791,272.6,72.9,6.100631439090046,238.9,102.1,5.150332867384415,205.1,137.7,3.9571922135537347,170.9,178.2,6.419753180609807,147.2,216.5,5.878057590483637,128.1,250.7,5.3199916355710135,120.3,275.8,5.092029547277345,119,284.9,5.032836119244947]],["line",[8,303.6,62.5,6.728744784057522,300.9,62.9,6.664390005320148,286.7,70.2,6.3822415367976975,253.9,96.2,5.585782196611615,214.2,137.7,4.320350648845269,175,181.9,6.492815680309816,145.9,220.2,5.831294776506706,124.4,253,5.207755047812311,115.3,279,4.911742839375334,113.5,287.2,4.849824824001607]],["line",[8,309.5,53.8,3.404411344160346,293.1,72.5,6.528381884386174,252.5,113,5.585782196611615,205.1,170,3.9571922135537347,167.7,223.4,6.344065989203813,139,268.5,5.6364726674070305,114.9,308.6,4.911742839375334,103.5,341.9,4.526153635217989,99.8,354.2,4.389940159017284]],["line",[8,297.2,103.5,6.597622230896451,288.5,107.1,6.419753180609807,261.2,129,5.783763277846241,222.5,172.3,4.592796232575424,169.1,248.4,6.3822415367976975,153.2,276.7,6.013817022493076,119.9,348.3,5.092029547277345]],["line",[8,472.7,14.6,5.150332867384415,480,17.8,5.374823752349936,486.4,27.8,5.585782196611615,495.5,46,5.831294776506706,505.1,67.5,6.057587968871517,515.6,93.9,6.305218750211823,526,121.3,6.528381884386174,533.8,144.5,6.664390005320148,542,167.7,3.3210467848190834,548.8,180.1,3.6478313978696058]],["line",[8,477.7,18.2,5.3199916355710135,483.2,32.4,5.48195956476092,490,57.9,5.686360669340906,497.8,87.1,5.878057590483637,512.8,127.6,6.22547782052402,530.6,170.5,6.597622230896451,548.8,211.1,3.6478313978696058]],["line",[8,455.4,52.9,4.592796232575424,462.2,61.5,4.849824824001607,483.2,100.7,5.48195956476092,490.9,118.5,5.686360669340906,503.7,153.6,6.013817022493076,518.7,189.2,6.3822415367976975,528.8,217.4,6.563314881057675,535.6,236.1,6.696865324005135,542,253,3.3210467848190834,550.7,268.9,3.726780249833312,554.8,276.7,3.8814508039566755]],["line",[8,452.2,43.3,4.45853791353677,454,46.5,4.526153635217989,459.9,60.6,4.72320029296874,467.7,86.2,5.032836119244947,480.5,121.7,5.428810148345919,493.2,156.8,5.783763277846241,509.2,191.9,6.142955538626869,522.8,224.3,6.45660866284763,532.9,250.3,6.631311449065791,538.3,270.3,6.728744784057522,547,287.2,3.5677936153315484,552,298.6,3.8046500930546285]],["line",[8,466.8,73.4,4.972743569632222,469.5,75.7,5.092029547277345,476.4,88.9,5.264305011398351,487.7,113,5.6364726674070305,497.8,146.8,5.878057590483637,511,187.4,6.184568327551352,522.4,225.6,6.45660866284763,532.9,255.7,6.631311449065791,542,285.4,3.3210467848190834,547,291.3,3.5677936153315484]],["line",[8,483.2,67.9,5.48195956476092,485.9,70.2,5.585782196611615,488.2,82.5,5.6364726674070305,495.5,112.1,5.831294776506706,506,152.3,6.100631439090046,519.2,196.9,6.3822415367976975,532.4,244.8,6.631311449065791]],["colour",["#d20000"]],["line",[8,262.6,70.7,5.831294776506706,261.2,66.6,5.783763277846241,261.7,61.1,5.831294776506706,262.6,54.7,5.831294776506706,256.2,62.9,5.686360669340906,238.9,79.8,5.150332867384415,223.8,94.4,4.658475341320051,213.3,105.8,4.249759869868322,209.2,108.5,4.105536225845814,224.3,98.5,4.658475341320051,246.6,82.5,5.374823752349936,265.3,71.1,5.924060052299441,279.4,64.3,6.22547782052402,281.7,62.9,6.305218750211823,274.9,70.2,6.142955538626869,254.8,87.5,5.6364726674070305,231.1,106.7,4.911742839375334,217.4,117.2,4.389940159017284,213.8,119.4,4.249759869868322,222.5,114.4,4.592796232575424,248,98.9,5.428810148345919,268.9,83.9,6.013817022493076]],["line",[8,268.9,83.9,6.013817022493076,274.4,78.4,6.142955538626869,269.4,78.4,6.013817022493076,258,83.9,5.735454716571002,243.9,89.3,5.3199916355710135,237,93.4,5.092029547277345,245.2,90.7,5.374823752349936,248.9,89.8,5.48195956476092,253.9,89.8,5.585782196611615,256.2,93,5.686360669340906,256.6,98.5,5.686360669340906,257.1,102.1,5.686360669340906,261.2,104.8,5.783763277846241,267.6,105.3,5.969310449067679,271.2,104.8,6.057587968871517,267.1,105.3,5.969310449067679,258.5,106.7,5.735454716571002,253.4,106.7,5.585782196611615,256.2,100.3,5.686360669340906,261.7,93.9,5.831294776506706,278.1,80.2,6.22547782052402,298.6,69.3,6.631311449065791]],["line",[8,298.6,69.3,6.631311449065791,310,63.8,3.404411344160346,312.7,63.4,3.5677936153315484,307.2,66.6,3.3210467848190834,286.7,80.7,6.3822415367976975,267.6,94.8,5.969310449067679,255.7,103,5.6364726674070305,250.3,105.3,5.48195956476092,265.3,96.6,5.924060052299441,284,91.2,6.344065989203813]],["line",[8,454.9,114,4.592796232575424,463.1,107.1,4.849824824001607,475.4,96.6,5.264305011398351,490,87.5,5.686360669340906,503.7,80.2,6.013817022493076,516.9,76.1,6.344065989203813,523.8,74.8,6.45660866284763,525.6,76.6,6.492815680309816,518.3,84.3,6.344065989203813,501,95.3,5.969310449067679,485,99.4,5.534280697388058,478.2,98.5,5.3199916355710135,476.4,94.8,5.264305011398351,481.8,85.2,5.428810148345919,498.7,70.2,5.924060052299441,515.6,58.3,6.305218750211823,527.9,52,6.563314881057675,533.3,51.1,6.664390005320148,532.9,59.3,6.631311449065791,519.2,74.8,6.3822415367976975,496.4,88.9,5.831294776506706,480.5,96.2,5.428810148345919]],["line",[8,480.5,96.2,5.428810148345919,474.5,101.2,5.207755047812311,481.8,93.4,5.428810148345919,496,83.4,5.831294776506706,513.3,72.9,6.265691986796561,520.6,67,6.419753180609807,523.3,64.3,6.45660866284763,515.1,60.2,6.305218750211823,506,58.3,6.100631439090046,499.6,56.5,5.924060052299441]],["colour",["#F5D6BC"]],["line",[8,390.7,5.9,6.100631439090046,381.1,2.7,5.878057590483637,374.7,1.8,5.735454716571002,365.1,3.6,5.428810148345919,352.8,11.4,5.092029547277345,336.9,27.4,4.526153635217989,320,51.5,3.8814508039566755,301.3,81.6,6.664390005320148,284,114.9,6.344065989203813,268.9,146.8,6.013817022493076,262.1,170,5.831294776506706,260.3,193.3,5.783763277846241,267.6,217.9,5.969310449067679,281.7,240.7,6.305218750211823,296.8,253.9,6.597622230896451,313.6,258.9,3.5677936153315484,330.9,260.3,4.320350648845269,357.8,253.4,5.207755047812311,382.5,237.5,5.924060052299441,403.4,217.9,6.3822415367976975,427.1,188.3,3.404411344160346,445.8,155,4.249759869868322]],["line",[8,445.8,155,4.249759869868322,461.3,120.3,4.786980373629528,473.2,92.5,5.207755047812311,475.4,77,5.264305011398351,473.6,63.8,5.207755047812311,469.5,52.4,5.092029547277345,461.3,42.4,4.786980373629528,451.7,31.5,4.45853791353677,435.8,22.8,3.8046500930546285,412.5,17.8,6.563314881057675,389.3,16,6.100631439090046,370.1,17.8,5.585782196611615,351.5,24.2,5.032836119244947,337.8,34.6,4.526153635217989,326.8,50.6,4.105536225845814]],["line",[8,340.5,67.9,4.658475341320051,346,66.1,4.849824824001607,356.5,62.5,5.207755047812311,366.5,59.3,5.48195956476092,375.2,58.3,5.735454716571002,377,61.1,5.783763277846241,369.7,71.1,5.585782196611615,345.1,98,4.786980373629528,315.4,