{"nickname":"不可","round":{"tip":0,"started":1676084347097,"logs":[["join",1676084352878,"i7saxyg6xw2","古巴别塔掌管睡觉的恶灵","39.144.133.105","Mozilla/5.0 (Linux; U; Android 12; zh-cn; 22041216C Build/SP1A.210812.016) AppleWebKit/537.36 (KHTML, like Gecko) Version/4.0 Chrome/100.0.4896.127 Mobile Safari/537.36 XiaoMi/MiuiBrowser/17.4.140131 swan-mibrowser"],["colour",["#222"]],["leave","i7saxyg6xw2",1676084362007],["join",1676084367121,"i7saxyg6xw2","古巴别塔掌管睡觉的恶灵","39.144.133.105","Mozilla/5.0 (Linux; U; Android 12; zh-cn; 22041216C Build/SP1A.210812.016) AppleWebKit/537.36 (KHTML, like Gecko) Version/4.0 Chrome/100.0.4896.127 Mobile Safari/537.36 XiaoMi/MiuiBrowser/17.4.140131 swan-mibrowser"],["colour",["#f8c94e"]],["line",[0,362.1,146.8,361.3,146.8,360.5,147.6,359.7,152.5,358.9,159,356.5,169.5,354,182.5,354,190.6,354,193,355.6,190.6,355.6,187.3,356.5,181.7]],["line",[0,358.9,154.1,358.9,153.3,358.9,152.5,358.1,156.6,356.5,163.8,355.6,173.6,354.8,183.3,354.8,187.3]],["line",[0,356.5,149.3,353.2,153.3,347.5,159.8,341.9,169.5,336.2,178.4,334.6,183.3,337,181.7,340.3,176.8]],["line",[0,362.1,142,362.1,140.4,361.3,140.4,358.9,143.6,354.8,149.3,350,156.6,346.7,163.8,345.9,168.7]],["line",[0,365.4,145.2,364.6,145.2,363.7,146,363.7,149.3,362.9,157.4,362.9,171.1,363.7,184.9,365.4,195.4,367,201.9,367.8,199.5]],["line",[0,365.4,159.8,364.6,159.8,363.7,161.4,363.7,168.7,363.7,183.3,365.4,197.1,367,204.4]],["line",[0,373.5,145.2,372.7,146.8,371.8,149.3,372.7,152.5,374.3,160.6,376.7,174.4,378.3,189,379.9,195.4,380.8,192.2,379.9,189]],["line",[0,380.8,149.3,381.6,146.8,382.4,147.6,383.2,151.7,384.8,158.2,386.4,167.9,388.1,180.9,388.1,187.3,388.9,191.4,387.2,188.2,386.4,182.5]],["line",[0,387.2,139.5,387.2,137.9,388.1,137.9,390.5,142,392.9,150.9,397,164.7,401,176.8,403.4,182.5,405.1,180.9]],["line",[0,384.8,130.6,385.6,130.6,388.1,131.4,393.7,135.5,402.6,142.8,412.4,151.7,420.5,160.6,426.9,171.1,428.6,182.5,426.9,192.2,422.1,200.3,414.8,205.2,406.7,208.4,401.8,207.6,398.6,201.9]],["line",[0,369.4,139.5,369.4,137.9,370.2,136.3,374.3,134.7,380.8,133.9,388.9,136.3,397.8,145.2,406.7,159.8,411.5,176,414,187.3,415.6,194.6,414.8,201.1,411.5,207.6,405.9,214.1,397.8,219.7,389.7,223.8,387.2,222.2,387.2,214.1,388.9,200.3]],["line",[0,409.9,161.4,410.7,165.5,411.5,169.5,412.4,176,410.7,183.3,407.5,190.6,402.6,195.4,394.5,201.9,385.6,208.4,380.8,212.5,382.4,209.2,386.4,202.7,390.5,194.6]],["line",[0,400.2,171.9,400.2,171.1,399.4,169.5,396.2,167.1,391.3,167.9,384.8,171.9,378.3,177.6,373.5,182.5]],["line",[0,404.3,86.1,402.6,87.7,399.4,90.9,396.2,96.6,391.3,106.3,385.6,120.1,383.2,132.3,384,142]],["line",[0,414.8,88.5,415.6,89.3,416.4,90.1,418,93.4,418.8,100.7,416.4,112.8,410.7,122.5,404.3,131.4,396.2,137.9,389.7,142,387.2,142.8]],["line",[0,401,134.7,401,135.5,400.2,136.3,405.1,133.9,409.9,129,417.2,121.7,426.9,116.9,435,115.2,439.9,116.1,443.9,119.3,445.6,122.5,445.6,125,444.8,127.4,442.3,130.6,437.5,134.7,429.4,139.5,418,144.4,405.9,148.5,398.6,149.3,396.2,148.5,399.4,144.4,404.3,142.8,406.7,142]],["line",[0,375.1,203.5,375.9,204.4,376.7,204.4,379.1,205.2]],["line",[0,379.9,200.3,379.1,199.5,378.3,199.5,375.9,201.1,372.7,204.4,369.4,206.8,367,208.4]],["line",[0,372.7,206,369.4,206.8,368.6,207.6,366.2,208.4]],["line",[0,323.2,106.3,323.2,105.5,323.2,103.9,323.2,106.3,323.2,112,324.9,120.9,327.3,133.1,330.5,140.4,332.2,142,333,139.5,332.2,136.3,331.3,133.1]],["line",[0,325.7,107.1,324.9,106.3,324.1,106.3,324.1,108.8,326.5,113.6,329.7,120.9,333,128.2,336.2,131.4,337.8,129.8,337,127.4]],["line",[0,332.2,102.3,332.2,101.5,332.2,102.3,333,105.5,335.4,112.8,338.6,121.7,341.1,129.8,342.7,133.9]],["line",[0,343.5,107.9,344.3,110.4,345.1,116.9,346.7,125,349.2,131.4,350.8,133.1,349.2,130.6,348.4,126.6]],["line",[0,349.2,107.1,350,107.1,350.8,107.1,352.4,114.4,352.4,124.2,352.4,133.1,353.2,137.9,352.4,140.4,350,139.5]],["line",[0,315.9,107.1,315.9,107.9,318.4,110.4,323.2,117.7,329.7,128.2,334.6,136.3,340.3,140.4,344.3,142.8,346.7,143.6,346.7,140.4]],["line",[0,295.7,112.8,296.5,110.4,298.1,105.5,298.9,103.1,297.3,101.5,294.1,101.5,287.6,103.9,279.5,110.4,270.6,119.3,262.5,127.4,257.6,132.3,261.7,131.4]],["line",[0,312.7,108.8,313.5,108.8,315.1,107.9,312.7,110.4,307.8,113.6,300.6,117.7,290.8,124.2,283.5,129.8,280.3,133.1,287.6,132.3,293.3,129.8]],["line",[0,313.5,114.4,311.9,116.1,307.8,118.5,301.4,125,293.3,133.1,288.4,138.7]],["line",[0,290.8,103.1,289.2,103.9,285.2,106.3,281.1,110.4,278.7,112.8,282.7,112.8,290,108.8,298.9,104.7,309.5,102.3,323.2,102.3,337,104.7,342.7,107.1,344.3,109.6,342.7,113.6,338.6,117.7,334.6,120.9,333,122.5,330.5,121.7]],["line",[0,307,101.5,307,100.7,307,99.8,307.8,97.4,313.5,96.6,320,97.4,328.9,99.8,339.4,100.7,350,97.4,357.3,92.6,360.5,86.9,360.5,83.6,357.3,81.2,354,81.2,351.6,80.4,349.2,82.8,347.5,86.1,347.5,89.3,347.5,91.7,347.5,94.2,345.1,98.2,341.9,99.8,337,100.7,329.7,102.3,321.6,103.1,315.9,102.3,312.7,99,309.5,94.2,307,89.3,306.2,86.1,308.7,86.9,311.1,88.5]],["line",[0,311.1,88.5,313.5,90.1,317.6,91.7,323.2,94.2,333,95,344.3,93.4,354,89.3,360.5,84.5,362.9,82,362.9,79.6,358.9,81.2,354,83.6,350,86.1,342.7,89.3,332.2,94.2,324.9,96.6,321.6,95.8,317.6,95,313.5,94.2,310.3,93.4,308.7,91.7,313.5,91.7,320,89.3,329.7,85.3,341.1,78.8,348.4,73.1,352.4,69.9,354,66.6,353.2,63.4,350,63.4,348.4,67.4,346.7,69.9]],["line",[0,346.7,69.9,345.1,73.1,342.7,78,339.4,82,334.6,86.1,328.9,90.1,322.4,92.6,317.6,94.2,314.3,94.2,319.2,96.6,324.1,98.2,328.9,99.8,334.6,101.5,340.3,100.7,345.9,98.2,351.6,94.2,357.3,90.9,361.3,87.7,362.1,84.5,362.1,82,360.5,78.8,358.9,76.4,355.6,76.4,354,78.8,352.4,81.2,351.6,84.5,350.8,88.5,350.8,92.6,350.8,96.6,349.2,100.7,346.7,102.3]],["line",[0,273,125,278.7,118.5,283.5,112.8,286,110.4,281.1,109.6,276.3,110.4,271.4,112.8,266.5,118.5,262.5,126.6,260.9,133.9,261.7,137.9,264.9,137.9,269.8,136.3,274.6,130.6,278.7,123.3,281.9,116.1,281.9,107.9,281.9,101.5,281.1,97.4,278.7,97.4,275.4,99.8,272.2,103.9,269,109.6,265.7,118.5,262.5,133.1,261.7,146,261.7,152.5,262.5,154.9]],["line",[0,249.5,156.6,251.1,154.1,253.6,148.5,256,142,256.8,136.3,253.6,134.7,249.5,137.1,244.7,138.7,239.8,141.2,234.1,142.8,230.1,143.6,233.3,143.6,239,143.6,245.5,142.8,253.6,142,259.2,143.6,260.9,146.8,256,147.6,251.1,146.8,247.1,146,242.2,144.4,239.8,144.4,239.8,147.6,240.6,150.1,243,153.3,247.1,157.4]],["line",[0,336.2,147.6,335.4,149.3,332.2,154.9,326.5,163,322.4,168.7,318.4,172.8,315.9,175.2]],["line",[0,274.6,160.6,273.8,159.8,273.8,162.2,274.6,167.1,277.9,173.6,281.9,177.6,288.4,179.2,291.6,180.1,294.9,181.7]],["line",[0,285.2,180.9,286.8,180.9]],["line",[0,379.1,214.1,378.3,214.1,376.7,214.9,372.7,217.3,370.2,219.7,367.8,221.4,364.6,223,368.6,218.1]],["line",[0,374.3,215.7,371.8,217.3,370.2,218.1,368.6,219.7]],["line",[0,287.6,211.6,289.2,210,292.5,207.6,294.9,205.2,297.3,203.5,302.2,201.9,307,201.9,311.9,203.5,315.9,205.2,321.6,205.2,327.3,206.8]],["line",[0,359.7,227,360.5,227,362.1,227,365.4,229.5,370.2,234.3,376.7,241.6,382.4,248.1,388.1,250.5,391.3,250.5]],["line",[0,356.5,228.7,358.9,226.2,361.3,224.6,354,230.3,346.7,237.6,338.6,248.9,331.3,261.1,328.9,268.4]],["line",[0,362.9,240.8,361.3,241.6,357.3,244.9,350.8,253,341.1,263.5,329.7,273.2,320.8,280.5,318.4,282.9,321.6,282.9]],["line",[0,385.6,254.6,385.6,253.8,386.4,254.6,389.7,256.2]],["line",[0,301.4,235.1,297.3,240.8,294.1,248.9,290.8,261.1,288.4,276.5,288.4,291,288.4,302.4,288.4,305.6,288.4,303.2]],["line",[0,269.8,326.7,267.3,325.9,264.9,324.3,261.7,323.4,256,322.6,248.7,322.6,239,325.9,228.5,331.5,219.5,339.6,213.9,345.3,213.1,347.7]],["line",[0,215.5,362.3,214.7,363.1,213.1,368,213.1,377.7,212.3,392.3,211.4,407.7,211.4,419]],["line",[0,307.8,329.1,303.8,335.6,298.9,346.9,291.6,365.6,286,389.9,281.9,415.8,281.1,438.5,281.1,453.1,281.9,458.7]],["line",[0,280.3,456.3,280.3,457.1,279.5,458.7,279.5,461.2]],["line",[0,264.1,163,264.1,163.8,264.1,165.5,265.7,167.1,269.8,169.5,277.1,171.9,287.6,172.8,300.6,172.8,311.9,171.9,321.6,171.9,328.1,172.8,330.5,174.4,327.3,176,322.4,176.8]],["line",[0,312.7,181.7,313.5,181.7,313.5,