{"nickname":"XP","round":{"tip":1,"started":1676131240032,"logs":[["colour",["#fff"]],["line",[8,164.1,310.9,6.265691986796561,155.9,316.4,6.100631439090046,149.5,321.4,5.924060052299441,144,325.9,5.783763277846241,137.2,330.5,5.585782196611615,132.6,335.5,5.48195956476092,129.5,340.5,5.374823752349936,126.3,346,5.264305011398351,123.1,351,5.207755047812311,121.7,356,5.150332867384415,120.8,361,5.092029547277345,119,367.9,5.032836119244947,117.2,373.8,4.972743569632222,116.2,378.8,4.972743569632222,117.2,383.4,4.972743569632222,118.5,389.7,5.032836119244947,120.8,395.2,5.092029547277345,123.5,399.3,5.207755047812311,125.8,403.4,5.264305011398351,130.8,408.4,5.428810148345919,137.7,412.5,5.6364726674070305,146.8,415.3,5.878057590483637]],["line",[8,146.8,415.3,5.878057590483637,154.5,418,6.057587968871517,163.6,418.5,6.265691986796561,170,421.2,6.3822415367976975,176,423,6.528381884386174,184.2,423.9,6.664390005320148,190.5,424.4,3.3210467848190834,198.3,424.8,3.6478313978696058,209.7,424.8,4.105536225845814,221.1,424.8,4.526153635217989,227.5,423.9,4.786980373629528,236.1,423,5.092029547277345,248,422.6,5.428810148345919,255.7,420.3,5.6364726674070305,262.6,415.3,5.831294776506706,269.9,411.2,6.013817022493076,275.3,408,6.142955538626869,284,403.4,6.344065989203813,291.3,397.9,6.492815680309816,294.5,395.2,6.563314881057675,295.8,391.6,6.563314881057675,298.1,386.1,6.631311449065791]],["line",[8,298.1,386.1,6.631311449065791,299.9,382.9,6.664390005320148,300.9,379.7,6.664390005320148,302.7,373.8,6.696865324005135,303.1,366.5,6.696865324005135,302.2,361.5,6.696865324005135,300.9,356.9,6.664390005320148,299.5,352.4,6.631311449065791,296.8,347.8,6.597622230896451,293.1,343.7,6.528381884386174,289.9,339.1,6.45660866284763,283.5,333.7,6.344065989203813,277.2,329.6,6.184568327551352,273,325.9,6.100631439090046,268,322.7,5.969310449067679,263,320.5,5.831294776506706,257.5,317.7,5.686360669340906,255.7,316.4,5.6364726674070305,252.5,315,5.585782196611615,244.3,313.6,5.3199916355710135,237.5,312.3,5.092029547277345,230.7,312.3,4.911742839375334]],["line",[8,230.7,312.3,4.911742839375334,227,313.2,4.786980373629528,219.7,311.8,4.526153635217989,210.1,310.4,4.105536225845814,198.7,310.9,3.6478313978696058,183.2,311.3,6.664390005320148,167.3,312.3,6.344065989203813,157.3,316.4,6.100631439090046]],["line",[8,142.7,383.4,5.735454716571002,146.3,383.4,5.831294776506706,153.2,383.8,6.013817022493076,160,386.6,6.184568327551352,162.7,388.8,6.22547782052402,161.4,393.8,6.22547782052402,155.4,397.5,6.057587968871517,150,400.2,5.924060052299441,144.5,397.9,5.783763277846241,144.5,394.8,5.783763277846241,145.4,391.6,5.831294776506706,148.1,387,5.878057590483637,153.6,383.4,6.013817022493076,160,381.1,6.184568327551352,166.4,381.1,6.305218750211823,170,381.5,6.3822415367976975,170.9,383.4,6.419753180609807,170.5,385.6,6.419753180609807,167.7,388.4,6.344065989203813,165,391.6,6.305218750211823,162.7,392.5,6.22547782052402,160,392,6.184568327551352]],["line",[8,160,392,6.184568327551352,155.4,388.4,6.057587968871517]],["line",[8,262.6,401.6,5.831294776506706,261.2,398.9,5.783763277846241,262.1,396.6,5.831294776506706,268.9,393.4,6.013817022493076,274.9,391.1,6.142955538626869,279.9,389.7,6.265691986796561,284.9,388.4,6.344065989203813,288.1,389.3,6.419753180609807,290.4,391.6,6.45660866284763,288.5,393.4,6.419753180609807,284,396.1,6.344065989203813,277.6,397.9,6.184568327551352,268.9,398.4,6.013817022493076,263.9,397.5,5.878057590483637,259.8,395.7,5.783763277846241,257.5,393.4,5.686360669340906,256.6,390.2,5.686360669340906,258.9,388.4,5.735454716571002,266.2,388.4,5.924060052299441,273,387.9,6.100631439090046,276.2,389.3,6.184568327551352,273,391.6,6.100631439090046]],["line",[8,273,391.6,6.100631439090046,267.6,392.5,5.969310449067679,265.3,392.5,5.924060052299441,262.1,391.6,5.831294776506706,258.5,391.6,5.735454716571002]],["colour",["#f8c94e"]],["line",[8,147.7,400.2,5.878057590483637,150.4,398.4,5.969310449067679,152.7,397,6.013817022493076,159.1,394.8,6.142955538626869,161.4,394.3,6.22547782052402,164.1,394.3,6.265691986796561,157.7,393.8,6.142955538626869,153.6,392,6.013817022493076,150.9,389.3,5.969310449067679,150,387,5.924060052299441,154.5,383.8,6.057587968871517,160.9,381.1,6.184568327551352,165.9,380.2,6.305218750211823]],["line",[8,280.3,392.9,6.265691986796561,279.4,395.7,6.22547782052402,279.4,398.4,6.22547782052402,279.9,400.7,6.265691986796561,278.5,403,6.22547782052402,274.9,402.5,6.142955538626869,268,401.1,5.969310449067679,262.6,397.9,5.831294776506706,258.9,395.7,5.735454716571002,256.2,391.6,5.686360669340906,258,389.3,5.735454716571002,261.7,388.4,5.831294776506706,265.3,388.4,5.924060052299441,263,390.2,5.831294776506706]],["colour",["#222"]],["line",[8,155.9,349.2,6.100631439090046,163.6,350.1,6.265691986796561]],["line",[8,169.1,359.7,6.3822415367976975,172.8,356.9,6.45660866284763,184.6,355.1,6.664390005320148]],["line",[8,170.5,352.4,6.419753180609807,174.1,352.4,6.492815680309816,180.5,353.3,6.597622230896451,188.3,353.7,6.728744784057522]],["line",[8,176.9,344.2,6.528381884386174,173.2,343.7,6.45660866284763,178.2,343.2,6.563314881057675]],["line",[8,172.8,342.3,6.45660866284763,180.1,345.1,6.597622230896451]],["line",[8,190.5,346.4,3.3210467848190834,192.8,354.2,3.404411344160346,194.6,357.8,3.486656934978342]],["line",[8,186,341.4,6.696865324005135,189.6,346.4,6.760035719005243,191.9,350.1,3.3210467848190834]],["line",[8,201.9,345.1,3.8046500930546285]],["line",[8,270.8,343.2,6.057587968871517,274.9,342.8,6.142955538626869,279,342.3,6.22547782052402,274,341.4,6.100631439090046,263.9,341.4,5.878057590483637,256.2,343.2,5.686360669340906,253.9,345.1,5.585782196611615]],["line",[8,266.7,348.7,5.924060052299441,263.9,349.6,5.878057590483637,261.2,350.5,5.783763277846241]],["line",[8,271.7,363.8,6.057587968871517,273,361,6.100631439090046,272.1,363.3,6.057587968871517,273,365.1,6.100631439090046,274,369.7,6.100631439090046,274.4,372.4,6.142955538626869]],["line",[8,262.6,349.6,5.831294776506706,262.6,352.4,5.831294776506706,268.9,355.6,6.013817022493076,275.8,356.5,6.142955538626869,279.9,356.5,6.265691986796561]],["line",[8,257.5,351.9,5.686360669340906]],["line",[8,263,357.4,5.831294776506706]],["colour",["#fff"]],["line",[8,130.8,330.5,5.428810148345919,131.7,327.7,5.428810148345919,130.4,325,5.428810148345919,131.7,317.7,5.428810148345919,132.2,308.1,5.48195956476092,131.7,299.9,5.428810148345919,133.6,289.9,5.48195956476092,135.4,277.2,5.534280697388058,136.8,266.2,5.585782196611615,139.5,258,5.686360669340906,142.2,252.1,5.735454716571002,145,248.4,5.831294776506706,148.1,247.1,5.878057590483637,154.1,248,6.057587968871517,163.6,251.2,6.265691986796561,175.5,259.4,6.492815680309816,187.8,272.6,6.728744784057522,199.7,286.7,3.726780249833312,209.7,300.4,4.105536225845814]],["line",[8,254.8,325.9,5.6364726674070305,250.7,323.2,5.534280697388058,248.9,318.2,5.48195956476092,253,310.9,5.585782196611615,263.9,298.1,5.878057590483637,268.5,292.6,5.969310449067679,277.6,286.3,6.184568327551352,281.7,280.8,6.305218750211823,286.3,276.7,6.3822415367976975,292.2,272.6,6.492815680309816,298.1,269.4,6.631311449065791,303.1,267.1,6.696865324005135,308.6,265.3,3.3210467848190834,313.6,264.4,3.5677936153315484,319.5,263.9,3.8046500930546285,322.7,266.2,3.9571922135537347,319.1,276.2,3.8046500930546285,311.3,296.3,3.486656934978342,307.2,320.9,3.3210467848190834,304.5,346.9,6.728744784057522,305,359.7,6.728744784057522]],["line",[8,277.2,290.4,6.184568327551352,280.3,291.7,6.265691986796561,283.1,293.6,6.305218750211823,289.9,298.6,6.45660866284763,298.1,307.2,6.631311449065791,296.8,310.4,6.597622230896451,297.2,314.1,6.597622230896451,295.4,315.9,6.563314881057675,291.7,316.8,6.492815680309816]],["colour",["#f8c94e"]],["line",[8,285.4,309.1,6.3822415367976975,290.4,305,6.45660866284763,294.9,299.9,6.563314881057675,298.6,297.2,6.631311449065791,305,301.3,6.728744784057522,306.3,307.7,6.760035719005243,304,313.2,6.728744784057522,299.9,316.8,