{"nickname":"ç»ªå±±çœŸå¯»","round":{"tip":2,"started":1678299226147,"logs":[["msg","rlgm12fcnh2",1678299227283,"å‚æ˜ç¡ä¸­"],["width",[2],1678299234580],["line",[27,253.9,188.4,-45.75184527057419,255,189.2,-779.6481453853651,257,191.7,-666.3111607763095,259.9,194.5,-423.48631093096293,262.1,197.3,-363.2375915951309,263.8,200.3,-340.99759581835866,264.8,202.8,-324.9851204762602,265.7,206.7,-398.5696229309944,265.8,210.3,-324.9851204762602,266.1,212.8,-294.6193705896876,266.1,214.4,-314.62063151253915,266.4,215.8,-319.7721516536968,266.7,217,-304.5,267,218.2,-289.76786027628594,267.3,219.4,-330.26002469883036,267.9,220.9,-357.58074636230765,269.1,222,-363.2375915951309,270.3,223.5,-319.7721516536968,272.4,225,-294.6193705896876,275.3,226.4,-392.5128309801251,277.4,227.6,-410.88903281469436,279.4,228.8,-497.9252781733928,281.8,231.1,-368.9598330179633,283.5,232.5,-357.58074636230765,285,233.7,-386.5239648119042,286.5,234.9,-410.88903281469436,287.9,236.4,-429.8905989037503,289.1,237.3,-330.26002469883036,290,238.2,-289.76786027628594,290.6,239,-248.6833653959539,291.8,240.2,-9.722678142458555]],["revoke",null,1678299239146],["msg","w5kj4sy0y1e",1678299239762,"è¢«ç­”æ¡ˆå“é†’"],["line",[0,255.1,198.8,258.1,201.3,260.8,204.7,265.3,211.5,267.3,216.1,268.7,221.1,269.8,226.5,270,232.6,270.3,235.6,270.6,238.3,270.9,240.2,271.5,242.7,272.4,244.7,273.6,247.1,276.4,250.8,278.4,252.6,280.4,254.6,283.2,256.4,284.8,257.5,286.9,258.4,288.3,259,289.8,259.5,291.3,259.9,292.7,260.4,295.1,261,298,261.6,300.4,262.2,302.7,262.8,304.8,263.7,306.3,264.3,307.8,265.1,309,265.7]],["line",[0,309,265.7,310,266.1,311.1,266.7,312.6,266.4,313.7,266.2,314.9,265.9,316.4,265.6,317.6,265.1,318.7,264.8,320.3,264.5,322,263.6,324.1,263,325.9,262.4,329.2,261.2,331.5,260,334.8,258.2,339.2,255.3,342.5,253.2,343.7,252.1]],["line",[0,267.3,203.3,268.7,202.7,272.2,201.7,273.8,201.2,275.9,200.6,279.3,200,282.8,199.1,291.1,198.8,293.9,199.7]],["line",[0,270.5,204.4,271.9,203.7,276,202.5,280.5,201.3,285.4,200.6,292.6,201,295.4,201.5]],["line",[0,278.5,208.3,278.8,211.1,279.1,212.4,280.6,214,283.3,215.1]],["line",[0,298.1,202.4,296.1,207,295.3,208.9]],["line",[0,286.2,198.2,291,196.1]],["line",[0,260.4,186.4,267.9,185.8,269,185.8,270.8,185.8,273.6,185.6,276.1,185.8]],["line",[0,320.6,193.8,322.5,193.8,326.2,192.4,333.1,190.6,340.3,188.9,346.6,187.4,349.9,186.7]],["line",[0,325.3,194.1,327.3,193.5,332.4,192,337.6,190.5,342,189.7,345,189.2,346.9,188.9,348.3,188.7,349.8,188.7,352.7,188.7]],["line",[0,319.7,194.7,322.8,194.2,329.3,193.3,336.5,192.7,341.5,192.1,345.7,192.3,348.4,192.1,351.2,192,355,191.4]],["line",[0,328.9,199.4,329.2,200.9,329.8,203.6,331,206.5,332.1,210.4,333,212.1,333.3,213.3]],["line",[0,350.5,192.6,349.9,194,349,196.7,348.2,198.9]],["revoke",null,1678299249411],["revoke",null,1678299249588],["line",[0,333,192.9,333,195.7,333.5,198,334.4,200.5,335.1,203.1,336.8,206.4,338.2,208.4,339.5,210.1,341.4,211.9]],["line",[0,352.6,190.5,352.8,192.1,353.2,194.7,353,197.8,352.4,200.8,351.5,203.3,350.7,205.1,350,206.3]],["line",[0,327.7,190.2,333.9,189,335.1,188.7]],["line",[0,314.1,185.5,317,184.6,319.3,183.4,321.9,182,325.2,180.5,328.4,179,335.3,176.8,340.6,174.5,345.1,172.3,348.1,170.7]],["line",[0,294.8,221.9,295.9,222.9]],["line",[0,300.7,239.4]],["line",[0,318.5,241.8,322.1,240.9,326.5,239.7,330.4,238.2]],["colour",["#25c9ff"]],["line",[0,314.7,159.7,311.7,161,309.3,162.7]],["line",[0,276.7,150.2,276.7,153.5,277,159.9,278.2,170.8,282.6,181.8,289.9,193.7,297.1,201.7,301.9,205.7,305,208.1,308.7,212.1]],["line",[0,293.6,179.6,294.3,183.3,296.8,192.9,298.8,195.2,299.7,196.6,301.6,198.5]],["line",[0,296.9,181.3,299,184.1,304.7,192.7,309,198.5,313.7,203.2,318.1,206.5,320.8,208.5,321.8,209.2]],["line",[0,309.3,149.9,309.8,157.9,312.4,172.5,316.6,186.5,320.1,197,322.2,201.2,323.6,204.5,324.9,207.5,327.9,212.2]],["line",[0,308.4,145.5,309.6,146.3,318.6,152.6,331.2,161.7,341.6,171.8,347.7,177.9,354.7,183.8,359.8,188.2]],["line",[0,336.3,143.1,338.3,147.8,341.8,156,346.8,165.5,350.9,174.4,353.6,179.1,357.9,182.3]],["line",[0,357.9,141.9,358.2,143.7,359.4,151.1,360,158.3,359.1,167.6,358.5,175,357.1,184.6,355.6,196.6,354.4,204.1,352.4,212.6,350.5,217.7,348.9,221.6,347.5,224.3,344.9,227.5,342.8,229.9,341.4,231.4,339.7,232.2,338.9,233,337.6,233.9,339.7,235.6,342.7,236.3,348.4,234.1,352.7,231.7,357,228.7,368.2,212.5]],["line",[0,367.1,211.6,366.7,213.2,365.1,217.6,362.7,225.1,359.7,236.1,355.1,249.8,351.8,258.8,345.4,283.8]],["line",[0,272,146.7,269.5,149.8,266.6,153.7,263,158.1,258.9,164.1,256.1,171.6,253.7,177.1,252.4,185.2]],["line",[0,268.7,118.2,265.2,119.5,260.8,121.5,255.3,124.6,249.1,129.5,243.6,134.8,235.4,142.5,228.4,150.2,220.6,159.7,216.6,168.5,213.6,176.1,211.4,184.5,210.1,191.9,209.8,195.3,210.2,197.8,210.5,199.8,211.5,202.6,212.9,210.2,214.4,213.6,215.2,216,215.8,217.7,216.4,219.2,217,220,217.5,221.7,218.1,222.9,219,223.7,220.2,223.7,223.2,218.8,226.6,208.6,229.6,199.9,231.9,192.2]],["line",[0,239.4,182.2,237.5,188.5,235.7,197.3,235,206.1,235.7,214.8,237.9,222.5,241,229.2,244.1,233.1,250.9,238.2,253.6,240]],["line",[0,255.4,227.6,259.5,229.4,262.8,230.8,264.9,231.5,266.7,232.1,267.6,232.6]],["line",[0,254.2,221.6,257.1,227,259.7,231]],["line",[0,258.4,119.1,259.6,117.4,263.6,111.2,272.3,102.5,282.9,94.7,290.1,89.4,301.1,84]],["line",[0,256.6,117.6,261.3,113.7,266.9,109.6,273.9,105.3,281.8,101.8,288,100,293.9,99,301.2,99,306,99.5,309.6,100.1,313.3,100.7,315.2,101.2,316.8,101.5,318.5,101.8,320,101.9]],["line",[0,310.8,102.5,312.3,101.9,319.1,100.3,324,98.5,328,96.8,330.8,94.7,333.1,93.3,336.8,92.2,340.6,91.3,345.6,91.5,353.5,93.7,362.7,97.8,371.8,102.4,375.4,104]],["line",[0,361.8,104.6,364.1,106.5,368.7,110.9,374.2,115.7,377.2,118.3,379.3,120.2,381.5,123.8,383,126.3]],["line",[0,379.9,109.6,381.9,107.9,384.5,106.4,388,104.7,395.1,102.4]],["line",[0,395.3,106.7,398,105,401.3,102.8,404.1,101,405.3,100.5,408.6,99.9,413.7,100.4,421.5,102.4,423.4,103.1]],["line",[0,408.9,110.2,404.8,115.2,401.5,118.2,398.8,121.8,395.8,124.5,393.2,125.6,392.3,126.2,391.4,125.7,390.8,122.3,393.6,112.3,398.3,100.9,402.6,92.4,406.3,87.4,410.3,84.1,415.2,81.9,420,81.4,429.4,84.2,434.1,88.3]],["line",[0,404.4,124.1,404.3,127.4,403.1,133.5,399.6,141.6,394.3,154.8,390.4,169.7,389.4,180,388.9,191.8,389.4,197.5,389.3,203.5,389.3,207.5,389.6,211.6,389.9,213.2,392,214]],["line",[0,439.7,121.8,440.2,128.2,440.3,134.5,440.2,145,440.8,157.6,441.9,169.4,442.4,178.4,442.1,181.3]],["line",[0,396.7,196.1,397.3,198.4,399.3,206.7,402.1,217.2,405,226.8,408.2,237.7,412.9,246.6,416.9,254.8,419.1,259.1,420.3,261.4,421.3,263,422.2,264.3]],["line",[0,442.4,192,440.9,202.6,440,219.8,439.1,235.7,438,254.8,437.4,272.5,436,283.5,434,291,432.4,294.2,431.7,295.1]],["line",[0,419.9,249.2,419.2,251,415.6,258.8,408.6,271.8,399.1,289.9,392.1,306.3,386.3,323.9,380.6,342.4,377.1,361.5,376.9,372.7,377.6,385.1,381.5,398,385.7,406.5,392.5,415.5,396.2,418.4,400.8,421,402.7,421.3]],["line",[0,428.7,306.4,427.3,314.4,424.7,327.6,422.4,340.7,420.7,352.7,421.1,365.7,423,378,425.3,387.7,427.6,397,431.4,405.5,436.7,415.2,440.4,421.9,443.8,426.1,445.6,428.5,449,431.5,450.9,433.4]],["line",[0,248.9,112.6,247.7,111.4,245.4,110,243,108.8,241.3,108.2,238.9,108.1,235,109.8,231.7,111.8,229.2,113.6,227.7,115.4,226.5,117.7,225.6,122.4,225.4,127.9,225.5,131.7,227.9,136.6]],["colour",["#222"]],["line",[0,362.7,84.7,363.9,91.6,365.6,102.7,366.9,114,368.6,126.4,369.7,135.1,370.7,141.9,372.3,147.7,374.5,152.9,376.6,155.6]],["line",[0,362.7,85.9,365.5,84.3,368.5,83.2,370.8,82,373.1,81.1,376.1,80.3,377.8,79.4,379,79.1,380.1,78.8,381.3,78.8,382.2,79.9,384.7,85.7,386.8,93.5,388.4,100.8,389.5,108.8,390.7,115,392,120.9,394.1,127.2,396,131.5,397,134.2,397.8,136.2,398.8,138.1]],["line",[0,368,148.1,381.9,147.2,386.1,147.3]],["line",[0,248,115.9,245.8,118.6,243.8,122.1,242.1,125,241.2,126.8,240.6,128.3]],["line",[0,259,83,257.4,88.2,253.2,98,248.1,110,245.2,116.9,243.6,120.3,242.5,122.3,241.6,124.1]],["line",[0,259.6,85,261.3,85,264.5,84.5,267.5,83.9,270.1,83,271.9,82.7,273.7,82.1,