{"nickname":"重生之我在异世界卖炒粉𓅔","round":{"tip":2,"started":1674968899444,"logs":[["leave","g6z8o77nb03",1674968902255],["line",[8,290.4,116.8,2.2296692249518246,289.6,112.8,2.8870842495982227,285.6,111.2,2.8870842495982227,281.7,112.4,2.8870842495982227,278.8,113.6,3.0641380339383044,276.4,116.8,3.0641380339383044,274.8,119.7,3.0641380339383044,273.6,122.9,3.0641380339383044,272,126,3.0641380339383044,270.4,129.3,3.0641380339383044,269.2,132.1,3.0641380339383044,268,134.8,3.0641380339383044,267.2,138.1,3.0641380339383044,266.8,140.9,3.0641380339383044,266,143.6,3.0641380339383044,266,146,3.0641380339383044,266.4,148,3.0641380339383044,266.8,150,3.0641380339383044,269.3,153.7,3.0641380339383044,271.3,155.3,3.0641380339383044,273.3,156.9,3.0641380339383044,276.1,158,3.0641380339383044]],["line",[8,276.1,158,3.0641380339383044,278.5,159.1,3.0641380339383044,281.7,160,3.0641380339383044,285,160.8,3.0641380339383044,288.1,161.6,3.0641380339383044,291.4,161.6,3.0641380339383044,295,160.8,3.0641380339383044,297.7,159.1,3.0641380339383044,301,156.7,3.0641380339383044,303.3,154.3,3.0641380339383044,305.7,150.6,3.0641380339383044,308.2,146.9,3.0641380339383044,309.7,143.5,3.0641380339383044,310.9,139.8,3.0641380339383044,311.7,137.4,3.0641380339383044,312.9,133.9,3.0641380339383044,312.4,131.1,3.0641380339383044,311.1,127.9,3.2365531534872334,309.1,124.7,3.2365531534872334,307.8,123,3.2365531534872334,305.5,120.3,3.2365531534872334,302.6,118.3,3.404411344160346]],["line",[8,302.6,118.3,3.404411344160346,300.6,117.5,3.404411344160346,298.6,116.7,3.404411344160346,295,116,3.486656934978342,292.9,115.1,3.5677936153315484,290.5,115.2,3.6478313978696058,287.9,115.2,3.6478313978696058]],["line",[8,288.8,166.4,2.5187299306268702,290.4,169.5,2.5187299306268702,290.8,176.4,2.5187299306268702,290.8,183.6,2.5187299306268702,290.8,189.3,2.5187299306268702,289.8,193.9,2.5187299306268702,289,199.9,2.5187299306268702,287.8,206.4,2.5187299306268702,285.6,212.6,2.5187299306268702,282.6,219.1,2.5187299306268702,279.3,226.9,2.5187299306268702,276,234.2,2.5187299306268702,271.5,242.3,2.5187299306268702,266.3,249.9,2.5187299306268702,260,258.6,2.5187299306268702,252,267,2.5187299306268702,245,274.7,2.5187299306268702,236.1,282.9,2.5187299306268702,226.4,290.4,2.6126254913168268,217.2,296.8,2.705309338010215,209.5,301.7,2.705309338010215,204.8,304.2,2.705309338010215]],["line",[8,204.8,304.2,2.705309338010215,200.2,306.4,2.705309338010215]],["line",[8,274.4,233.2,1.7226806286929328,278.6,239,2.705309338010215,283.1,241.8,2.705309338010215,286.2,243.4,2.705309338010215,287.8,245.4,2.705309338010215,289.1,247.7,2.705309338010215,290.3,251.1,2.705309338010215,291.1,254.8,2.705309338010215,291.9,258.4,2.705309338010215,292.4,261.3,2.705309338010215,292.7,264.4,2.705309338010215,292.8,267.2,2.705309338010215,292.8,270.7,2.705309338010215,292.8,274.3,2.705309338010215,292.5,278,2.705309338010215,292.1,281.6,2.705309338010215,292,284.8,2.705309338010215,291.3,288.1,2.705309338010215,290.9,291.6,2.705309338010215,290.5,295.3,2.705309338010215,289.7,298.1,2.705309338010215,288.9,300.9,2.705309338010215]],["line",[8,288.9,300.9,2.705309338010215,288.1,303.3,2.705309338010215,287.3,306.5,2.705309338010215,286.5,309,2.705309338010215,285.7,311.4,2.705309338010215,284.5,313.4,2.705309338010215,283.7,315.5,2.705309338010215,281.7,318.3,2.705309338010215,280.1,321.1,2.705309338010215,278.5,322.8,2.705309338010215,277.6,325.5,2.705309338010215]],["line",[8,290,217.2,2.3272624663233126,290.4,216.4,2.3272624663233126,294.8,212.8,2.3272624663233126,303.3,208.4,2.3272624663233126,312.5,201.5,2.3272624663233126,321,192.6,2.3272624663233126,329.9,182.5,2.3272624663233126,338.7,170.8,2.3272624663233126,347.4,158.1,2.3272624663233126,355.5,144.7,2.3272624663233126,363.5,130.7,2.3272624663233126,371.9,116.3,2.3272624663233126,379.9,101.3,2.3272624663233126,387.5,86.2,2.3272624663233126,393.4,73.1,2.3272624663233126,397.3,62,2.3272624663233126]],["line",[8,290,217.2,2.4236125005601146,290,215.6,2.4236125005601146,287.6,212.8,2.4236125005601146,283.9,213.2,2.4236125005601146,281.7,213.7,2.4236125005601146,279.5,214,2.4236125005601146,276.5,214.9,2.4236125005601146,272.8,216.1,2.4236125005601146,270.4,216.9,2.4236125005601146,266,218.1,2.5187299306268702,263.1,218.5,2.5187299306268702,260.2,219.9,2.5187299306268702,256.9,220.6,2.5187299306268702,253.2,221.4,2.6126254913168268,249.6,222.2,2.705309338010215,245.7,223.3,2.705309338010215,241.1,224.2,2.705309338010215,236.6,225.9,2.705309338010215,232.5,227.1,2.8870842495982227,228.9,227.8,2.8870842495982227,224.8,228.6,2.8870842495982227,220.2,229.4,2.8870842495982227]],["line",[8,220.2,229.4,2.8870842495982227,215.8,230.6,2.8870842495982227,212.5,231.9,2.8870842495982227,208.4,233.1,2.8870842495982227,204.3,234.3,2.8870842495982227,199.9,235,2.976196111742391,195.9,236.7,3.0641380339383044,192.5,237.9,3.0641380339383044,188.3,239.2,3.0641380339383044,184.9,240.4,3.0641380339383044,181.3,241.6,3.0641380339383044,177.7,241.8,3.2365531534872334,174.8,242.6,3.2365531534872334,172,243.4,3.2365531534872334,169.8,243.6,3.2365531534872334,167,244.2,3.2365531534872334,164.2,244.6,3.2365531534872334,161.8,244.8,3.2365531534872334,159,245.8,3.2365531534872334,156.6,246.2,3.2365531534872334,154.2,246.4,3.2365531534872334,150.8,247.2,3.2365531534872334]],["line",[8,150.8,247.2,3.2365531534872334,149.8,247.8,3.2365531534872334]],["colour",["#25c9ff"]],["width",[10],1674968915295],["line",[8,282.8,321.6,2.130822128072171,282.8,322.5,2.976196111742391,279.4,325.4,3.1509203012886395,272.7,327.8,3.3210467848190834,267.6,331.5,3.486656934978342,265.6,337.8,3.726780249833312,277.6,342.5,3.726780249833312,295,340.5,3.726780249833312,319,331.1,3.726780249833312,348,315.2,3.726780249833312,377.5,295.9,3.726780249833312,408.8,276.4,3.726780249833312,438.5,257.7,3.726780249833312,466.7,240.5,3.726780249833312,490.8,226.2,3.726780249833312,512,214.9,3.726780249833312,529.5,206.2,3.726780249833312,542.7,200.5,3.726780249833312,552.8,196.7,3.726780249833312,558.5,195,3.726780249833312,558.9,199.3,3.726780249833312,550.3,208.7,3.726780249833312]],["line",[8,550.3,208.7,3.726780249833312,530.2,225.6,3.726780249833312,501.4,249.2,3.8046500930546285,470.5,271.8,3.8046500930546285,436.5,294.5,3.8814508039566755,402.4,317.8,3.9571922135537347,371.4,339.3,4.031884107451247,348,356.4,4.031884107451247,331.9,371.2,4.031884107451247,322.9,381.8,4.105536225845814,318.1,391.5,4.105536225845814,316,401.6,4.105536225845814,318.5,411.9,4.105536225845814,329,419.1,4.105536225845814,348.9,422,4.105536225845814,377,419.1,4.105536225845814,411.3,408.2,4.105536225845814,449.1,391.8,4.105536225845814,489.2,373.2,4.105536225845814,529.5,355.2,4.105536225845814,565.3,340.9,4.105536225845814,593,333.9,4.105536225845814]],["line",[8,593,333.9,4.105536225845814,611.6,332.3,4.105536225845814,619.8,335.4,4.105536225845814,619.6,342.2,4.105536225845814,605.1,358,4.105536225845814,574,384.3,4.105536225845814,537.9,416,4.105536225845814,497.9,451.5,4.105536225845814,460.5,488.7,4.105536225845814,428.1,523.2,4.105536225845814,400.8,561.8,4.105536225845814,384.2,594.2,4.105536225845814,380,614,4.105536225845814]],["width",[4],1674968924124],["width",[20],1674968925668],["line",[8,212.4,315.2,2.3272624663233126,211.9,314.7,2.4236125005601146,206.6,313.9,2.5187299306268702,198.9,314.9,2.5187299306268702,192.2,316.1,2.5187299306268702,187.6,317.3,2.5187299306268702]],["line",[8,166.8,315.2,1.826650539516832,166.8,313.7,1.826650539516832,161.9,309.3,1.9293235472502523,153.5,306.3,1.9293235472502523,146.4,302.7,1.9293235472502523]],["revoke",null,1674968928319],["width",[4],1674968929189],["line",[8,174.4,303.6,2.030710481902033,172.5,302.4,2.3272624663233126,166.6,296.2,2.3272624663233126,160.2,284.5,2.3272624663233126]],["line",[8,189.6,294,2.6126254913168268,185.1,290.7,2.6126254913168268,180.7,276.1,2.6126254913168268]],["line",[8,198.8,284,2.3272624663233126,198.8,283.5,2.3272624663233126,196.2,276.7,2.3272624663233126,