{"nickname":"炒粉𓅔","round":{"tip":2,"started":1674976017236,"logs":[["line",[8,172,148.4,3.3210467848190834,173.4,145.5,3.3210467848190834,191.4,123.1,3.3210467848190834,203.1,109.6,3.3210467848190834]],["line",[8,172,148.4,1.617402939360879,169.8,147.1,2.705309338010215,165.9,137.1,2.976196111742391,168.1,103.1,3.1509203012886395,170,87.7,3.2365531534872334]],["line",[8,172,148.4,1.617402939360879,171.1,148.9,1.617402939360879,168.7,148.7,2.4236125005601146,162.8,146.7,2.705309338010215,156.2,146.4,2.7967921169942827,152.2,147.9,2.8870842495982227,146,151.6,2.976196111742391,144.8,153.3,3.0641380339383044,152.5,159.1,3.0641380339383044,157.8,160.1,3.0641380339383044,165.9,157.2,3.0641380339383044,168,154.8,3.0641380339383044,165.5,152.6,3.0641380339383044,159.5,153.4,3.0641380339383044,157.1,154.2,3.0641380339383044,154.6,156.7,3.0641380339383044,156.4,162.8,3.0641380339383044,158.9,163.8,3.0641380339383044,163.3,163.6,3.0641380339383044,172.9,158.9,3.0641380339383044,175.3,156.3,3.0641380339383044,176.8,154.2,3.0641380339383044]],["line",[8,176.8,154.2,3.0641380339383044,175.6,154,3.0641380339383044,171.9,154.4,3.0641380339383044,165.4,156.4,3.0641380339383044,165.6,159.2,3.0641380339383044]],["line",[8,168,152.8,1.510806550694154,166.6,152.8,2.3272624663233126,164,157.4,2.3272624663233126,166.6,163.5,2.5187299306268702,170.6,173.3,2.6126254913168268,176.2,187.1,2.705309338010215,179.6,195.3,2.705309338010215,188,213.8,2.705309338010215,191.6,222.1,2.705309338010215,197.2,234.2,2.705309338010215,200,239,2.705309338010215,204.7,246.4,2.705309338010215,206,248.4,2.705309338010215,208.6,248.3,2.705309338010215]],["line",[8,206.8,248.8,2.130822128072171,208.4,248.8,2.8870842495982227,217.2,247.8,2.8870842495982227,234.4,243.5,2.8870842495982227,244,241.3,2.8870842495982227,260.2,239.6,2.8870842495982227,272,240.6,2.8870842495982227,276.7,240.4,2.8870842495982227,283.3,239.4,2.8870842495982227,286.2,238.8,2.8870842495982227,293.3,244.7,2.8870842495982227,300.2,250.7,2.8870842495982227,317.6,266.1,2.8870842495982227,327.6,274.1,2.8870842495982227,332,276,2.8870842495982227]],["line",[8,206.8,248,2.3272624663233126,208.3,250.9,2.705309338010215,211.4,257.6,2.705309338010215,221.6,277.6,2.705309338010215,234.9,303.8,2.705309338010215,241,315.1,2.705309338010215,247.1,328.6,2.705309338010215,248.8,332,2.705309338010215,252.3,333.6,3.0641380339383044,261.8,340.2,3.0641380339383044,280.3,359.8,3.0641380339383044,291.6,378.3,3.0641380339383044,295.2,387.6,3.0641380339383044,296,390,3.0641380339383044,294.8,388.4,3.0641380339383044]],["revoke",null,1674976041697],["line",[8,202.8,249.6,1.826650539516832,203.2,251.9,1.826650539516832,204.2,259.2,1.826650539516832,206.3,281.4,1.9293235472502523,206.7,291.5,2.030710481902033,206.5,311.1,2.030710481902033,206,320.2,2.130822128072171,204.5,331.9,2.130822128072171,204.1,335.2,2.130822128072171,204,339.1,2.3272624663233126,210.3,342.6,2.705309338010215,226.9,355.8,2.8870842495982227,239.4,366.8,2.8870842495982227,257.1,383.5,2.8870842495982227,262.9,390,2.8870842495982227,268.3,398.2,2.8870842495982227,271.2,403.1,2.8870842495982227,272.8,406.4,2.8870842495982227]],["revoke",null,1674976044980],["line",[8,203.6,242.4,2.6126254913168268,203.1,242.9,2.705309338010215,204.9,268.8,2.705309338010215,205.6,301.4,2.705309338010215,204.7,315,2.705309338010215,204,335.9,2.705309338010215,203.2,344.9,2.705309338010215,205,346.4,3.0641380339383044,211.4,347.4,3.0641380339383044,226.4,347.6,3.0641380339383044,242.5,350.5,3.0641380339383044,249,353.9,3.0641380339383044,257.9,359.7,3.0641380339383044,260.2,361.4,3.0641380339383044,261.2,365,3.0641380339383044,262.6,374.7,3.0641380339383044,267.7,397.7,3.0641380339383044,271.5,412.3,3.0641380339383044,275.6,432,3.0641380339383044,277.4,440.9,3.0641380339383044,278,443.2,3.0641380339383044]],["line",[8,208.4,347.6,1.617402939360879,204.3,351.4,2.7967921169942827,197.2,353.1,2.976196111742391,182.6,357.9,3.0641380339383044,176.3,359.9,3.0641380339383044,165.7,363.5,3.404411344160346,162.9,364.8,3.404411344160346,160.8,366,3.404411344160346,162,373.5,3.404411344160346,165.2,380.3,3.404411344160346,174.7,402.6,3.404411344160346,180,413.2,3.404411344160346,186.4,427.6,3.404411344160346,187.2,430.4,3.404411344160346,188.4,432,3.404411344160346]],["revoke",null,1674976049222],["revoke",null,1674976049828],["line",[8,206.8,254,2.5187299306268702,205.2,255,2.705309338010215,198.4,261,2.7967921169942827,185.6,274.2,2.8870842495982227,169.9,289.7,2.976196111742391,162.5,297.1,3.0641380339383044,151.3,307.5,3.0641380339383044,148,310.1,3.1509203012886395,144.5,311.5,3.2365531534872334,142.8,315.3,3.404411344160346,142.8,319,3.404411344160346,143.5,338.2,3.404411344160346,143.9,352.8,3.404411344160346,145.5,382.3,3.404411344160346,146.7,394.9,3.404411344160346,149.5,411.9,3.404411344160346,151.1,418.6,3.404411344160346,152.3,421.6,3.404411344160346]],["line",[8,209.6,254,2.6126254913168268,208,257.6,2.6126254913168268,200.4,280.5,2.6126254913168268,192.8,296.8,2.705309338010215,191.2,301.3,2.705309338010215,188.8,307.7,2.705309338010215,188,310,2.705309338010215,188,312.5,2.8870842495982227,195.2,332.1,2.8870842495982227,206.5,367.5,2.8870842495982227,211.6,381.9,2.8870842495982227,217.4,401.8,2.8870842495982227,218.5,406.8,2.8870842495982227,221.3,414.8,2.8870842495982227,225.8,423.9,2.8870842495982227,226.9,425.8,2.8870842495982227,227.3,423.4,2.8870842495982227]],["line",[8,212,253.6,2.030710481902033,215.5,249.8,2.5187299306268702,218.2,233.1,2.5187299306268702,219.7,224.2,2.5187299306268702,221.8,211.6,2.705309338010215,222.6,208.2,2.7967921169942827,222.4,204.6,2.976196111742391,222.4,202.6,2.976196111742391]],["leave","wztoztbvo03",1674976055142],["msg","tr7u0426k03",1674976055353,"线虫"],["line",[8,220,170,2.705309338010215,217.9,178.4,2.705309338010215,214.3,182.9,2.705309338010215,210.4,188.9,2.705309338010215,212.2,194.9,2.705309338010215,217.4,200.2,2.705309338010215,223.3,202.7,2.705309338010215,226.2,203.1,2.705309338010215,232,201.4,2.705309338010215,234.6,198.7,2.705309338010215,240.2,191.9,2.705309338010215,243.1,185,2.705309338010215,243.9,181.5,2.705309338010215,244,176.9,2.705309338010215,241.3,173.2,2.8870842495982227,236.2,172,2.8870842495982227,233.7,171.6,2.976196111742391,228.1,170.8,3.0641380339383044,225.4,171.2,3.1509203012886395,220.5,173.1,3.2365531534872334,218.4,175.2,3.2365531534872334]],["msg","w5kj4sy0y1e",1674976062571,"现充爆炸吧"],["msg","tr7u0426k03",1674976064597,"这是在干什么"],["msg","w5kj4sy0y1e",1674976091493,"提示提示"],["kitsu",["不告诉你！"],1674976091493],["tip","8个字",1674976093013],["tip","太 开头",1674976093567],["line",[8,327.6,282,1.826650539516832,327.6,284.4,1.826650539516832,321.6,301.9,1.826650539516832,322.2,318.2,1.826650539516832]],["line",[8,327.6,282,2.030710481902033,332.7,284.6,2.030710481902033,343.5,284.8,2.030710481902033]],["line",[8,327.6,282,1.9293235472502523,328.4,282.4,1.9293235472502523,330.3,283.9,1.9293235472502523,331.6,286,1.9293235472502523,327.3,286.4,1.9293235472502523,325.2,284.5,1.9293235472502523,324,278.9,2.130822128072171,328.9,274.1,2.130822128072171,332.7,273.2,2.130822128072171,336,276,2.130822128072171,336.4,279.5,2.130822128072171,334.4,285.2,2.130822128072171,332.4,286.4,2.130822128072171,328,287.6,2.130822128072171,326,287.2,2.130822128072171,324.4,285.2,2.130822128072171]],["msg","tr7u0426k03",1674976100707,"太受欢迎了怎么办"],["line",[8,458.4,174.4,2.030710481902033,458.4,174.9,2.030710481902033,455.8,176.1,2.030710481902033,448.7,180.5,2.030710481902033,447.3,192.7,2.030710481902033,453.6,201.9,2.030710481902033,465.3,206.1,2.030710481902033,471.2,206.4,2.030710481902033,483.3,203.8,2.030710481902033,487.6,200,2.030710481902033,493.4,190.3,2.030710481902033,496.5,180.3,2.030710481902033,497.2,175.3,2.030710481902033,489,173.5,2.030710481902033,476.5,173.3,2.030710481902033,465.4,178,2.030710481902033,461.5,180.7,2.030710481902033,460.2,182.6,2.030710481902033]],["hit","w5kj4sy0y1e",1674976105722,"太阳系disco"],["line",[8,472.8,204.8,