{"nickname":"紫老太婆你有种过来啊","round":{"tip":0,"started":1678383208399,"logs":[["colour",["#f8c94e"]],["line",[27,290.5,184.7,0.07783936308214834,288,202.3,7.477157851410965,292.1,215.5,7.684716189829459,296.2,225,7.819260869982827,301.5,232.6,7.684024588641023,306.7,236.6,6.270446749279444]],["line",[27,307.2,241.2,1.4450132480241962,307,238.5,2.3132579544271437,308,232.7,3.959486998979145,308.9,224.4,4.033857411391608,309.2,218.2,4.015361878353332]],["line",[27,309.2,221.7,3.124664273478146,310.5,230.9,6.153659631548152,314.3,240.1,7.300913262293278,320.6,245.9,7.36862193623935,326.3,247.4,6.923144942173138]],["line",[27,342.1,182.6,2.983043612233331,340.7,189.2,5.575774610213529,340.3,202.1,7.37094531211639,338.5,217.7,7.602372809967619,334.9,234.8,7.472090360934089,330.9,247,7.010626544256837,329.7,249.2,6.77164958044159]],["line",[27,344.7,191.9,0.07783936308214834,344.7,198,4.061479889672199,345.7,207.9,5.975887056593791,347.9,217.9,6.592011216621785,350.2,225.3,6.6546249869934115,351.9,230.1,6.253042576834559]],["line",[27,347.3,232.7,6.428223660544035,351,231.9,6.525040005326446,356.4,227.1,6.940401885724867,361.7,219.6,6.839197129011154,365.7,210.5,6.19237239647191,366.1,205.7,6.174382994229717]],["line",[27,359.3,188,0.932761572226326,361,189.4,3.536626370267186,363.6,193.2,4.3472271962609454,366.7,198.8,4.910256870521579,370.3,206.3,6.989275405946955,373.3,215.2,7.373262269832566,375.2,225.7,7.483190582321157,374.7,237.2,7.479174597947775,371.5,248.9,6.9039197633901495,366.9,259.1,5.524316891865936,363.4,264.3,4.188481855845083]],["line",[27,362.1,274.1,0.07783936308214834,364.9,271.6,5.524316891865936,369.7,266.6,6.7831071042451185,374.4,259.7,7.149310480440789,378.9,250.6,6.437425399986267,379.7,247.7,6.437425399986267]],["line",[27,379.7,233.8,4.134434583421324,379.4,237.4,3.5617897952997453,380.1,240.6,3.9874973821888204,381,245,5.004838637069042,381.5,250.4,5.422291034672071,380.9,257.7,5.569386667983025,378.7,266.8,5.62642595772374,374.5,277.6,5.530793495614006,369,288.6,4.8095336626383585,365.7,293.8,2.810181068016391]],["line",[27,374.1,279.4,2.539626629505136,372,280.6,3.7252102230991113,370.5,286.2,5.244109535531152,369.4,295.5,4.604829473980772,369.8,304.8,3.581843805396119,372.3,311.4,1.7100274436943153,374.6,313.2,1.6773480862389079]],["line",[27,405.1,204.8,0.7965295680110103,407.5,203,4.107196412137881,407,205.7,5.455540634684439,404.4,212.8,5.844604195711298,399.9,225.6,6.050095446232717,394.6,244.5,6.1795364617459825,389.4,265.1,6.2605175131970725,385.1,288.1,5.746562743443064,383,304.8,1.8458994310276466]],["line",[27,384.2,324.6,0.07783936308214834,386,330.6,0.07783936308214834]],["line",[27,377.6,310.7,2.7477819781351798,379.4,317,3.7592866692657196,382,323.2,5.3920887455669515,384.7,328.9,4.241960381776124,387.4,333,1.5652850415726505]],["line",[27,403.1,160.9,3.4092004344197164,410.3,168.5,3.8982949385604115,416.3,178.5,4.883377175538044,421.6,190.1,5.448916598186315,425,204.7,5.601200549993308,425.8,220.2,5.755611166714942,424.4,234.9,5.289494568786239,421.8,246.7,2.609686647963798,418.7,254.9,2.228110355987127,416.2,259.9,2.1358234761423773]],["line",[27,415.4,252.9,2.061200746909435,415.7,258.2,2.9940457054367187,417.5,265.8,4.075236896278511,420.5,277.2,4.33419129139611,424.4,289.6,4.437507640147942,430.5,302.3,4.649791232510296,437.9,312.6,5.045759352772592,444.4,317.6,4.940763202949228,446.3,318.7,2.029898670760275]],["line",[27,369,140.7,2.5454909043105545,367.4,137.5,3.5567656438797712,363.9,134.8,4.197434331475023,356.7,132.4,5.7192532615390235,343.8,132,6.662812867453312,327.1,133.2,6.709170304930012,307.5,136.5,6.670963317675131,288.8,142.2,6.587760687467352,270.2,154.7,6.360289989497687,257.4,175.5,4.316755846709839,253.3,200.1,0.9469885197613337,253.7,204,0.6142875764689677]],["line",[27,284.5,190.7,2.2525351390690673,284.2,194.2,6.166632287247467,283.3,203.1,6.215305883757509,281.8,219.1,6.153659631548152,281.7,236.8,5.827021180262335,283.9,247.9,4.364554282497437,286,250.6,1.852314128144343]],["line",[27,270.4,219.9,0.07783936308214834,269,216.8,0.07783936308214834,267.5,213.7,4.42898238554335,265.8,212.5,5.1516320237351465,266.6,217.2,5.488467530310572,269.7,228.4,5.691696305082132,274.5,241.3,6.205140332427135,277.6,248.4,3.178327337039235]],["line",[27,272.3,220.3,2.7818871772505815,274.9,222.6,1.0318996545451853,277.3,228.2,3.2474255667693797,279.5,237.3,3.9454269409179688,281.4,248.1,4.183999694760132,284,264.4,4.206371027187714,286,281.5,4.290486155885446,287.7,296.5,4.098085114481336,288.5,306.2,3.7447075221348314]],["line",[27,271.9,258.6,0.07783936308214834,273.6,261.4,0.07783936308214834,277.5,268.1,0.9113808081815478,281.9,278,2.073687048512511,285.4,289.2,2.5922352228076306,287,299.9,2.8495990180185515,286.5,309.5,3.0705545169034565,284.1,318.3,3.0759856641452643,279.9,325.3,2.7705372894938307,274.1,329.4,2.7192335018116864,268,330.6,1.2477054925761877]],["line",[27,250.2,212.4,0.8469473651511805,252.2,213.3,1.0670520644634962,255.7,218,1.2888883631676435,259.3,225.8,1.5719179130314842,261.6,235.5,2.4153809249401093,262.5,247.5,2.9277608678066542,262.5,260.3,3.0705545169034565,261.6,272.9,2.9720233936750162,260.4,282,2.9720233936750162]],["line",[27,262.7,286.2,2.2525351390690673,262,292.8,2.5337576273523155,259.8,301.3,2.539626629505136,257.7,309.8,2.385488744512685]],["line",[27,291.9,275.2,1.9415943912967748,294.6,278,1.6707969644839693,298.1,281.3,4.403314797025359,303.5,284.9,5.758621243519883,309.8,288.2,6.3933547405827085,316.8,291.5,6.471572527771059,323.5,294.5,6.451152180111848,329.1,296.6,4.373194672541985]],["line",[27,335,295,3.7154364865273237,339.4,294.2,5.666992271376785,344.2,291.8,5.92525151300876,351.1,286.9,5.864982604980469,357.5,282,2.730666821567411]],["colour",["#d20000"]],["line",[27,381.8,141,5.710095180074859,387,139.4,7.144937701166327,395.6,135.2,7.4841909389942884,404.7,130.7,7.54068809413954,413.7,126.8,7.329349031897436,419.9,124.2,6.386311922597969,422.9,123.5,4.702350435879907,423.9,126.1,3.135432542647294,422.3,129.2,3.215627019569638,420.8,132.3,3.3782165202460135,420.2,135.4,3.778667218344225,420.8,139,4.312387284813639,422.6,144.7,4.921723355007543,426.1,155.6,5.862080287784892,429.3,169.8,6.207685780943848,431.8,182.8,6.97596563158686,432.7,193.1,7.112353420343425,432.5,200.3,7.149310480440789,431.9,203.6,6.833677172640336,429.7,203,4.107196412137881]],["line",[27,273.6,148.9,5.685538779471244,270.5,145.1,6.003614221868673,265.3,142.9,7.092666549909126,259.2,140.4,7.416080685396054,252.7,136.9,7.399449795484543,246.7,133.8,6.837359325498227,242.6,132.6,6.1795364617459825,240.1,132.7,6.1484513403711105,241.4,134.3,2.6212974425702384,242.3,138.5,3.0976653861580417,242.8,145,4.997353076548734,244.2,158.1,6.707180203630259,246,176,6.8151350426118995,249.7,195.9,6.66076941088977,250.3,198.1,4.386126367869565]],["colour",["#222"]],["line",[27,286.9,242.5,0.07783936308214834,294.3,242.4,5.144423250428645,300.7,241.7,6.916183477586372,306.7,240.9,7.0008146511222265,311.2,240.3,6.884438304853546,313.7,240,6.184679010903409,312.3,242.2,4.726398828315723,309.6,243.3,2.9166497238138334]],["line",[27,296.6,246.7,5.233555634859357,296.6,248.7,5.703974489013035,296.6,251.8,5.899580415680248,297.2,255.3,6.006371184382715,298,257.9,6.164043242336874,299.3,260.2,6.321879669667396,300.9,261.8,6.464788321557506,305,262,6.47382892520497,307.1,260.6,6.395697215512399,308.5,259.1,6.1795364617459825,309.6,257.1,5.87077837332572,310.4,254.9,5.219436649213975,310.9,252.4,4.8095336626383585,311.1,249.7,4.46722587089468,311,247.7,4.268487616628562,310.2,244.8,4.084388190792652]],["line",[27,335,241.8,4.898758381605148,340.5,241.5,6.564210491931135,345.6,240.7,6.994232966656426,350.8,240,7.119839329064206,355.1,239.2,7.081931261345744,358.3,238.4,6.353138802526672,360.3,237.8,5.767633309540514,358.4,238.5,4.433246923195355]],["line",[27,343.9,243.3,4.015361878353332,343.9,246.6,4.678169788676314,343.9,250.2,5.155231287827036,343.9,254.3,5.950686576222779,344.7,257.5,6.482829540998836,