{"nickname":"诶嘿","round":{"tip":0,"started":1674489566592,"logs":[["line",[0,383.1,170,359.9,164.9,352.2,167.5,344.5,170,334.2,177.8,329,182.9,322.6,189.4,318.7,199.7,317.4,206.1,317.4,212.6,317.4,220.3,321.3,224.2,331.6,229.3,338,230.6,345.8,230.6,353.5,231.9,358.6,231.9,363.8,229.3,368.9,222.9,371.5,216.4,376.7,210,381.8,199.7,384.4,193.2,387,188.1,388.3,182.9]],["line",[0,350.9,230.6,347,246.1,347,253.8,345.8,257.7,344.5,262.8,344.5,268,343.2,273.1,343.2,278.3,343.2,284.7,343.2,287.3,343.2,289.9,343.2,292.4,344.5,287.3,345.8,284.7,348.3,283.4]],["line",[0,349.6,249.9,339.3,243.5,336.7,243.5,334.2,243.5,331.6,243.5,329,243.5,326.4,243.5,323.9,244.8,321.3,246.1,318.7,248.6,316.1,251.2,316.1,253.8,321.3,256.4,326.4,256.4,330.3,256.4,332.9,256.4,335.4,256.4,338,256.4,340.6,257.7]],["revoke",null,1674489579716],["revoke",null,1674489579919],["revoke",null,1674489580271],["line",[0,318.7,203.5,307.1,221.6,294.2,234.5,258.2,274.4,246.6,286,242.7,289.9]],["line",[0,283.9,207.4,280.1,216.4,280.1,226.7,280.1,231.9,280.1,242.2,281.3,252.5,285.2,262.8,295.5,273.1,309.7,278.3]],["line",[0,390.8,190.7,380.5,211.3,367.7,222.9,348.3,237,298.1,275.7,283.9,288.6]],["line",[0,303.2,231.9,307.1,238.3,312.3,248.6,320,260.2,326.4,269.2,332.9,283.4,340.6,296.3,347,304,358.6,314.3,368.9,320.8,376.7,325.9,384.4,327.2]],["line",[0,442.4,233.2,443.7,220.3,443.7,219,439.8,216.4,434.6,216.4,429.5,216.4,425.6,219,420.5,221.6,419.2,226.7,416.6,229.3,416.6,237,416.6,243.5,416.6,248.6,419.2,256.4,423.1,262.8,426.9,269.2,432.1,274.4,433.4,280.8,434.6,289.9,434.6,309.2,430.8,319.5,424.3,327.2,419.2,332.4,402.4,346.5,389.6,354.3,372.8,356.8,361.2,356.8]],["msg","gz5gy3e8q03",1674489599279,"？"],["msg","1hf8u6bdc03",1674489609219,"好了"],["line",[8,521,189.4,4,518.4,193.2,1.3456831950000003,518.4,199.7,2.9239851246875004,518.4,203.5,4.1573842746875,518.4,208.7,5.038795519999999,518.4,213.8,5.6333279296875,518.4,221.6,5.9955475246875,518.4,230.6,6.28948992,515.8,243.5,6.5048904496875,510.7,252.5,6.699276795,505.5,262.8,6.817893119999999,500.3,277,6.855566795,496.5,289.9,6.8740623046875,492.6,298.9,6.892332720000001,490,309.2,6.9103798746875,488.8,316.9,6.9458116996875,487.5,324.6,6.9803722996875,486.2,331.1,7.0140760746875,486.2,337.5,7.0469373046875,483.6,344,7.063056395,483.6,347.8,7.0789701496875,482.3,353,7.094680319999999]],["line",[8,482.3,353,7.094680319999999,482.3,359.4,7.094680319999999,482.3,362,7.094680319999999,482.3,365.9,7.094680319999999,482.3,371,7.094680319999999,481,376.2,7.094680319999999,481,380,7.094680319999999,481,382.6,7.094680319999999,481,387.8,7.094680319999999,481,390.3,7.094680319999999,481,395.5,7.0140760746875,481,399.4,6.9458116996875,481,403.2,6.855566795,481,407.1,6.759648124687501,482.3,409.7,6.363714274687499,484.9,409.7,6.023729195,491.3,409.7,4.6405087950000015]],["line",[8,528.7,132.7,4,517.1,144.3,5.18775672,513.2,143,5.18775672,508.1,141.7,5.18775672,504.2,139.1,5.18775672,501.6,140.4,5.18775672,493.9,139.1,5.18775672,486.2,136.6,5.18775672,475.9,136.6,5.18775672,463,136.6,5.18775672,450.1,136.6,5.18775672,437.2,136.6,5.18775672,426.9,137.8,5.18775672,417.9,139.1,5.18775672,410.2,140.4,5.365971099687499,402.4,140.4,5.665255594999998,397.3,143,5.96706552,392.1,143,6.238623195,388.3,143,6.4118370246875,384.4,143,6.527500395,380.5,144.3,6.65782272,378,144.3,6.73976312]],["line",[8,378,144.3,6.73976312,378,141.7,6.779296875,378,139.1,6.9103798746875,378,136.6,6.9103798746875,378,134,6.9103798746875,384.4,130.1,6.8740623046875,398.6,126.2,6.615385594999999,411.5,125,6.28948992,446.2,119.8,6.0516126496875,459.1,118.5,5.820075799687501,468.1,117.2,5.535577995000001,474.6,115.9,5.434830874687499,479.7,112.1,5.434830874687499,484.9,112.1,5.434830874687499,490,112.1,5.434830874687499,492.6,112.1,5.434830874687499,496.5,112.1,5.434830874687499,500.3,112.1,5.434830874687499,502.9,108.2,5.5023316246875,505.5,108.2,5.60107392,509.4,106.9,5.6333279296875,511.9,104.3,5.6333279296875]],["hit","3zxe98vtl03",1674489616783,"小学生"],["line",[8,511.9,104.3,5.6333279296875,514.5,104.3,5.6333279296875,518.4,101.8,5.6333279296875,510.7,100.5,5.038795519999999,497.8,100.5,4.7231999999999985,482.3,100.5,4.5135498046875,466.9,103.1,4.4269340496875,448.8,106.9,4.4269340496875,432.1,110.8,4.4269340496875,420.5,113.4,4.4269340496875,408.9,115.9,4.5135498046875,399.9,122.4,4.923249804687501,393.4,126.2,5.33102592,387,127.5,5.696859124687501,383.1,130.1,5.9382810546875,380.5,130.1,6.133494794999999,378,132.7,6.363714274687499,379.2,130.1,6.571950000000001,385.7,125,6.571950000000001,398.6,119.8,6.571950000000001,412.7,115.9,6.458890429687499,428.2,110.8,6.160206424687498]],["line",[8,428.2,110.8,6.160206424687498,445,108.2,5.7591025746875,459.1,105.6,5.365971099687499,470.7,103.1,5.038795519999999,482.3,103.1,4.8443627746875,491.3,100.5,4.7639683996875,497.8,100.5,4.7639683996875,504.2,97.9,4.7639683996875,508.1,97.9,4.7639683996875,511.9,96.6,4.7639683996875,515.8,97.9,4.7639683996875,506.8,97.9,4.962133995,492.6,97.9,4.962133995,477.2,99.2,4.962133995,460.4,101.8,4.962133995,445,106.9,4.962133995,432.1,106.9,4.962133995,421.8,110.8,4.962133995,412.7,115.9,5.1510558246875,406.3,115.9,5.46875,399.9,122.4,5.728140720000001,393.4,126.2,5.9382810546875]],["line",[8,393.4,126.2,5.9382810546875,392.1,126.2,6.133494794999999,399.9,122.4,6.48202112,412.7,117.2,6.48202112,430.8,110.8,6.48202112,445,105.6,6.3879103200000005,461.7,105.6,6.160206424687498,473.3,105.6,5.96706552,484.9,104.3,5.9382810546875,493.9,104.3,5.9382810546875,502.9,103.1,5.9382810546875,508.1,103.1,5.9382810546875,511.9,103.1,6.133494794999999,514.5,103.1,6.3145060996875,517.1,101.8,6.48202112,514.5,100.5,6.6786716796875005,502.9,100.5,6.6786716796875005,488.8,100.5,6.6786716796875005,472,104.3,6.6786716796875005,455.3,109.5,6.6786716796875005,437.2,110.8,6.6786716796875005,423.1,114.7,6.6786716796875005]],["line",[8,423.1,114.7,6.6786716796875005,412.7,118.5,6.699276795,403.7,122.4,6.7987112496875,396,126.2,6.928205595,389.6,126.2,7.0469373046875,385.7,127.5,7.1406067246875,381.8,128.8,7.240964795,387,128.8,7.281169524687499,398.6,127.5,7.281169524687499,415.3,118.5,7.281169524687499,430.8,114.7,7.281169524687499,447.5,110.8,7.1990966796875,465.6,108.2,7.094680319999999,481,104.3,7.03061112,492.6,104.3,7.03061112,505.5,104.3,7.03061112,514.5,103.1,7.03061112,521,103.1,7.15551992,526.1,103.1,7.26795,528.7,103.1,7.344601995,533.8,104.3,7.392246875,530,104.3,7.4262384996875]],["line",[8,530,104.3,7.4262384996875,517.1,104.3,7.4037406996875,501.6,104.3,7.3070706496875,481,108.2,7.2271957996875,463,110.8,7.1702381746875,446.2,113.4,7.15551992,414,127.5,7.15551992,402.4,131.4,7.15551992,394.7,132.7,7.15551992,389.6,135.3,7.240964795,387,136.6,7.344601995,392.1,134,7.437245595,406.3,128.8,7.41507072,420.5,126.2,7.1990966796875,437.2,122.4,6.928205595,452.7,118.5,6.593793574687501,465.6,115.9,6.3145060996875,477.2,114.7,6.160206424687498,486.2,114.7,6.160206424687498,493.9,114.7,6.160206424687498,500.3,114.7,6.186630320000001,506.8,114.7,6.458890429687499]],["line",[8,506.8,114.7,6.458890429687499,511.9,113.4,6.699276795,517.1,113.4,6.8740623046875,519.7,113.4,7.0469373046875,522.2,110.8,7.1702381746875,524.8,110.8,7.294209195,528.7,110.8,7.4262384996875,531.3,109.5,7.4480935546875005,533.8,108.2,7.4480935546875005,531.3,103.1,7.4480935546875005,528.7,103.1,7.4262384996875,526.1,103.1,7.344601995,522.2,103.1,7.294209195,519.7,103.1,7.2545489746875,517.1,103.1,7.2545489746875,513.2,103.1,7.2545489746875,509.4,101.8,7.2545489746875,504.2,99.2,7.2545489746875,499.1,97.9,7.3567668246875,493.9,95.3,7.5664099996875,488.8,95.3,7.75106432,483.6,95.3,7.8618591796875]],["line",[8,483.6,95.3,7.8618591796875,479.7,95.3,7.9187047996875,474.6,95.3,7.94341752,456.5,95.3,7.9490476996875,450.1,96.6,7.9620154296875,443.7,96.6,7.971175995,438.5,96.6,7.9766233746875,432.1,97.9,7.9785703246875,426.9,99.2,7.979496875,420.5,99.2,7.979496875,415.3,101.8,7.979496875,411.5,103.1,7.979496875,406.3,105.6,7.971175995,402.4,105.6,7.971175995,397.3,