{"nickname":"诶嘿","round":{"tip":2,"started":1674489834413,"logs":[["msg","gz5gy3e8q03",1674489837415,"hahha"],["line",[8,274.9,269.2,4,269.7,255.1,1.6200507949999992,247.8,255.1,2.4534685546875004,233.7,257.7,3.310546875,223.4,264.1,4.4269340496875,215.6,270.5,5.113996875,206.6,284.7,5.696859124687501,204,295,6.0792,202.8,309.2,6.2127685546875,202.8,315.6,6.2641962996875,205.3,320.8,6.363714274687499,211.8,323.4,6.458890429687499,220.8,327.2,6.615385594999999,228.5,327.2,6.7196399746874995,241.4,327.2,6.7987112496875,250.4,325.9,6.817893119999999,260.7,322.1,6.817893119999999,272.3,311.8,6.817893119999999,280.1,306.6,6.817893119999999,286.5,297.6,6.527500395,290.4,284.7,6.133494794999999,290.4,279.6,5.60107392]],["line",[8,290.4,279.6,5.60107392,291.6,275.7,5.0006484496875006,291.6,273.1,4.248871024687499]],["line",[8,241.4,329.8,4,240.1,354.3,3.3639113746874987,240.1,368.4,3.8728636746874994,238.8,380,4.0642341796874994,237.5,390.3,4.0642341796874994,235,403.2,4.0642341796874994,233.7,409.7,4.017029120000001,232.4,417.4,3.521274795,229.8,420,2.2063068996875]],["line",[8,219.5,356.8,4,211.8,359.4,2.2688563199999994,205.3,360.7,3.7746028246874985,196.3,365.9,4.7639683996875,187.3,372.3,5.365971099687499,177,383.9,5.5023316246875,169.3,392.9,5.5023316246875,162.8,403.2,5.18775672,159,408.4,4.248871024687499,156.4,412.2,3.147686599687498]],["line",[8,246.6,360.7,4,277.5,341.4,6.0792,286.5,338.8,6.5498529246875,296.8,332.4,6.855566795,307.1,329.8,7.0469373046875,317.4,327.2,7.15551992,326.4,323.4,7.240964795,334.2,319.5,7.294209195,343.2,319.5,7.3322654296875,354.8,316.9,7.344601995,358.6,316.9,7.344601995,361.2,314.3,7.344601995,363.8,313,7.3322654296875,367.7,313,6.593793574687501,372.8,309.2,5.85009152,385.7,305.3,4.8443627746875]],["line",[8,384.4,273.1,4,384.4,284.7,0.15880399499999953,384.4,288.6,2.143246874999999,384.4,297.6,3.0367810546875003,384.4,305.3,3.674597749687499,383.1,316.9,3.9694006996874993,380.5,324.6,4.017029120000001,376.7,336.2,4.017029120000001,375.4,344,4.017029120000001,374.1,349.1,4.017029120000001,374.1,356.8,4.017029120000001,374.1,360.7,3.8728636746874994]],["line",[0,366.4,354.3,381.8,360.7,384.4,360.7,388.3,363.3,392.1,363.3,394.7,363.3,397.3,363.3,399.9,364.6,402.4,367.2,402.4,371,402.4,373.6,401.1,377.5,401.1,381.3,397.3,383.9,396,386.5,394.7,390.3,392.1,391.6,389.6,394.2,387,394.2,384.4,394.2,381.8,395.5,379.2,395.5,376.7,395.5,372.8,398.1,371.5,400.6,368.9,400.6,366.4,400.6,362.5,400.6,359.9,401.9,357.3,401.9,354.8,401.9,349.6,401.9]],["line",[0,349.6,401.9,340.6,405.8]],["revoke",null,1674489848287],["msg","gz5gy3e8q03",1674489848294,"射箭"],["line",[0,383.1,271.8,403.7,271.8,407.6,274.4,410.2,275.7,410.2,279.6,410.2,284.7,410.2,289.9,406.3,296.3,401.1,301.5,394.7,314.3,392.1,320.8,389.6,325.9,388.3,332.4,387,338.8,385.7,345.3,385.7,347.8,385.7,355.6]],["line",[0,353.5,358.1,362.5,355.6,366.4,356.8,371.5,356.8,379.2,356.8,387,356.8,393.4,356.8,398.6,356.8,402.4,356.8,406.3,358.1]],["line",[0,372.8,359.4,359.9,380,359.9,385.2,359.9,394.2,359.9,398.1,359.9,401.9,359.9,405.8,359.9,411,359.9,413.5,359.9,417.4,359.9,420,361.2,423.8,361.2,429]],["msg","gz5gy3e8q03",1674489852701,"弓箭"],["revoke",null,1674489853490],["revoke",null,1674489853830],["line",[0,378,355.6,372.8,367.2,370.2,371,367.7,373.6,366.4,378.7,365.1,381.3,363.8,385.2,363.8,387.8,363.8,390.3,363.8,392.9,363.8,395.5,365.1,399.4,366.4,401.9,368.9,405.8,370.2,409.7,371.5,412.2,372.8,417.4,374.1,420,376.7,420,379.2,421.3,381.8,421.3]],["line",[0,389.6,356.8,396,367.2,396,368.4,396,374.9,396,377.5,396,382.6,396,386.5,396,390.3,396,395.5,396,400.6,394.7,404.5,393.4,407.1,392.1,411,389.6,413.5,388.3,417.4,387,421.3,384.4,423.8,381.8,430.3,380.5,435.4,378,440.6,375.4,445.7,372.8,452.2]],["msg","gz5gy3e8q03",1674489856822,"攻击"],["line",[0,378,353]],["line",[0,374.1,413.5,383.1,408.4,384.4,408.4,383.1,411,387,411,392.1,411,396,405.8,399.9,403.2,403.7,403.2,406.3,403.2]],["line",[0,381.8,421.3,384.4,420,385.7,414.8,387,411,389.6,405.8,390.8,403.2,390.8,400.6,387,400.6,381.8,404.5,376.7,407.1,374.1,411,375.4,408.4,379.2,404.5,383.1,399.4,389.6,390.3]],["line",[0,383.1,413.5,374.1,422.5,374.1,423.8,372.8,426.4,375.4,426.4,380.5,422.5,383.1,420,387,420,387,422.5,387,425.1,387,427.7,385.7,430.3,387,427.7,383.1,432.9,380.5,432.9,380.5,435.4]],["line",[0,218.2,421.3,214.4,426.4,213.1,434.1,201.5,459.9,196.3,468.9,192.5,474.1]],["line",[0,224.7,420,235,441.9,235,453.5,235,463.8,236.3,471.5,240.1,479.2]],["line",[0,311,421.3,309.7,426.4,311,427.7,311,436.7,311,462.5,311,472.8,311,475.4]],["line",[0,309.7,403.2,314.8,400.6,320,400.6,326.4,398.1,334.2,398.1,344.5,398.1,356.1,398.1,366.4,398.1,378,399.4,389.6,399.4,399.9,399.4,410.2,400.6,419.2,400.6,428.2,400.6,435.9,400.6,442.4,400.6,452.7,396.8,456.5,394.2,459.1,394.2,463,394.2,463,399.4,463,404.5,461.7,411,457.8,416.1,455.3,422.5,451.4,425.1,451.4,429,451.4,431.6]],["line",[0,305.8,450.9,311,448.3,318.7,448.3,325.1,450.9,335.4,450.9,348.3,449.6,359.9,449.6,371.5,444.4,383.1,441.9,393.4,441.9,402.4,441.9,410.2,441.9,417.9,441.9,423.1,441.9,426.9,441.9]],["msg","gz5gy3e8q03",1674489866392,"？"],["line",[0,89.4,270.5,89.4,275.7,93.3,277,99.7,277,108.7,278.3,119,278.3,126.8,278.3]],["line",[0,115.2,264.1,103.6,279.6,97.1,284.7,89.4,297.6]],["line",[0,77.8,310.5,72.6,320.8,72.6,324.6,72.6,333.7,70.1,342.7,68.8,346.5,67.5,351.7,67.5,358.1]],["line",[0,99.7,324.6,104.9,327.2,106.1,325.9,106.1,322.1,108.7,315.6,106.1,315.6,103.6,318.2,101,322.1,99.7,327.2,98.4,332.4,97.1,338.8,97.1,347.8,93.3,349.1,89.4,353,95.8,353,102.3,353,108.7,351.7,115.2,350.4,120.3,349.1,125.5,344,129.3,344]],["line",[0,124.2,279.6,121.6,284.7,121.6,292.4,121.6,300.2,121.6,305.3,121.6,313]],["line",[0,133.2,274.4,138.3,275.7,140.9,275.7,144.8,275.7,147.4,278.3,149.9,282.1,152.5,286,155.1,288.6,156.4,292.4,157.7,298.9,157.7,302.7,157.7,306.6,157.7,310.5,157.7,315.6,157.7,320.8,157.7,324.6]],["line",[0,128,307.9]],["line",[0,125.5,288.6,122.9,301.5,122.9,306.6,122.9,313,126.8,320.8,130.6,325.9,134.5,334.9,138.3,337.5,142.2,338.8,146.1,342.7,148.7,344,151.2,347.8,151.2,353,151.2,356.8,149.9,359.4,147.4,363.3,139.6,367.2,131.9,367.2,122.9,367.2]],["line",[0,106.1,346.5,124.2,346.5,131.9,346.5,139.6,346.5,149.9,346.5,160.2,345.3]],["revoke",null,1674489873101],["revoke",null,1674489873402],["revoke",null,1674489873617],["revoke",null,1674489874185],["revoke",null,1674489874359],["revoke",null,1674489874573],["revoke",null,1674489874711],["revoke",null,1674489875182],["revoke",null,1674489875773],["line",[0,482.3,264.1,474.6,264.1,464.3,270.5,455.3,277,448.8,282.1,443.7,283.4,437.2,283.4,432.1,283.4]],["line",[0,426.9,278.3,429.5,270.5,425.6,277,419.2,286,412.7,293.7,406.3,301.5,402.4,307.9,399.9,313,398.6,320.8,402.4,322.1,410.2,323.4,420.5,323.4,429.5,324.6,437.2,324.6]],["line",[0,532.6,239.6,522.2,248.6,511.9,248.6,501.6,258.9]],["line",[0,478.4,288.6,490,289.9,493.9,289.9,496.5,289.9,499.1,289.9]],["line",[0,459.1,309.2,487.5,307.9,492.6,305.3,505.5,289.9]],["line",[0,499.1,269.2,490,284.7,484.9,291.1,479.7,300.2,475.9,310.5,472,318.2,468.1,325.9,466.9,331.1,465.6,334.9,465.6,338.8,465.6,341.4,469.4,341.4,473.3,344,478.4,344,483.6,344,488.8,344,492.6,345.3]],["line",[0,546.7,258.9,530,274.4,522.2,284.7,515.8,289.9,511.9,295]],["line",[0,514.5,283.4,530,282.1,535.1,280.8,537.7,280.8,541.6,280.8,544.1,278.3,546.7,278.3]],["line",[0,513.2,298.9,523.5,301.5,527.4,301.5,530,301.5]],["line",[0,564.8,271.8,549.3,287.3,544.1,292.4,540.3,298.9,537.7,301.5,536.4,304]],["line",[0,542.9,292.4,555.7,284.7,559.6,283.4,562.2,280.8,563.5,275.7]],["line",[0,549.3,305.3]],["line",[0,531.3,324.6,523.5,327.2,517.1,328.5,511.9,331.1,505.5,334.9,499.1,338.8]],["line",[0,501.6,346.5,518.4,349.1,522.2,349.1,526.1,349.1,530,349.1,532.6,345.3,535.1,344]],["line",[0,475.9,359.4,487.5,362,492.6,362,500.3,360.7,506.8,356.8,514.5,356.8,521,356.8,526.1,355.6,530,354.3,532.6,351.7]],["line",[0,513.2,341.4,508.1,350.4,506.8,354.3,505.5,360.7,501.6,367.2,499.1,373.6,497.8,380,496.5,385.2,496.5,