{"nickname":"BourRan","round":{"tip":1,"started":1691753345705,"logs":[["join",1691753346870,"bjxq0wyvzo2","邵科长","39.173.61.227","Mozilla/5.0 (Linux; U; Android 10; zh-cn; Redmi Note 8 Build/QKQ1.200114.002) AppleWebKit/537.36 (KHTML, like Gecko) Version/4.0 Chrome/100.0.4896.127 Mobile Safari/537.36 XiaoMi/MiuiBrowser/17.7.60719 swan-mibrowser",false],["msg","xs0w96ey8x2",1691753349598,"我弔"],["msg","ozrya4x7sn2",1691753350097,"啊？"],["msg","742wzjv2ml2",1691753353446,"你画发簪啊"],["msg","bjxq0wyvzo2",1691753353800,"手滑退了"],["colour",["#d20000"]],["line",[0,317.3,218.7,306.9,214.3,298.4,211.3,293.6,209.8,273.9,212.7,259.5,222.9,254.7,244.8,261.4,273.1,275.4,299.9,291.5,320.4,305.5,334.2,315.2,342,321,346.1,323.2,347.6]],["line",[0,305.8,252.4,311.9,240.7,323.4,224.5,338,212.4,356.6,203.5,375.6,199.2,390.6,200.1,400.5,206.6,404.6,219.6,398.9,240.7,384.6,266.1,367.4,290.8,351.9,311.1,339.2,324.7,327.3,332.8,317.9,336.4,311.3,337.9,308.9,338.4]],["line",[0,278.2,244.4,267.4,241.4,255.6,238.3,247.8,236.7,243.5,236,232.4,265.2,235.7,288.6,249.6,302.1,266.5,306,279.9,301.5,286.8,287.1,283.3,267.2,269.6,247.7,256.9,234.8,250.1,228.8,247.1,226.3]],["line",[0,279.1,302.2,266.9,310,253.9,319.5,242.7,327.8,229.6,337.9,225.7,340.9]],["line",[0,261.3,311.1,283.1,330.3,304,347.9,320.7,359.8,332.7,367.9,341.9,373.5,346.4,376.1,348.2,377.2]],["line",[0,362.7,265.8,351.4,267.1,344.5,267.8,340.8,268.2,325.5,269.2,303.2,271.1,283.3,273,272.5,274,251.3,283.1,243.4,290.2,255.8,295,280.4,297.3,309.9,297.3,338.8,296.7,362.2,294.5,382.4,289.4,395.9,281.3,402.1,267.8,399.1,251.7,389.7,237.5,380.5,229.2,372.7,227.2,364.1,239.3,356.5,261.9,352.8,291,354.2,317.7,360.2,339.9,368.5,356.5,376.8,366.2,382.4,370.1,383.3,365.2,371.2,351.9]],["line",[0,371.2,351.9,348.2,336.9,326.9,325.1,300.9,312.3,293.1,308.4,290.8,307.2]],["line",[0,327.1,283.6,330.1,293.1,334.6,306.3,339.2,320.7,341.9,332.9,343.6,342,344.4,346.4,344.8,348.9]],["line",[0,383.1,301.3,386.1,310,393.2,323.9,404.1,340.2,416.1,353.1,427.1,362.8,434.8,368.8,439.8,372.2,441.7,373.5]],["line",[0,369.8,308.4,378.5,315.4,392.8,326.5,406.3,335.7,417.9,342.7,425.7,347.5,429.5,349.2,431.7,350.1]],["colour",["#25c9ff"]],["msg","bjxq0wyvzo2",1691753364159,"我想画奶白的雪子的"],["line",[0,78.2,219.6,82.1,233,88.4,252.4,91.8,262.9,94.2,268.7,97,274.8,108.5,295.2,115.6,308.8,118.4,314.6,119.4,316.9,125,308.3,132,291.6,139.8,272.3,146,257.4,149.5,248.4,151,244.1,151.9,241.7,154.1,244.6,157.6,254.3,160.9,268.6,164.2,284.6,168.1,299.5,171.9,310.4,174.7,317,176.2,320.1,178.7,316.5,181.4,305.7,185.1,290.5,190.5,273.1,196.5,256.2,201.8,241.2,204.4,228]],["line",[0,204.4,228,205.1,219.6,205.3,215.1,205.3,212.7]],["msg","p3yfmwrutx2",1691753365659,"渴望之心"],["msg","s7k4ad2y2v2",1691753366849,"爱之小镇"],["msg","xs0w96ey8x2",1691753367762,"爱之小镇"],["tip","3个字",1691753368790],["hit","p3yfmwrutx2",1691753371462,"汤玛丽"],["hit","742wzjv2ml2",1691753374438,"汤玛丽"],["hit","s7k4ad2y2v2",1691753375150,"汤玛丽"],["hit","so4bazp1et2",1691753376471,"汤玛丽"],["msg","xs0w96ey8x2",1691753377566,"w公司"],["msg","ozrya4x7sn2",1691753377575,"汤吗丽"],["msg","742wzjv2ml2",1691753382420,"玛"],["msg","bjxq0wyvzo2",1691753382574,"谢肉祭"],["hit","ozrya4x7sn2",1691753383603,"汤玛丽"],["msg","xs0w96ey8x2",1691753389438,"w列车"],["msg","s7k4ad2y2v2",1691753389614,"w列车事件搞得"],["hit","bjxq0wyvzo2",1691753391239,"汤玛丽"],["colour",["#1317f6"]],["colour",["#d20000"]],["line",[0,266.7,248.9,292.8,241.9,313.7,240.4,325.6,245.7,330.9,256.4,331.7,268.9,329.6,280.2,325.6,289,318.6,295.4,306.5,298.4,289.4,295.8,275,288.3,267.9,278.3,269.6,264.4,283.9,249.1,306.6,237.2,330,232.7,346.7,235.4,356.5,243,360.4,255.7,357.1,270.1,348.7,282.7,335.2,292.1,317,296.6,298.1,295.4,285.8,290,280.6,280.7,284.6,268.2,300.1,254.2,323,243.8,344.9,238,359.5,238]],["line",[0,359.5,238,366.3,242.8,365.2,253.5,357.4,266.1,347.5,277.1,337.1,284.3,326.9,287.6,317,286,308.4,276.8,304.6,260.6,311.8,236.5,329.9,211.6,350.6,194.1,363.6,185.8,372.6,185.1,378.1,192.3,379.3,206.3,375.7,225.2,367.7,245.4,358.9,262.4,351.3,274.7,344.4,281,335.3,279.4,324,267.8,318,261,311.1,245,304.8,223.3,301.3,204.7,299.7,192.3,299.9,187.5,305.4,190.1,314.4,202.2]],["line",[0,314.4,202.2,322.7,223.1,328.2,248.4,330.8,274,331.8,295.7,331.8,310.4,330.4,317.3,322.6,314.5,309.3,299.5,294.7,276.5,283.6,252.7,278.2,233.9,279.4,222.2,292.4,216.8,314.9,221.5,339.3,236.5,359,258.7,370.8,281.9,376.2,302.7,376.1,316.9,370,323.6,354.3,321.7,330.1,310.3,303,294,280.2,278.7,265.8,268.8,259.3,264.2,264,264.6,280.9,271.2,304.1,283,326.6,296.5,343.2,309.6]],["line",[0,343.2,309.6,352.5,319.7,355.3,326,347.5,327.6,329.4,321.4,306.2,309.3,285.2,295.2,271.2,283,264.3,273.9,264.3,267,275.9,261.8,297.6,261.1,323.6,264.6,346.7,272.4,363.6,282.1,373.3,291,377.3,297.3,373.1,300.3,358.5,298,334.6,289.1,307.5,276,284.2,262.9,270,251.4,263.6,245.6,262.4,240.2,269.5,234.4,287.4,230.1,313.1,229.8,340,234.3,362.2,242.8,377.1,251.7,384,259.8]],["line",[0,384,259.8,383.8,266.5,373.5,270.2,353.9,269.3,329.5,262.3,309.2,251.6,297,241,293.2,231.3,300.7,221.7,321.2,215.4,350.6,214.3,378.8,219.4,398.6,229,408.9,240.9,410.7,253.7,403.9,266,388.8,275.7,367.3,280.4,342.3,278.5,319.2,270.8,302.7,260.7,294.9,250.5,295.6,240.6,306.6,231.2,327.2,224.2,350.3,221.3,369.3,224.1,381.7,231.6,387.9,242,388.3,254.1,382.7,266.6,372.4,277.3]],["line",[0,372.4,277.3,358.4,282.6,341.4,281,324.6,269.9,312.5,253,306.8,234.7,308,218.7,317,207.6,332.2,203.3,349.4,207.4,363.9,218.4,372.9,234.3,377.6,251.4,379.8,267.4,380.8,275.4,381.1,278.8]],["msg","p3yfmwrutx2",1691753399453,"怎么什么都出来了"],["line",[0,450.7,130.7,444.1,138.5,437.6,146.3,432.1,153.3,427.6,159.3,424.1,164.6,422,169.3,420.6,173,420,176.1,419.7,178.9,419.7,181.7,420.5,184.4,423.5,186.6,428.4,187.7,434.4,188.1,439.9,188.3,444.8,188.4,449.4,188.4,454.3,187.1,458.2,185.9,460.8,185.1]],["line",[0,479.1,172.4,471.7,186.4,464.2,199.1,458.2,209,454.4,215.9,452,220.5,451.2,223.1,451.6,225.1,455.6,225.5,462.6,224.8,470.4,223.5,478,221.5,483.1,219.9,487.3,218.7,489.3,218.2]],["line",[0,453.3,280,460.3,277.4,468.4,274.1,476.1,270.6,482.6,267.1,487.2,264.6,489.7,262.8,491.3,261.5]],["line",[0,504,152.9,511,154.6,517.3,156.1,524,157.7,530.5,159,535.5,160.9,539.3,162.4,541.9,164,543.2,166.1,536.3,175.4,527.2,185.7,520.3,194.9,516.9,203.1,516,211,516.5,218.1,519.2,224.7,522,230.6,524.3,235.3,525.9,238.9,526.6,241.9,526.9,245.2,526.6,248.6,525.5,252.5,524,257.2,522.8,260.5,521.5,262.7]],["line",[0,528,112.9,530.6,120.3,533,129.1,535.1,140.2,536.2,152.6,536.6,168.7,536.8,183.1,536.9,195.7,536.9,202,536.9,204.6]],["line",[0,501.3,275.6,512.2,278.2,521.4,279.8,530.7,280.5,540.6,279.9,549.7,278.5,557.3,277.4,563.2,276,567.9,274.8,570.5,273.9]],["line",[0,592,136.9,582.8,143.4,570.9,151.6,558,160.8,547.4,169.1,540,175.8,535.6,180.4,533.4,183,538.8,181.3,550.2,174.9,562.9,168.4,573.1,164.1,579.3,162.2,583.5,161.4,585.9,161.5,588.7,165.4,587.4,173.1,582.6,183.4,574.2,195.5,563.5,206.6,550.4,215.2,538.2,219.9,530.9,221.9,527.5,222.7]],["line",[0,564.4,161.8,564.4,170.1,564.4,180.6,565.3,188.5,567.1,196.1,571.2,204.8,576.5,212.8,579.3,216.8,581.4,218.9,584.6,220.3,588.3,220.9,591.8,221.6,594.3,222.1]],["line",[0,560.9,227.6,567.9,229.8,574.6,231,579.8,231.6,582.3,231.9]],["line",[0,552,249.8,560.2,252,568.7,253.7,573,254.5,575.6,255]],["line",[0,552,267.6,559.4,267.2,568.2,265.6,573.7,264.7,576.2,264.3]],["line",[0,573.3,209.8,573.3,219.4,573.3,228.6,573.3,237.6,572.9,246.5,572.2,255.5,571.8,263.5,571.7,268.4,571.6,271.2]],["msg","742wzjv2ml2",1691753411703,"纯爱战神"],["line",[0,346.7,247.1,342.3,241.5,324.5,220.2,309.8,203.6,299.1,192.1,290.6,184.5,282.5,179.2,275.3,176.7,267.4,175.7,259,177.5,250.2,185.6,242.7,201.5,238.9,222.6,238.7,245.2,242.3,266.4,249.4,285.9,258,303.5,267.4,318.3,276.1,331.8,284.8,343.3,292,352.5,298.5,360.5,304.4,367,309.1,371.6,312.7,375,316.2,377.1,318.8,378.5,321.9,379.4]],["line",[0,327.1,232.9,337.5,221.6,349,210,358.5,201,365.8,194.9,371.4,190.8,377.7,188,384.4,186.7,391.7,188.7,398.1,194.8,403.6,205.7,406.2,220.8,406.4,240.2,404.2,261.8,400.2,283.5,395.4,