{"nickname":"电子小猫","round":{"tip":0,"started":1678623384224,"logs":[["colour",["#CE8700"]],["colour",["#732d07"]],["colour",["#F5D6BC"]],["colour",["#f8c94e"]],["line",[0,306.8,103.4,306.8,105.7,306.8,108,306.8,111.9,307.5,116.6,308.3,120.5,308.3,122.8,311.4,134.5,313,141.5,314.5,145.4,315.3,149.3,316.9,153.2,316.9,148.5,316.1,144.6,316.1,140.7,316.1,137.6,316.1,135.3,316.1,132.2,317.7,130.6,319.2,133.7,323.1,138.4,326.2,143.1,329.3,147.7,334.8,151.6,337.9,155.5,342.6,158.6,346.5,161,350.4,162.5,352.7,163.3,355,164.1]],["line",[0,345.7,154.7,347.3,156.3,348.8,158.6,351.1,160.2]],["revoke",null,1678623396773],["revoke",null,1678623397329],["msg","bxeea4odxw2",1678623400500,"狐狸笔刷"],["width",[2],1678623405628],["line",[8,286.5,99.5,2.2688563199999994,285.7,100.2,0.4079580755120009,285,102.6,2.3783155390297503,284.2,105.7,2.9705770223033996,284.2,110.4,3.4350748920407357,283.4,116.6,3.818637445278333,283.4,118.2,4.033586802071445,283.4,120.5,4.164728602475725,283.4,122.8,4.26327234298838,283.4,129.1,4.127552343056881,283.4,131.4,4.087014510029079,283.4,132.9,4.064264583573955,283.4,136.8,4.176233976946588,283.4,138.4,4.045093052900212,283.4,140,4.097532228336821,283.4,143.8,4.15563391060477,283.4,145.4,4.20116340928266,284.2,144.6,4.170530052564459,285,142.3,4.1407254431661205,285.7,138.4,4.088760848880206,286.5,136.8,3.9149237511914157,287.3,132.2,3.8748844513791854]],["line",[8,287.3,132.2,3.8748844513791854,288.9,128.3,3.4516317522391704,288.9,126.7,3.1812772457915512,288.9,129.1,2.9468480966772272,288.9,130.6,2.9218777050766347,288.9,132.2,3.0458787622178605,289.6,131.4,2.8347452214005076,289.6,129.8,2.8449250080412156,289.6,128.3,2.823256893703987,289.6,126.7,2.534773303008553,290.4,125.9,2.481502591378545,290.4,124.4,2.4832387122565205,290.4,125.9,2.500513995210971,291.2,128.3,2.9612453302004704,292,132.2,3.304163005313022,292.7,137.6,3.508503321493359,294.3,143.1,3.850598630036994,295.9,147.7,3.8741505198028214,296.6,149.3,3.8114014975280703,299,155.5,3.683433103195709,300.5,157.9,3.731349940199448,302.1,162.5,3.645274272774177]],["line",[8,302.1,162.5,3.645274272774177,303.6,164.9,3.622479809001627,304.4,167.2,3.61884405276997,305.2,168.8,3.5735302854150053,305.2,170.3,3.4917601916559864,306,171.9,3.473024766032375,306.8,172.7,3.418060760726788,306.8,174.2,3.333658865472481,307.5,175,3.322458681684294,307.5,172.7,3.0252709502268784,306.8,171.1,2.9916254244471947,306.8,168,2.7560756239539117,306,167.2,2.6994587018018636,306,163.3,2.4884342784122326,304.4,159.4,2.170408801148672,303.6,156.3,1.8863488704911129,303.6,153.2,1.6151870410140825,302.9,151.6,2.0735638426248464,303.6,153.2,2.1578981803861943,303.6,154.7,2.236416626266811,304.4,156.3,2.3265408212169634,305.2,157.9,2.395753753781416]],["line",[8,305.2,157.9,2.395753753781416,306,159.4,2.532775575120728,307.5,161.8,2.742817892197988,309.9,164.9,2.92523884953978,313,168.8,3.116204060452745,316.1,171.9,3.3292889624597857,317.7,172.7,3.4699312692103037,321.6,175.8,3.603935583600123,325.5,180.4,3.711135631845538,327,182,3.5518038824761797,330.9,185.9,3.6016084314723527,334.8,188.2,3.3027057090081318,337.1,189,2.977904936984676,334.8,185.1,3.037383816947349,332.5,182,2.8770688603914314,329.3,178.9,2.7461492839507606,327.8,176.5,2.6749298807239352,327,175,2.5712252044570887,326.2,174.2,2.4216676780015423,327,175,2.346467765919588,327.8,175.8,0.8293772214588371]],["line",[8,323.9,176.5,2.2688563199999994,323.1,178.1,2.6690982522780127,323.1,179.7,2.973998034653711,322.3,182,3.2583044485259425,320.8,185.1,3.2344133555342705,320,186.7,3.0896508959907516,319.2,187.4,3.021983562069705,317.7,189.8,3.0855762717948805,316.9,190.6,3.1885343833420245,316.1,191.3,3.513014573540146,318.4,190.6,3.0877409139800056,320,189,3.0625578153977155,322.3,188.2,2.8959267844551864,323.1,187.4,2.712514198618038,323.9,189,1.5219144600206302,323.1,191.3,2.168334339415673,323.9,190.6,2.276485020279435,325.5,187.4,2.0698316655670954,327.8,184.3,1.1757206463247858,328.6,182.8,0.5636674959392156]],["line",[8,343.4,94.8,2.2688563199999994,343.4,97.1,1.3159699347618812,343.4,101,1.9692639623648578,343.4,106.5,2.6785790512683034,343.4,112.7,3.1320337178238136,343.4,121.3,3.4640675070574325,343.4,130.6,3.640910800942801,343.4,139.2,3.5676325399903055,342.6,145.4,3.3014629732519616,341.8,150.1,3.0829411507692734,341.8,152.4,2.6182652089496274,341,150.1,0.21245720982561433,341,147.7,4]],["line",[8,341.8,115.8,2.2688563199999994,342.6,114.3,1.760354514790392,342.6,116.6,1.3162046213788532,343.4,120.5,1.7504913846296875,343.4,125.9,2.247127933031795,343.4,132.9,2.670332652993176,343.4,141.5,3.0280508937474195,343.4,149.3,3.3668055280689773,342.6,157.1,3.521016282782006,341.8,161.8,3.7183929748611133,341.8,163.3,3.5766726323343336,341,169.5,3.652896902311223,340.2,174.2,3.4845410005532607,340.2,176.5,3.3811958211915165,339.5,177.3,3.240258954599125,339.5,178.9,2.290087074601839,339.5,175.8,0.6585892282344439,340.2,172.7,4,341,167.2,4]],["line",[8,342.6,161.8,2.2688563199999994,342.6,163.3,2.2688563199999994,342.6,165.6,1.6520934097892974,341.8,169.5,2.1615409001899506,340.2,174.2,2.600884783264208,337.9,178.1,2.8267098387137697,336.4,180.4,3.114552794005972,336.4,182,3.0701965824166377,334.8,183.6,3.139289964058965,334,184.3,3.0207950229059195,333.2,185.1,3.0077893190643232,333.2,183.6,1.0662511970981727,333.2,180.4,4]],["line",[8,334.8,172.7,2.2688563199999994,333.2,174.2,0.8810799718554705,332.5,175,0.2894430183866712,330.9,177.3,0.45380984920365375,328.6,179.7,0.46916107005871766,327,180.4,0.4571985483555663,324.7,181.2,0.25827389647199883,323.9,180.4,0.0261660871860645]],["line",[8,282.6,136.8,2.2688563199999994,281.1,139.2,2.087765078974596,280.3,140,2.1070579100038582,278.7,143.8,1.4469179730780093,276.4,147,1.5400541020623315,275.6,150.1,1.5964480166645503,274.8,150.9,1.509768438003599,273.3,153.2,1.5458560871995708,272.5,155.5,1.4214427876711415,273.3,152.4,0.13367464343403324]],["line",[8,279.5,139.2,2.2688563199999994,278.7,142.3,1.515318851268467,276.4,146.2,2.0856413496029402,274.1,150.9,2.509335967590756,270.9,157.1,2.705913160051229,266.3,162.5,2.6877117312717624,263.2,166.4,2.84059782109835,262.4,167.2,2.631256129690642,260.8,168.8,2.1987885053731784,260,169.5,0.8775012627589494]],["line",[8,259.3,132.2,2.2688563199999994,258.5,136.1,0.8339964588900175,258.5,142.3,1.2331210527478573,258.5,150.1,2.2633921449073897,258.5,160.2,2.763603350939891,258.5,168.8,3.131001543354005,258.5,171.1,3.175523101357845,259.3,178.9,3.301972675409953,260,182,3.3821388044600926,261.6,189.8,3.4456996746386785,263.2,193.7,3.6868731304758056,265.5,196,3.0359877549951477,267.1,197.6,1.8997251784291516]],["line",[8,256.9,188.2,2.2688563199999994,256.9,189.8,1.6323132352976675,257.7,190.6,1.4379036558396123,260,194.5,2.428678744849151,263.9,198.3,2.979039172035609,267.8,201.5,3.1597902049418565,270.2,202.2,3.0126899087330035,271.7,201.5,2.553963754492237,271.7,199.1,1.8920619309397484,270.9,197.6,1.0033098040750854,269.4,194.5,4,267.8,192.9,0.447891374942853,264.7,192.1,0.6886295132769673,263.9,192.9,1.3853820425692795,263.9,194.5,2.012404348435415,264.7,196.8,2.063151469301591,265.5,198.3,2.1364941915743856,267.1,198.3,1.9956701350234898,268.6,198.3,1.085996479312593,268.6,196.8,0.2000330667900725]],["line",[8,229.7,143.1,2.2688563199999994,228.9,145.4,0.5540102088709364,228.9,147,0.8036121730718744,228.9,149.3,1.1229615266116468,228.9,154,1.406731801094578,228.9,158.6,1.6058309324077884,228.9,164.9,1.748181650273004,229.7,167.2,1.7177790997262194,229.7,173.4,1.8450579317429492,231.2,185.9,1.8576937912247287,232.8,195.2,1.940443196355048,234.4,205.4,1.9987666337165395,236.7,213.9,2.119957881782722,237.5,220.9,2.356335983598747,238.2,224.8,2.583414914388791,239,227.2,2.6849189049960698,239,229.5,2.8122518855000784,239.8,230.3,2.8257189315425686,239.8,227.2,2.7166813364109412,239,222.5,2.7006412178392667,239,216.3,2.533615245319753,239,210,2.2906846102789027]],["line",[8,239,210,2.2906846102789027,239,205.4,1.8932263929547872,239.8,200.7,