{"nickname":"伪装二次元","round":{"tip":0,"started":1676443346742,"logs":[["vote","rmtgy2iuev2",1676443348429,0],["msg","ukoxmu9t2y2",1676443349345,"其实是我在乱画"],["colour",["#f8c94e"]],["line",[8,250.8,124,0.3003634409041922,251.2,123.6,0.29276917536435576,253.2,122.4,1.6445415554339604]],["line",[8,253.2,122,0.6289928231267083,253.2,122,0.6142875764689677]],["line",[8,253.2,122,0.7021899443365953,253.6,122.4,0.6948948705030489,256,123.6,0.8756384401117145,257.6,124.8,2.023623436689377,254.8,123.6,6.200041302491144,253.2,121.2,6.6546249869934115,251.2,114,6.957450582581686,250,106.4,7.081931261345744,248.8,97.6,6.887999552437094,247.6,88,6.544724089111213,246,80.4,6.217840510187216,243.6,72.4,5.504810618868277,241.2,68.8,5.183902743795869,239.6,67.2,4.967270436652598,236.4,66.4,4.690276674353726,234.4,66.8,4.5135498046875,232,67.6,4.484124012834371,228.8,70.8,4.492550314590034,224.4,77.6,4.542790501630378,218.8,85.6,4.629409793058585,214.4,93.2,4.674126788734583,209.6,100.8,4.690276674353726]],["line",[8,209.6,100.8,4.690276674353726,205.2,108,4.625322371721694,202.4,115.2,2.667553148849464,201.6,117.2,0.97537796392632]],["line",[8,196.8,131.6,6.4579815556567155,196.4,132,6.914437850361992,194.8,134,7.134669000238745,196,139.2,4.879522950832751,199.6,142.8,4.475682537670735,203.2,145.2,4.29925828055957,205.6,145.6,4.188481855845083,207.2,144,3.4859786654992604,204.4,142.4,2.8439816759560017,200,141.2,2.498444197859044,196.4,141.2,2.117234105351571,194.8,142.8,2.2525351390690673]],["line",[8,235.2,138.8,3.954804382635757,234.4,138.4,4.116291743739993,234.8,134.4,4.019991813227534,237.6,126.8,3.496142514741223,240,121.6,3.0214717704870964,241.2,118,2.598057065668371,240.8,116,2.379495937835145,237.2,117.2,1.6904350715849432,236.4,119.2,0.9469885197613337]],["line",[8,238.4,112.8,0.2547135467720807,238.4,110.4,0.2470855414867401,238,107.2,0.5330150269651313,236.8,104.8,0.6289928231267083,234.4,104,0.6069267075508833]],["line",[8,235.6,102.8,0.2547135467720807,237.6,101.2,0.2470855414867401]],["line",[8,240,98.4,0.3306843947306959,240,96.8,0.30795209284406155,238,94.8,0.6436760997989666]],["line",[8,262,120,2.1358234761423773,258.8,121.6,2.123435465618968,261.2,121.2,1.9288999889231206,264.8,120,2.474807042606244,268,119.2,3.0433313565004028,272,118,3.3522770105628297,274.4,117.6,2.955459037271339,270.8,120.8,1.8137506130442205,268,121.6,1.585168271085422,265.2,122.4,1.8266252171888198,263.2,122.4,2.409412060729636,270,120.8,4.471456104372464,280,120.4,4.657917872232673,288.4,120.8,3.9501176974008274,296,121.2,1.2477054925761877]],["line",[8,308,120.4,5.169594244128319,308,120.4,5.685538779471244,310.4,122.4,4.170529490564121,312.8,122.8,3.907754041138105,308.4,121.6,0.9042431179304629,305.6,120.4,0.5848110855690436,303.6,118.8,0.38353047265218265]],["line",[8,302.4,117.6,0.3533662737895611,302,117.6,0.3382506199341151,301.6,119.6,2.5337576273523155,303.2,121.2,2.7591688964898538,305.6,121.2,2.730666821567411,308.4,120.8,2.439208599033009,310.4,120.4,1.8073057646392954,310.8,118,2.098600573481235,311.2,114.4,2.4153809249401093,311.6,109.2,2.7875551879405975,312.4,103.2,3.2262442093342543,312.8,94.8,3.5668096847507513,312.4,86.4,3.7203254473915592,310.8,78.8,3.294825855814878,309.6,71.2,2.815826009908477,308.8,66.8,2.228110355987127,308.8,63.2,1.7490752671351117]],["line",[8,317.6,61.2,0.2775637924132752,320.4,63.2,0.3533662737895611,324.8,65.2,0.6363372063424322,330.4,66.4,1.0389408062837902,336,67.2,1.2888883631676435,341.2,69.2,1.1230190674541518,346.4,74.8,0.7313156154013711,350,80.8,0.5330150269651313]],["line",[8,351.2,72.4,0.8613037131321732,351.6,73.6,0.8397610764950514,352.8,76,1.7295741518751129,355.2,79.6,2.3313806075452703,358.8,86,2.8214663455651134,363.6,97.2,3.1729810615574934,367.6,106.8,3.341870693918736,368.8,115.2,3.2527098741761336,367.6,122,3.1890065636461884,365.6,128.4,3.0433313565004028,363.2,136,3.130050640290847,361.6,140.8,3.4143492347720894,361.2,143.2,3.47579762339592]],["line",[8,323.2,131.6,1.6116075217723846,322.8,131.6,1.605005385670637,327.6,132.4,3.8364104474958083,330.8,132,3.9641655487866956,332.8,129.2,3.7203254473915592,332,126.8,3.596839655074291,329.2,124.8,3.5517372280791903,326.4,123.6,3.6366419792175293,324.4,122.4,3.646550253440637,323.6,120,1.8394797152409126]],["line",[8,334.8,108,4.5051613568789435,333.6,107.2,5.122714814024221,330.4,106,3.690928821188635,327.6,105.2,3.959486998979145,324.8,104,3.931330220407716,323.6,102,3.64159822806684,322.4,98,3.204992129576567,322,93.2,2.696311054751277,323.2,90,2.433258842816457,326.8,88,2.439208599033009,331.2,86.8,2.3494599108184673,333.2,86,1.9034513467663317]],["line",[8,191.2,149.2,1.7425799568809452,190.8,149.2,1.7295741518751129]],["line",[8,194.8,145.2,0.2318126291788758,194.8,145.2,0.21651716273481725,191.2,147.2,1.558647038298659,188,149.6,1.8137506130442205,184.8,152,2.1481918905556086,184.4,150,2.073687048512511,187.6,145.2,1.585168271085422,190.4,142.4,1.1020713046768549,192.4,140.8,0.6656598689733073,190.4,143.6,0.4361029736291755,187.2,148,0.825372256265382,184.4,154,0.8971000387100503]],["line",[8,238.4,154.4,0.3003634409041922,238.4,154.4,0.29276917536435576,236.4,156,0.4884028434753418,234.4,158.4,0.7385833907460437,232,163.2,0.9824619134815293,230.4,170.4,0.932761572226326,229.6,174.8,0.6363372063424322]],["line",[8,242.8,157.2,0.2547135467720807,242.4,157.6,0.2470855414867401,240,160.8,0.38353047265218265,236.8,166.8,0.8756384401117145,234.4,175.2,1.2477054925761877,232.4,186.8,1.7100274436943153,231.6,198.4,2.215868812789239,232,209.2,2.6560173026545897,232.8,214.4,2.8439816759560017,234.8,216.4,1.418058827626254]],["line",[8,227.6,168.4,0.3306843947306959,227.2,166,0.42111011989888425,227.2,164,0.6216429474147844,227.2,161.6,1.0810757220456253,223.6,162.8,1.8651284768320409,220,167.2,2.0110581289332004,216.8,171.6,1.9795581738444241,213.2,177.2,1.8970767048813286,210.4,182.4,1.6116075217723846,208.8,185.6,1.2408232971783661]],["line",[8,213.2,172,2.421345008322504,210.4,175.6,1.7360795860035694,206.8,180,1.418058827626254,203.6,187.2,1.6773480862389079,203.2,196.8,2.0549502022554123,205.6,208.4,2.667553148849464,208.4,215.6,2.730666821567411,210.4,218.8,2.5922352228076306,212.8,218.8,1.8394797152409126]],["line",[8,315.6,159.6,5.067902220721834,313.6,157.2,4.381819651669474,314.8,158.8,3.8698192220181227,318.4,168.4,4.228643851063225,321.2,179.6,4.42898238554335,322.8,190.4,4.517738361289929,322.4,198.4,4.629409793058585,320.8,205.2,4.674126788734583,320,208.8,4.678169788676314,320.4,201.2,2.246436224777426,322,194.8,0.5848110855690436]],["line",[8,335.2,149.6,1.532043654115114,336.8,150.4,1.6445415554339604,338.8,155.6,1.8330549781671834,340.8,162,1.9288999889231206,341.6,170,2.0549502022554123,341.6,178,2.1481918905556086,340,187.6,2.3072074247897945,338.8,196.8,2.6848218871305107,337.2,204,3.5012179980917324,336.8,207.2,3.982839129748754,336.8,204.4,2.029898670760275,337.2,201.2,0.7603540186105135]],["line",[8,338.8,195.6,0.7021899443365953,338.8,196.4,0.6948948705030489,338,200.8,0.9611939764435817,336,208.4,1.2408232971783661,332,214.8,1.5785456553207666,328.4,218.4,1.3639006872294601]],["colour",["#25c9ff"]],["line",[8,240,168,2.421345008322504,239.2,167.2,2.409412060729636,240,165.2,2.5922352228076306,244.8,161.6,2.899948792408395,252.4,159.6,3.1943395196935853,262.4,158.8,3.5768366873890045,270.8,158.8,3.289576742790814,278.4,159.6,2.061200746909435,281.6,160,1.074066555300277]],["line",[8,244,174.8,0.8181697192553372,242.4,174.8,0.8109617606896791,238,175.2,0.7458457145780528,236,175.6,0.8469473651511805,237.2,172,2.1913273200520678,242.4,167.2,3.2790653421175193,249.2,162.4,4.093523472547531,260.4,158.8,4.714391133727958,272.8,157.2,5.176755292423394,283.6,158,5.344580847704918,292.4,160,5.2123569243399,298,162.8,4.974812191321689,300,165.2,4.492550314590034,300.8,167.2,4.250818455989673,297.2,170.4,1.6116075217723846]],["line",[8,238.8,163.6,1.8201904296875,238.4,163.2,1.8201904296875,240,161.6,2.067446361464107,245.2,160.4,