{"nickname":"epi10","round":{"tip":0,"started":1675352679212,"logs":[["line",[8,210.2,230.1,4.8839941218542045,210.2,230.1,-1.0040694795785932,210.7,224.4,-34.70358313656254,216.6,203.6,-30.38281925863285,220.3,184.9,-30.38281925863285,222.6,173.3,-34.70358313656254,225.2,159.4,-21.864071805799384,228.8,144,-24.526936825297952,231.6,133.3,-21.864071805799384,237.9,120.1,-25.452912016854086,244.2,109.1,-15.559989563622707,248.4,103,-20.182019463425252,252.4,98.6,-25.452912016854086,256.3,94.2,-24.526936825297952,267.9,87.4,-28.349752278994288,275.8,85.5,-23.620319192399684,282.7,84.6,-23.620319192399684,289.2,84.6,-18.57204249153217,301.5,85.2,-24.526936825297952,309.4,86.2,-24.526936825297952,330,90.3,-18.57204249153217,337.5,91.6,-18.57204249153217]],["line",[8,337.5,91.6,-18.57204249153217,344.3,93.6,-13.474834560000065,353.5,95.7,-15.559989563622707,367.9,100.6,-12.163789469533697,373.3,103.6,-6.991089370852253,376.6,106,-4.144558688954204,381.2,110.7,-4.588149735000789,387.8,116.2,-4.144558688954204,393,120.4,-2.099813499184746,396.3,124.3,-1.0040694795785932,400.3,130.8,2.751200556182839,403.1,138.1,2.5140039249006207,405.2,145.3,3.416819019520416,406.7,153.9,5.18775699864562,408.2,164.4,6.571950209522235,408.6,173.7,5.728140482562857,409,181.8,4.8839941218542045,409.5,190.4,5.46875,409,198.1,5.850092602109171,408.5,213.3,3.6239344288366624,407.9,222.6,4.556263293097431,406.4,232.4,4.383027097848977]],["line",[8,406.4,232.4,4.383027097848977,405.4,240.1,3.416819019520416,404.4,249.3,4.556263293097431,401.9,259.1,5.18775699864562,397.8,269.1,6.079200785064577,393.4,276.6,2.751200556182839,389.5,282.9,2.751200556182839,386.2,290,3.823951874160451,382.5,299.2,2.5140039249006207,380.2,305.1,2.5140039249006207,377.7,310.5,2.5140039249006207,374.7,317.6,6.079200785064577,370.4,329.1,7.094680796347562,367.8,336.4,6.387910733035086,364.3,343.2,4.723200781249931,361.9,348,4.8839941218542045,359.5,354.9,5.038795954465308,358.1,359.7,4.2033357159641636,356.1,365.2,3.416819019520416,354.6,367.9,4.723200781249931]],["line",[8,347.3,366.3,7.213240641562451,347.3,366.3,2.2688573893651593,347.3,368.9,3.416819019520416,348.9,372.5,4.383027097848977,351,377,5.601073796335447,353.5,381.5,6.482021427078834,356,387.5,6.657822839999996,357.4,392.9,7.319755712216777,358.7,397.4,5.728140482562857,358.7,402.7,5.331026053964841,357.5,408.2,4.383027097848977,356.6,412.6,4.556263293097431,354.5,418.7,4.0170307479099066,352.6,422.8,3.416819019520416,350.1,427.8,0.31523162388824044,347.6,431.8,-2.099813499184746,342.9,435.8,2.98062104270919,335.4,439.6,4,328.5,441.9,-1.7240482336045506,321.1,442.8,-1.358867106875076,307.4,442.2,-5.511674950162245,299.6,440.1,-7.510225589895317]],["line",[8,299.6,440.1,-7.510225589895317,293.1,436.1,-3.7127959381108795,288.2,433.1,-2.8839086045315767,280.7,428.2,-6.485107258439005,277.4,425.2,-9.148712642550151,275.2,421.8,-10.310932415783107,272.7,418.3,-7.510225589895317,269.6,411.5,-4.144558688954204,267.8,404.7,-5.992043037988054,267.9,398.3,0.6210577359040785,268.5,387.9,7.575326652499996,271.4,377.1,7.999999920000305]],["line",[8,211.7,242,7.795200048828121,211.7,242,7.671950208568523,214.3,244.1,2.0155852700864028,217.4,246.8,1.2052298149997096,220.4,250.8,3.6239344288366624,222.8,254.7,4.723200781249931,225.3,260.8,5.601073796335447,227.1,267.3,4.0170307479099066,228.6,271.9,4.0170307479099066,229,275.4,4.383027097848977,229.4,279.2,4.383027097848977,229.9,284.1,2.98062104270919,230.4,288.1,3.6239344288366624,230.9,292.6,4.8839941218542045,231.5,296.1,5.46875,232,301.2,5.46875,233,304.4,7.2679502538680705,233.4,306.6,7.9574847320135484]],["msg","s1e2tfy1a03",1675352688352,"大鸡吧"],["line",[8,227.9,280.5,7.2679502538680705,228.4,280.9,5.038795954465308,231.1,286.3,3.823951874160451,235.2,293.4,5.601073796335447,239.8,304.6,6.079200785064577,246.2,313.2,4.383027097848977,251,322.1,5.728140482562857,254.7,332.4,5.038795954465308,256.3,338.5,5.967066448418878,257.6,345.6,5.46875,258.6,353.3,5.46875,258,370.6,3.202437223984374,258,376,4.2033357159641636,258,379.9,5.46875,258.5,382.2,7.9977151203352355]],["line",[8,266.4,207.9,6.739763158154144,266.9,206.5,4.0170307479099066,268,202.2,3.202437223984374,273.3,196.1,2.0155852700864028,278.2,191.2,1.4839519623754196,285.4,184.1,2.98062104270919,291.1,178.8,3.823951874160451,301.2,171.4,0.9176601659937393,306.9,168.1,0.6210577359040785,310.7,165.7,-0.32483176557709115,313.6,163.8,4,316,163,-0.6594566322900572,317.9,162,0.6210577359040785,319.9,161.6,1.7540099675816245,321.9,161.1,2.98062104270919,328.4,162.1,3.823951874160451,333.4,163.1,1.7540099675816245,335.7,165.2,3.823951874160451,339.1,168.1,3.823951874160451,341,170,4.383027097848977,345.1,174.3,7.9996723212499985]],["line",[8,265.9,216.8,7.458783960481871,265.9,216.8,6.657822839999996,264.3,219.4,3.6239344288366624,263.9,222.5,2.98062104270919,263.4,226.1,2.751200556182839,263.5,229.9,2.98062104270919,264.5,237.1,1.2052298149997096,265,242.5,1.2052298149997096,265.5,246.8,3.416819019520416,266.5,251.8,2.751200556182839,267.5,255.1,3.202437223984374,268,258.1,4.556263293097431,270.1,261.4,7.998828719390716]],["line",[8,268.9,260.7,5.331026053964841,268.9,260.7,4,272.7,259.6,0.6210577359040785,276.8,258.1,-0.6594566322900572,281.1,256.6,0.9176601659937393,287.7,253.6,2.98062104270919,300.4,247.1,4.0170307479099066,308.4,243.2,3.6239344288366624,313.8,241.3,3.202437223984374,318.1,239.8,3.416819019520416,323.2,238.9,5.601073796335447,329.4,238.4,4.2033357159641636,332.8,238.5,3.416819019520416,335.6,238,4.556263293097431,337.6,238,7.773939193615561]],["validated","s1e2tfy1a03",1675352691527,"鸡巴"],["line",[8,268.9,282.9,6.482021427078834,273.8,281.3,-0.32483176557709115,279.7,277.7,2.98062104270919,284.6,274.8,2.751200556182839,290.1,272.4,2.0155852700864028,299.7,267.5,1.4839519623754196,307.3,265.3,2.2688573893651593,312.4,263.5,2.2688573893651593,316.1,262.6,2.2688573893651593,320,261.6,3.6239344288366624,322.5,261.7,5.728140482562857,326.5,261.7,7.97345791578125,329.6,260.7,7.999999919998398]],["line",[8,345.3,194.1,6.89233261609634,345.3,194.1,6.96320065917953,345.3,196.3,6.482021427078834,345.8,200.3,6.186630971644352,346.4,207.5,4.2033357159641636,346.3,212.3,4.2033357159641636,346.8,216.8,4.383027097848977,346.3,224.7,5.038795954465308,344.7,235.8,4.2033357159641636,343.3,242.9,4.556263293097431,340.1,250.4,5.46875,337.7,255.2,5.728140482562857,335.3,258.5,7.998828719390716]],["line",[8,341.9,241.5,5.18775699864562,341.9,242.5,1.4839519623754196,341.9,246.3,0.9176601659937393,341.3,251.1,2.751200556182839,340.8,257.2,3.416819019520416,338.2,267,3.823951874160451,335.8,274.5,2.2688573893651593,332.3,282,1.4839519623754196,329.3,289.9,3.202437223984374,325.8,299.1,2.751200556182839,323.5,305.5,2.0155852700864028,319.4,311.5,1.4839519623754196,316.5,316.4,2.751200556182839,309.5,321.7,3.202437223984374,304.6,325.6,3.202437223984374,301.8,327.9,6.657822839999996]],["validated","scn866f5h03",1675352693616,"大鸡巴"],["line",[8,267.9,258.3,6.657822839999996,267.9,259.2,4.0170307479099066,268.5,265.7,2.751200556182839,268.9,270.9,2.751200556182839,269.4,277.8,3.6239344288366624,270.4,285,3.823951874160451,273.5,293.7,3.6239344288366624,277,301,2.751200556182839,279.4,307,2.0155852700864028,280.9,311.4,0.9176601659937393,283.4,314.2,2.0155852700864028,285.3,317.2,1.2052298149997096,288.3,319.1,2.0155852700864028,291.3,320.5,3.202437223984374,294.3,321.5,4.2033357159641636,300.8,322.4,7.15552031561486,303.9,322.4,7.99595000257492]],["msg","s1e2tfy1a03",1675352701063,"大脑"],["hit","u5kj43mt903",1675352703408,"耳朵"],["hit","s1e2tfy1a03",1675352703409,"耳朵"],["line",[8,422.8,122.6,7.773939193615561,422.8,122.6,7.700152488974574,422.8,112.9,7.6096258210004315,423.4,94.9,7.935200041198721,426,80.3,5.46875,428.4,71.9,1.7540099675816245,429.8,66.6,0.9176601659937393,434.3,54.8,3.6239344288366624,438.2,51,4.2033357159641636,448.6,47.4,4.0170307479099066,457.4,46.6,5.46875,466,49.2,5.038795954465308,481.8,56.2,4.8839941218542045,489.3,60.2,