{"nickname":"左手画画","round":{"tip":0,"started":1677919878012,"logs":[["colour",["#cab0da"]],["line",[27,95.6,311.3,2.2688563199999994,93.1,312.1,1.1658544431481284,91.5,310.4,1.1183248150520146,91.5,308,1.2582714606133383,92.3,303.9,1.2263208081569212,92.3,299,1.4478689187943843,93.1,291.6,1.812796287401369,93.9,284.2,2.076337849032167,94.7,276,2.094958772781209,96.4,267,2.136493418002651,97.2,258,2.2098648859328485,97.2,249.8,2.4015878522890493,98,241.6,2.4961215247000066,98,233.4,2.8097059771513218,98,224.4,2.9338184726590475,98.8,215.4,2.9825384565365116,98.8,208.1,2.921510315040207,98.8,199.9,2.9173189916043727,98.8,191.7,3.141901058802027,99.7,181.8,3.151543438202295,99.7,172.8,3.212845048081693,99.7,164.6,3.2986182310875583,99.7,155.6,3.460837905607508,100.5,145.8,3.8111983279387704,101.3,135.2,3.8272475460552586,102.1,125.3,3.7623750546896195,103.8,116.3,3.5732483506947252,105.4,107.3,3.3664035533234182,107.9,99.1,3.3441947670327696,111.1,91.7,3.348395544742697,114.4,84.4,3.334574578260395,117.7,77,3.2328862068718065,121.8,70.4,3.1952616710370476,125.9,64.7,3.1896060758424003,129.2,59.8,3.196692608411337,133.2,54.9,3.2295100787534627,137.3,50,3.2292622310760777,141.4,45.9,3.1525381400416466,146.4,41,3.1254401855466476,150.4,36,3.0885022643612565,153.7,31.9,3.1120886068210902,158.6,28.7,3.120187500569341,161.9,25.4,3.1239630441018633,166,23.8,3.145533741663029,168.5,22.9,3.1549843345224406,174.2,21.3,3.0790895836222676,178.3,20.5,2.9674122557036533,182.4,20.5,2.8887124409752145,186.5,20.5,2.782955950643622,191.4,21.3,2.8501408485847426,197.1,22.9,2.845729161388043,202.1,23.8,2.8286046314915296,207,24.6,2.816721720707088,212.7,26.2,2.8410728978621433,218.4,27,2.8447725945740965,223.4,27.9,2.813909363186827,228.3,29.5,2.809089651695696,234,30.3,2.7938292423608333,238.9,31.1,2.80866249818989,243.8,31.1,2.814082214739991,249.6,31.9,2.8622759006940734,254.5,31.9,2.88312711964233,259.4,31.9,2.907424754477119,263.5,31.9,2.9242753208656502,270,32.8,2.902983063714893,274.1,32.8,2.9082765587600985,278.2,33.6,2.8967556338616163,281.5,34.4,2.8954882690429686,284.8,36,2.8954882690429686,286.4,38.5,2.8728633518699223,288.9,42.6,2.862724960755373,290.5,47.5,2.8650300458394486,291.3,52.4,2.8655468499430503,293,59,2.84497768472092,293.8,66.3,2.845589406993869,294.6,73.7,2.837909083723205,295.4,81.9,2.843180830827988,295.4,91.7,2.885972016208087,295.4,101.6,3.0307668104148604,294.6,111.4,3.099692154757226,294.6,121.2,3.182597153493231,294.6,128.6,3.2396363949463938,294.6,131.1,3.204925605813849,294.6,141.7,3.3424096491613016,294.6,153.2,3.4489955627415307,294.6,163.8,3.530647618158265,294.6,174.5,3.5561819379889608,294.6,185.9,3.5933840047870165,294.6,196.6,3.600413014708785,294.6,207.2,3.6069676613518507,293.8,215.4,3.631789439790957,293.8,217.9,3.651901117835104,293,226.1,3.7423147843001576,292.2,237.5,3.865954744089243,291.3,245.7,3.9111960412237456,290.5,253.1,3.9920236458800185,289.7,260.5,3.921234443931932,288.9,267,3.8845329214762225,288.1,272.8,3.8632530581046423,287.2,278.5,3.842058756002845,286.4,281.8,3.840073173453172,284.8,287.5,3.6972563161137595,283.1,291.6,3.693257875337591,281.5,295.7,3.699857456825022,279.1,299.8,3.6891147708038634,275.8,303.1,3.72233542857081,273.3,305.5,3.7248195950000005,270,307.2,3.7248195950000005,265.1,308.8,3.7422533251656747,260.2,310.4,3.8676389068118233,255.3,311.3,4.036943339628669,249.6,312.9,4.213116148950118,242.2,312.9,4.384434287245992,235.6,312.9,4.503776334398625,228.3,312.9,4.6270538482028405,220.9,312.9,4.887749798687366,213.5,312.9,5.010897741179777,205.3,312.9,5.1765169590269435,199.6,312.1,5.300921297911815,188.9,311.3,4.744193374070691,179.9,310.4,4.224493536522761,170.9,310.4,4.132844532465014,162.7,311.3,3.8201446037679494,155.4,312.1,4.466255025049822,148.8,312.9,5.093073437270599,143.9,312.1,5.334466187765846,139,311.3,5.397881145604284,135.7,310.4,5.541246522289496,132.4,310.4,5.244158716166338,130,310.4,4.875172543654388,127.5,310.4,4.453554267684758]],["line",[27,181.6,319.5,2.2688563199999994,179.9,321.9,1.8704901297565772,179.9,325.2,2.492551627987871,179.9,330.9,3.000241526494297,179.9,339.9,3.180851238939857,179.9,348.1,3.40546742086949,179.9,350.6,3.2354356645408853,179.9,359.6,3.0251266567142068,179.9,366.1,2.8240741481469396,179.1,371.1,2.8387991193963416,178.3,375.2,2.8258590898131306,178.3,379.3,2.8405113760880676,178.3,381.7,4,179.9,380.1,4]],["line",[27,195.5,317,2.2688563199999994,193.9,320.3,1.5608920875607932,193,325.2,1.7843309210403007,192.2,330.1,2.267973401059865,191.4,338.3,2.7987012956845243,191.4,340.8,2.7785905224813394,191.4,352.2,3.0611051746296987,191.4,364.5,3.265674043710657,191.4,373.5,3.45325817382618,191.4,378.4,3.392325189139804,191.4,382.5,3.388346081174893,191.4,385,3.813309007620738,189.8,386.6,4.288840196871529,187.3,383.3,4.077069009355867,184.9,382.5,4.012287108768035,182.4,381.7,3.969492386256154,179.1,381.7,3.961195725682667,175.8,381.7,3.959751445410099,170.9,381.7,3.742297746190922,163.6,382.5,3.886201323086552,157.8,383.3,4.122146934575648,151.3,384.2,4.214644609047228,143.9,385.8,4.293088715507626,135.7,387.4,4.041620130891882,129.2,389.9,3.9196415430634177,124.2,391.5,3.9094573025567483,117.7,394,3.8885633814600986,112,396.5,3.765295094908164,108.7,397.3,3.734588237345444,102.9,399.7,3.3396160782966007,99.7,401.4,3.256071699905802,98,403,3.076971614474358,100.5,403.8,1.9555850880388181,104.6,406.3,1.7148499452776447,111.1,407.9,1.7333739406000577,116.9,408.7,2.0162924139476974,119.3,408.7,2.174864748884067,129.2,408.7,2.4974345265167734,139.8,407.9,2.441559667788911,151.3,407.1,2.4368954545962804,163.6,407.1,2.6916759835730844,176.7,407.1,2.9759390254943856,188.9,406.3,3.2148200538794596,200.4,406.3,2.7830417005440244,208.6,406.3,2.8152144619256134,220.1,405.5,2.5956532146650897,227.4,404.6,2.864493592730847,234,403,3.170056106171158,238.1,401.4,3.5152508933280115,240.6,400.5,3.9272029331056597,242.2,398.9,4.352708150653107,242.2,396.5,4.603399189114219,238.9,393.2,4.480919623120474,236.5,391.5,4.473399678887933,233.2,390.7,4.489226369986626,228.3,389.9,4.668094355186438,223.4,389.1,4.766528481118328,217.6,389.1,4.780727343762189,211.1,389.1,4.745106863408741,206.1,389.1,4.862807893211736,199.6,389.9,4.949609329851706,195.5,389.9,4.912644533463271,193,389.9,4.184516465265858]],["colour",["#222"]],["line",[0,380.6,207.2,379.8,203.1,379,200.7,379,196.6,378.2,192.5,377.3,187.6,376.5,181.8,375.7,176.1,374.9,170.4,374.9,164.6,374.9,160.5,374.9,154,376.5,148.3,378.2,142.5,379.8,138.4,381.4,134.3,383.1,131.1,386.4,127,390.5,122.9,393.7,118.8,397.8,115.5,401.9,112.2,406.8,110.6,410.9,108.1,416.7,105.7,422.4,103.2,426.5,101.6,433.9,99.1,440.4,96.7,447,95.8,452.7,95,458.4,95]],["line",[0,458.4,95,464.2,95,469.1,95.8,474,96.7,478.1,98.3,483,100.8,487.1,103.2,492,105.7,496.1,108.9,499.4,111.4,502.7,114.7,505.9,118,509.2,121.2,511.7,123.7,513.3,127,515.8,131.1,517.4,134.3,518.2,137.6,519.1,140.9,519.9,143.3,520.7,146.6,520.7,150.7,521.5,154,519.9,155.6,517.4,154,514.1,153.2,511.7,152.4,507.6,152.4,504.3,151.5,500.2,151.5,496.9,150.7,492,150.7]],["line",[0,492,150.7,488.7,149.9,483,149.1,478.1,149.1,473.2,149.1,468.3,149.1,464.2,149.1,459.3,149.1,454.3,149.9,450.2,149.9,446.2,150.7,442.1,151.5,438,152.4,433.9,152.4,430.6,153.2,427.3,153.2,424,154,421.6,154,419.1,154,415.8,154.8,413.4,155.6,410.9,155.6,410.1,158.9,410.1,161.4,410.1,164.6,410.1,167.9,410.1,171.2,410.1,173.7,410.1,176.9,410.1,180.2,410.1,183.5,410.1,189.2]],["line",[0,410.1,189.2,410.1,191.7,410.9,194.1,410.9,197.4,411.7,200.7,411.7,203.1,412.6,205.6,412.6,208.1,412.6,210.5,409.3,208.1,407.7,205.6,405.2,203.1,403.6,201.5,401.9,199.9,399.5,198.2,397,195.8,393.7,195,391.3,195,388.8,196.6,386.4,199,383.9,203.1,383.1,205.6,383.1,208.1,383.1,210.5,383.1,213,383.9,216.2,384.7,219.5,386.4,222,390.5,224.4,393.7,225.3,396.2,226.1,399.5,226.1]],["line",[0,399.5,226.1,404.4,225.3,407.7,225.3,410.9,223.6]],["line",[0,448.6,162.2,446.2,161.4,442.9,162.2,440.4,163.8,438,165.5,436.3,167.9,434.7,170.4,433.9,172.8,433,