{"nickname":"Tins","round":{"tip":0,"started":1677877363257,"logs":[["colour",["#f8c94e"]],["line",[0,86.3,346.1,84.1,346.9,81.9,345.4,80.4,343.9,78.9,341.7,78.2,339.5,76.7,338,75.9,335,73.7,331.3,72.2,327.6,70.8,323.9,69.3,321,68.5,318,68.5,315.8,67.8,313.6,67.8,310.6,68.5,308.4,68.5,306.2,68.5,304,68.5,301,68.5,297.3,68.5,294.4,68.5,292.1,68.5,289.2,67.1,287,66.3,284.7,64.1,282.5,61.9,281,60.4,279.6,58.9,277.4,57.4,275.1,56.7,272.9]],["line",[0,56.7,272.9,56,270.7,54.5,268.5,53.7,266.3,53,263.3,52.3,260.3,51.5,257.4,51.5,254.4,51.5,252.2,52.3,249.2,53,247,54.5,244.1,55.2,241.9,56.7,240.4,58.2,237.4,59.7,235.9,61.1,233.7,63.4,232.2,65.6,230.8,67.8,229.3,70,227.8,72.2,226.3,74.5,224.8]],["revoke",null,1677877379800],["line",[27,64.1,359.4,2.2688563199999994,62.6,358,1.5144052933533132,61.1,355.7,0.4557688172738521,60.4,353.5,0.4662133181065693,59.7,351.3,0.46145943629791386,58.9,349.1,0.40675142774989403,58.2,346.1,0.48051554348159886,58.2,343.9,0.514175827152588,57.4,341,0.5832943518539624,57.4,338.7,0.6314556394858375,57.4,336.5,0.7044320807634827,57.4,334.3,0.728068792528604,57.4,332.1,0.7304058511399507,58.9,329.9,0.6208341256520322,59.7,327.6,0.6523848255054734,61.1,325.4,0.7400117756539082,62.6,323.2,0.7681405177562333,63.4,321,0.7747835512592207,64.1,318,0.7597369527164286,64.8,315.8,0.7389021395297029,65.6,312.9,0.7301940755781064,65.6,310.6,0.7676769636448686,66.3,308.4,0.8598582908594601,66.3,306.2,0.8730660523284266,66.3,303.2,0.8715409144759043,66.3,301,0.9151589254302843,66.3,298.1,0.9039592833976977,66.3,295.8,0.8850061398693496,65.6,292.9,0.929965229030671,64.8,289.9,0.9383081928236043,64.1,287,0.9439110978906058,63.4,284,1.0112030261237743,62.6,281,1.0230968739796573,61.1,278.8,1.057768975307277,59.7,276.6,1.245907166309074,58.9,273.7,1.3644744730670277,57.4,271.4,1.6118459282275381,56,268.5,1.6064723270403602,55.2,266.3,1.7851883366456995,53.7,263.3,1.9449479365333548,53,261.1,2.0078641739894705,52.3,258.1,2.0372978727476054,51.5,255.9,2.0398050328786805,51.5,252.9,2.016138467176013,50.8,250,2.225151980780889,50.8,247,2.49154188386652,50.8,244.8,2.520686535312935,50.8,242.6,2.5986389913034174,50.8,239.6,2.6166778701941125,51.5,236.7,2.6640157950911885,52.3,234.5,2.6898047308949513,53,232.2,2.681718052035177,53.7,230,2.668326823033664,55.2,228.5,2.6412863038000083,56,226.3,2.5872916998337683,57.4,224.8,2.519011474169954,58.9,222.6,2.5161825582280137,61.1,221.1,2.4794429572867376,63.4,219.7,2.47282842050081,64.8,218.2,2.4233657479818786,66.3,216.7,2.4017679229704187,68.5,215.2,2.394426336739248,70,213.7,2.3845699090798735,71.5,212.3,2.3732815817987163,74.5,210.8,2.326667608047731,75.9,209.3,2.321759860372743,78.2,207.8,2.3355223310140047,79.6,206.3,2.3491664682684954,81.1,204.1,2.3351167791607788,81.9,201.9,2.2731949046217172,82.6,199.7,2.2753704909648462,83.3,197.5,2.19052149955197,84.8,195.3,2.08295784434957,85.6,193,2.0495301165288913,87,190.8,2.043054313309102,88.5,188.6,2.0228504565913337,90,187.1,2.0285859870691025,91.5,185.6,2.028152299075221,93.7,184.2,2.012179601360846,95.9,182.7,1.9532762318455363,98.1,181.9,1.912517829493197,100.3,181.2,2.0045485941771544,102.6,181.2,2.0735544851371666,104.8,181.9,2.1207741326259093,107,182.7,2.13256036374034,109.2,182.7,2.1781463628454096,111.4,182.7,2.1900497983217395,112.2,180.5,2.1851528575695456]],["revoke",null,1677877385961],["line",[27,64.1,196.7,2.2688563199999994,62.6,198.2,0.7381838047981963,62.6,202.7,0.9592535352932874,63.4,207.1,1.260749150534382,64.1,212.3,1.4096269932701242,64.8,217.4,1.4468877025491018,64.8,223.4,1.7840221973773582,65.6,229.3,1.732921017100744,65.6,235.9,2.193964662742305,66.3,242.6,2.6129366596498196,66.3,250.7,2.724667360735719,67.1,258.9,2.758268581756318,67.8,267.7,2.8616327337656795,68.5,275.9,2.88504270210848,69.3,283.3,2.9936149018910756,69.3,289.9,2.9402882954322678,70,296.6,2.9958867851900104,70.8,301.8,2.7544398825967047,71.5,307.7,2.672824567104767,72.2,312.9,2.6708014386267127,72.2,316.6,2.4423451732976966,73,320.2,2.170863213832492,73.7,323.9,1.7589951969133004,73.7,326.9,1.6454470818091886,74.5,329.1,1.4298910817121362]],["line",[27,61.9,193,2.2688563199999994,59.7,193,1.6320276698882017,61.9,193,1.73957985218542,65.6,193,1.6660655301751044,67.8,193,1.6009243599102696,70,193,1.6416369731900637,73,193,1.6792420495919833,75.9,193,1.7692150307258894,79.6,193,1.7960877960709727,84.1,193,1.9339698255389823,87.8,193,1.9880012856788936,92.2,193.8,2.2016902662630757,96.6,193.8,2.2822571501522386,101.1,194.5,2.3685834743994993,105.5,194.5,2.6003393994894255,110.7,194.5,2.695528946982466,116.6,194.5,2.8618233080395044,121.8,193.8,2.961774185229893,127.7,193,2.8467087669272884,133.6,193,2.949469953732005,138.1,193,2.8796605247760114,143.2,192.3,2.9512313513763484,148.4,192.3,2.7247616888080453,152.9,192.3,2.5899474074723026,157.3,192.3,2.571839960166611,161.7,192.3,2.4143411943727067,165.4,192.3,2.3675124466179316,168.4,192.3,2.197292698912764,172.8,193,2.1366883556597633,176.5,193,2.0618372443919935,179.5,193,1.9976716194343132,182.4,193,1.9256930889285089,185.4,193,1.8515462325870375,188.4,193,1.5160896688904026,192.1,193,1.2129466613456392,194.3,193.8,0.8734045406335049,197.2,193.8,0.4495887340965563,199.5,193.8,0.2105821871160396,201.7,194.5,4]],["line",[27,207.6,196,2.2688563199999994,205.4,196.7,4,205.4,199,0.8125110282413273,205.4,201.9,1.0152507738173213,205.4,205.6,1.3035192788971361,205.4,207.8,1.4874826043408254,204.6,211.5,1.5531726346311556,203.9,215.2,1.6328028712107416,203.1,220.4,1.7315995111194518,202.4,225.6,1.6404186263235632,201.7,231.5,1.7118610710925113,200.9,236.7,1.6892449969358507,199.5,241.9,1.7289241434413798,198.7,247,1.7334585052839833,197.2,252.9,1.6485975921674845,196.5,258.9,1.6727587402070405,195,266.3,1.6641776248898736,194.3,272.9,1.684492829317474,193.5,280.3,1.6503772972749982,192.8,287,1.6641062975735395,192.1,292.9,1.8713474120837201,191.3,298.8,1.8991498084986258,190.6,304,1.995807152666508,189.8,309.2,2.0862244979581384,189.1,313.6,2.1405822223273674,188.4,318,2.1039521427833234,187.6,321.7,2.1618693784797793,186.9,325.4,2.1437592931692855,186.1,328.4,2.160158209336232,186.1,331.3,1.685983689607566]],["line",[27,69.3,247,2.2688563199999994,71.5,247.8,0.5763424482052084,73.7,249.2,0.4848504130451676,75.2,250.7,0.6594755121992613,76.7,253.7,0.7078134479929972,76.7,256.6,0.81446100086462,74.5,260.3,0.7237067764666829,73,262.6,0.7316691371136868,71.5,264,0.6169094771878365,70,265.5,0.5977777708121277]],["line",[27,108.5,195.3,2.2688563199999994,109.2,197.5,1.126403751522676,111.4,201.2,1.1890952568007798,112.2,203.4,1.1781110010749378,113.7,205.6,1.2368257701292507,115.9,207.8,1.2612042498066582,118.8,207.1,1.1796481925032136,121.1,205.6,1.0032100035553713,122.5,204.1,0.8104137340851674]],["line",[27,142.5,266.3,2.2688563199999994,141.8,269.2,2.2688563199999994,141,271.4,1.2412510067665847]],["line",[27,133.6,283.3,2.2688563199999994,133.6,280.3,1.2214268411108167,133.6,278.1,0.5700167000941807,135.1,275.9,0.7823468672320217,136.6,272.9,1.2569468831296113,138.1,271.4,1.778096839940269,141,269.2,1.8645778723888835,143.2,268.5,1.7964638566668736,146.2,269.2,1.673513021893542,148.4,271.4,1.6586442806152197,150.6,274.4,1.6679989045173773,151.4,276.6,1.4796645803468973]],["line",[27,181,309.2,2.2688563199999994,178.7,307.7,2.891968665262416,177.3,305.5,2.6303994907820876,176.5,302.5,2.145192030656773,176.5,300.3,1.533671313913719,176.5,298.1,1.0297642508180536,178.7,296.6,0.7886205500539516,181.7,295.1,0.44624611304397366]],["line",[27,185.4,222.6,2.2688563199999994,183.2,221.1,1.2568205999891884,183.2,218.9,1.3939005805114029,183.2,216,1.562406438022819,184.7,213,1.6153181515122572,187.6,210,1.6920972978973374,189.8,208.6,1.3548832918137936,192.1,207.1,1.376376373091757,195.8,206.3,0.8897280911856003]],["colour",["#222"]],["line",[27,106.3,230,2.2688563199999994,104,231.5,1.1920774110979675,103.3,235.2,1.3483314752459616,102.6,237.4,1.6230739888354622,102.6,239.6,1.6703013289310356,102.6,242.6,1.769601217957213,102.6,