{"nickname":"好人","round":{"tip":0,"started":1700207352636,"logs":[["colour",["#f8c94e"]],["line",[0,298.2,170,296,170,293.6,168.9,291.1,168.8,288.5,168.8,285.4,168.8,283.4,168.8,281.4,168.8,279.4,170.1,278.1,171.7,277.4,174.5,277.1,176.5,277.1,178.5,277.1,180.9,278.2,182.6]],["line",[0,291,167,288.9,168.5,287.2,170.2,285.6,172,284.2,173.8,282.7,176.3,281.3,178.5,280,180.4,278.7,182.6,277.5,184.3,276.3,186.6,274.2,189,272.2,191.7,269.6,195.4,268.4,197,265.9,200.5,263,204.4,261,206.7,259.3,208.7,257.6,210.9,256.4,212.9,254.3,215.9,251.9,219.1,249.7,223.2,248.2,226.4,247.2,228.6,245.7,231.3,244.8,234.4,244,237.2,243.2,239.5,242.6,241.9,242.3,244]],["join",1700207374937,"5ko2lhumki2","123","218.29.227.70","Mozilla/5.0 (Linux; U; Android 13; zh-cn; M2011K2C Build/TKQ1.220829.002) AppleWebKit/537.36 (KHTML, like Gecko) Version/4.0 Chrome/109.0.5414.118 Mobile Safari/537.36 XiaoMi/MiuiBrowser/17.8.181023 swan-mibrowser",false],["line",[0,242.3,244,242.2,247.1,242.2,249.1,242.2,251.6,242.2,254,242.2,256.6,242.7,258.6,243.8,260.6,245.3,262.2,248,264.2,250.1,265.9,252.2,266.5,254.7,267.5,256.6,268.6,261.2,268.7,264.3,268.7,267.3,268.7,269.5,268.7,271.7,268.4,275.3,267.3,278.7,266.1,283,265.2,285.2,264.8,288.3,263.7,290.5,262.5,293,261,295.2,259.9,297.7,258.2,299.8,255.4,301.4,253.9,304.1,251.7,305.7,250.4]],["line",[0,305.7,250.4,307,248.1,309,245.3,310.3,243.4,311.7,241.5,312.5,239,313.7,237.1,314.8,234.5,316.5,230.8,317.6,228.4,319,225.4,320.1,223.2,321.6,220.9,322.9,218.5,323.9,216.4,325,213.5,326.1,211.6,327,209.7,328.5,207.3,329.7,205.4,331,203,332,200.3,332.9,197.3,334,195.2,335.3,192.4,336,190.5,336.6,188.1,337.4,186.1,338.5,183.7,339.5,181.5,340.4,179.6,340.9,176.9]],["line",[0,340.9,176.9,342.3,174.3,342.6,172.2,343,169.6,343.8,167.4,344.5,165.1,345.1,163,345.7,160.5,346.3,157.8,347.2,155.3,348,152.9,348.6,150.8,349,148.4,349.3,145.8,349.3,143.7,349.3,141.7,343.7,141.1,335.7,140.5,330.7,140.1,328.5,140,323.9,140.8,321.6,141.6,318.9,143.4,315.9,146.3,314.1,148.1,312.9,149.9,310.9,152.4,308.7,154.2,307.1,156.6,305,158.8,301.8,162.2,299.7,164.9]],["line",[0,299.7,164.9,297.4,167.5,295.3,170.5,293.1,173.1,291.9,174.8]],["line",[0,298.5,150.2,300.5,150.2,303.1,151.9,304.4,153.5]],["line",[0,310.8,146.6,309.6,144.7,309.6,142.6,311.4,140.8,313.9,140.5,317.2,140.5,320.9,141.1,323.1,141.7,325.2,142.3]],["line",[0,301.8,155,301.8,152.6,302.3,150.3,303.4,148.3,304.7,146.7,306.7,146.6,308.9,146.6]],["line",[0,292.8,165.8,291.7,163.8,291.6,161.5,291.6,159.4,291.9,156.9,292.8,155.1,296.4,154.5,299.9,154.4,302.2,154.4,304.8,154.4]],["line",[0,320.5,148.4,322.6,148.4,324.6,147.6,326.7,147.2,328.3,148.6]],["line",[0,331.9,148.4,334.2,147.9,337.1,146.8,339.7,146.6,340.3,148.7,339.7,150.8]],["line",[0,342.1,151.4,344.6,150.8,346.6,150.8,349,151.6,350.5,153,350.1,155.3,347.5,156.1]],["line",[0,313.8,155,315.9,154.4,318.6,154.4,321.3,154.4,323.4,154.4,324.4,156.6]],["line",[0,328.3,160.4,330.4,159.3,332.7,159.2,334.3,160.6]],["line",[0,337.9,162.8,340.4,162.8,342.9,164.3,345,165.8,346.2,167.9,344.9,169.6]],["line",[0,303.6,162.8,306,162.3,308.8,162.3,311.5,162.2,314,162.2,316.1,162.2,318,163,318,165.9,318,169]],["line",[0,324.7,166.4,326.8,165.8,328.3,167.3,328.3,169.4]],["line",[0,327.4,171.5,329.7,170.4,332,170,334,169.5,336,169.4]],["line",[0,334.3,173.6,336.8,174.4,338.4,176.9,338.5,179.2]],["line",[0,300.6,172.4,303.1,171.9,306.6,172.6,309.2,173.7,310.8,175.1,310.8,178.4]],["line",[0,319.3,179.1,322.3,181.2,323.7,182.8]],["line",[0,326.5,184.5,328.7,184.5,330.7,185.3,332.1,187,332.5,189.1]],["msg","5ko2lhumki2",1700207401547,"黄瓜"],["hit","wzym5z80ol2",1700207401615,"玉米"],["colour",["#CE8700"]],["width",[2],1700207402937],["line",[0,333.7,136.9,347.9,131.9,358.4,128,363.8,126.1,366.6,125.1,368.1,124.3]],["line",[0,337.3,141.1,337,139.9,338.1,138.6,340.1,137.1,342.5,135.4,344.6,134.2,347.7,132.8,350.6,131.7,354.4,129.8,358.5,128.1,361.1,127.3,362.4,126.9]],["line",[0,328.3,139.3,329.5,139.3,332.2,137.8,336.1,133.4,339.7,129.1,342.4,126.1,343.7,124.4,344.5,123,345.7,121.7,347.6,120.5,348.6,119.9,350.4,119.5]],["line",[0,333.4,132.7,340.1,129.1,344.9,126.7,348.1,125,350.8,123.3,352.4,122.2,353.7,121.7,354.7,121.4]],["line",[0,339.4,134.8,343.4,131.1,350.5,125.6,354.7,122.7,356.6,121.5,358,120.4,360.6,119.9,362.1,119.6]],["line",[0,347.2,141.7,348.3,140.4,350.1,138,352.6,135.2,355.4,132.2,358,129.3,360.8,126.6,362.2,124.9,363.1,123.3,363.7,122.1]],["line",[0,346,143.3,348.4,141.5,353.2,138.8,358.8,135.3,362.1,133.1,363.5,132.1,367,128.2,369.6,125.1,370.8,123.5]],["line",[0,342.7,139.3,344.5,136.7,346.4,135.2,350.1,132.9,354.2,130.6,357.8,128.8,359.9,127.6,361.1,127,362.2,126.7,363.6,126.7]],["line",[0,361.1,120.7,362.6,120.7,363.6,120.7,365,120.7,366.2,121.3,367.8,122.5,368.6,123.8,369.3,125,369.6,126]],["line",[0,343,139.3,343.8,138.4,344.8,137.3,345.9,136.1,347.4,134.6,349.7,132.7,351.8,131,353.2,129.6,354.4,128.7,355.3,127.6,356.6,126.8,358.2,125.8,359.3,125,360.1,124.3,361.7,123.7]],["line",[0,342.1,135.1,348,131.5,356.3,127.4,363.7,124,367.6,122.1,369.3,121.2,370.3,120.3,371.6,119.2,372.6,118.4,373.4,117.7]],["line",[0,344.5,122.5,345.4,121.6,346.8,121.1,348.1,120.3,351.5,118.9,353.7,118.2,355.6,117.3,357.5,116.8,358.7,116.6,360.1,116.5]],["line",[0,341.8,147.8,353.5,140,365.5,131.3,372.2,126.5,375.2,124.1,376.3,123.1,377.1,122.4]],["hit","5ko2lhumki2",1700207413802,"玉米"],["colour",["#008d26"]],["line",[0,234.4,23.2,233.5,30,231.2,54.9,229.9,73.5,229.4,84.7,229.1,96.3,229,116.9,229,130.9,228.7,141,227.9,152.9,225.7,169.7,223.3,188.2,221.7,202.2,220.4,213.9,219.4,223.6,218.1,233.3,217.4,244.8,216.5,254.6,216,262.4,215.8,268.9,215.7,274.7,215.4,282.3,215.2,290.8,215.2,297.2,214.5,314.5,214.2,327.6,212.8,340.6,211.2,352.6,210.3,362.7,209.9,375.1,209.8,384.2,209.7,390.1]],["line",[0,209.7,390.1,209.7,396.9,209.7,401.7,209.4,405.4,209.2,407.5,209.2,409.3,209.1,411.1,209.1,414,209.1,416.8,209.4,419.1,209.6,421.7,209.9,424.8,210.4,427.1,210.7,428.7,211.7,438.6,212.3,444.5,212.5,447.1,212.6,448.1,212.7,450.2,212.7,452,212.7,455.2,212.7,457.2,212.7,458.8,212.7,460.5,212.7,461.9,212.7,463.6,212.7,465,212.7,466.3,212.7,467.3,212.7,468.8,213,471.2,213.2,474]],["line",[0,213.2,474,213.2,475.7,213.3,476.8]],["line",[0,256.1,20.2,254.8,22.6,253.6,29.2,252.3,35.1,251.3,43.1,249.1,54.7,247.9,62.7,247,70,245.8,77.8,244.8,88.3,239.9,120.2,236.8,141.3,234.7,154.3,232.6,164.6,230.4,177.4,228.6,186.1,227.8,192.6,227.1,197.4,226.2,203.6,225.4,208.7,225.1,212.6,224.9,221,224.8,226.6,224.8,233.9,224.8,240.1,224.8,245,224.8,248.2,225.1,252.7,225.9,256.2,226.3,258,226.5,259,226.6,260]],["line",[0,226.6,260,227.2,267.1,227.8,275,228.2,280.9,228.3,285.5,228.4,289.2,229,293.6,229.3,298.3,229.5,301.7,229.6,303.3,230.5,308.6,231.3,313.5,231.7,317.3,231.9,321.3,232.5,328,232.9,338.2,233.1,349.6,233.2,357.9,233.2,363.9,233.2,372.1,233.2,378.2,233.2,386.2,233.2,392.1,233.2,403.6,233.2,412,233.2,419.8,233.2,425.5,233.2,429.4,233.2,432.8,233.5,436.2,233.7,438.2,233.7,440.9]],["line",[0,233.7,440.9,233.8,445.2,233.8,449.1,233.8,453.1,233.8,456,233.8,458.9,233.8,460.3,233.8,461.8,233.8,463.2,233.8,464.5,233.8,465.5,235,465.6,236,466.1,236.2,462.9,236.2,460.9]],["line",[0,231.4,269.9,231.4,268.4,231.4,267.3,231.4,266.2,231.4,264.9,231.4,263.9,231.4,261.6,231.7,257.6,231.9,255.3,232.2,254,232.5,252.8,232.6,251.6,233.1,250.4]],["line",[0,232,250.1,232,248,232.3,246.8,233.4,242.4,234.5,239,236.9,233.2,239.4,225.6,241.3,220.4,242.2,217.4,243.2,214.9,244.5,212.5,245.6,209.4,247.2,206.6,249,203.2,250.6,199.6,252.5,196,254.7,190.9,256.8,186.1,258.1,182.8,259.6,179.8,261.2,176.2,263.3,172.8,265.8,168.5,268.9,163.6,272.3,159.5,275.6,156.1,280.7,149,285.3,143,289.1,137.7,292.1,133.3,294.8,129.7,297,126.7]],["line",[0,297,126.7,300.1,122.6,303,119,305.9,115.4,308.9,112.3,311.8,109.6,314.8,107.4,317.3,106,320,104.5,323.4,102.6,327.3,100.6,331.1,98.5,334.5,96.5,337.6,94.3,340.1,92.9,342.2,91.6,345.3,90.1,347.5,89.3,350.1,87.5,352.4,85.9,354.3,84.8,358,83.4,364.4,81.2,369.7,79.4,374.3,77.9,378.1,77.2,380.6,76.3,382.6,