{"nickname":"小帅","round":{"tip":0,"started":1689137793409,"logs":[["join",1689137798447,"ye9co5f4hr2","蔡徐坤","110.87.4.35","Mozilla/5.0 (Linux; U; Android 11; zh-cn; MI 9 SE Build/RKQ1.200826.002) AppleWebKit/537.36 (KHTML, like Gecko) Version/4.0 Chrome/100.0.4896.127 Mobile Safari/537.36 XiaoMi/MiuiBrowser/17.6.610626 swan-mibrowser",false],["colour",["#d20000"]],["line",[0,249.8,219.5,241.2,235,231.4,255.8,221.4,280.7,212.9,306.3,206.4,330.4,202.3,349.3,199.7,362,198.4,368.2,200.8,365.1,205.3,350.3,212.5,327.2,221.7,299.4,231.8,271.3,241,248.8,250.1,229.4,258,214.1,263.8,203.5,267.2,198.3,268.6,196.7,264.5,208.4,255.5,229.1,244.5,255,233.2,281.2,222,308.5,214.1,329.4,209.1,343.2,206.2,349.3,207,346.9,211.1,339.4]],["line",[0,282.6,199.9,275,214.3,264.2,235.2,251.5,262.3,231.2,303,226.8,311.5,225.5,313.1,232.4,299.9,251.6,266.8,267.8,237.7,279.7,216.3,286,206.2,288.5,203.2,285.1,210.9,275.3,231.3,263.3,257.6,250.5,285.5,239.6,309,232.9,325.2,230.2,331.2,228.7,333.6,229.9,330.1,235.6,317,246.6,295.3,260.7,270.7,276.7,248.2,293.1,226.7,311.6,206.2,323,193.5]],["revoke",null,1689137807362],["revoke",null,1689137808106],["line",[0,345.8,155.1,343.4,155.2,339.5,154.8,334.1,155.1,325.2,155.1,316.2,155.9,307.2,157.2,296.2,160.6,286,164.9,276.8,170.3,268.2,177.7,258.8,186.2,248.9,198.2,239.1,211.3,229.9,226.3,221.8,242.7,214.7,261.1,210.4,279.1,209.1,296.4,212,314.6,220.2,332,233.1,348.2,250.2,360.9,270.6,368,294.7,370.9,321,370.1,348,365.2,377.2,354.6,400.5,340.6,419.9,323.8,434,305.3,444.2,284.8]],["line",[0,444.2,284.8,453.1,240.5,453.7,220.4,453.4,205.3,452.7,194.7,450,187.2,443.2,178.6,434,172.3,422.7,168.1,409.8,165.2,394.1,161.6,379,160.1,365.5,159.5,352.1,162.4,340.6,167.1]],["width",[20],1689137810478],["line",[0,272.6,232.7,269.3,239.8,263.5,253,257.6,268.9,252.8,282.6,250.2,291.7,249.2,295.6,247.6,289.3,248.1,268.8,249.6,244.6,252.2,225.2,254.4,211.6,255.8,205.7,251.5,225,243.5,251.2,234.2,280.1,226.5,303.2,220.6,317,216.7,321.9,218.9,303.7,226.3,277.8,236.6,249.5,247.8,223.5,258.1,204.5,264,194.7,259.8,210.3,247.7,238.2,234.9,266.4,224.6,287.4,217.3,299.3,217.6,289.9,229.2,257.9]],["line",[0,229.2,257.9,248.1,218.1,256.4,203.3,260.4,197.6,252.6,215.4,239.8,242.3,228.6,266.1,219.5,282.4,214.7,289.8,217.1,278.6,229,253.6,245.8,222.5,263.3,193.3,276.1,172.2,283.5,160.2,286.5,157.2,277.1,175.7,258.6,210.4,238.8,251.7,223.5,286,214.4,306.3,211.1,314.4,223.9,286.6,243.6,247.7,265.6,206.6,283,176,292.1,161.3,295.7,158.6,292.2,168.9,278,199,256.2,244.4,238.3,283.1]],["line",[0,238.3,283.1,228.3,306.3,223.8,316.3,234.1,297.6,253.5,261.9,276.1,219.8,295.2,186,307.1,164.6,312.2,156.9,303.3,180.4,282.7,223.2,258.8,272.9,240.3,313.8,230,336.6,225.9,345.8,234.1,322.9,252.4,281.8,275.4,238.6,295.5,205.6,307.3,187,313.9,180.6,313.9,184.6,303.5,207,282.6,248.1,259.9,293.4,243.6,329.8,234,347.3,230.8,354.4,231.9,349.5,244.6,321.2,266.2,274.7,290.4,226.3]],["msg","ye9co5f4hr2",1689137812701,"莲雾"],["msg","uhbikhji3p2",1689137813015,"番茄"],["line",[0,290.4,226.3,313.5,187.6,329.7,163.7,336.8,155.4,329.1,175.7,309.6,218.6,286.1,267.7,267.6,308.4,255.8,334.7,250.4,346.4,258.3,324.4,277.2,281.7,300.5,235.9,319.8,201.4,332.2,183.2,337.2,179.3,334.9,187.3,318.2,225.1,290.1,286.5,263.2,350.4,247.7,389,238.8,410.6,235,416.9,238.1,404.4,252.6,362.3,277.1,308.8,303,258.5,324.1,222,338.6,200.1,344.9,192.1,332.6,222.1,310.2,268.8]],["line",[0,310.2,268.8,271,347.9,262.6,364,259.6,367.6,263,355.6,279.3,315.9,304.9,264.5,330.9,217.8,354.3,182.7,366.7,165,371.9,161.6,368.8,169.7,351.5,204.2,324.5,254.8,301.9,295.8,284.7,329.1,277,343.3,283.5,328,303.1,288.2,328.4,239.5,351,201.2,363.9,179.5,368.7,172.1,352.9,198.6,325.2,246.1,296.3,298.3,274.3,338.7,267.7,357.8,267.1,362.5,275.2,349.1,295.3,311.9,323.1,264.2]],["line",[0,323.1,264.2,352.2,221,373,192.5,387.6,180.9,380.5,193.6,358.5,225,330.8,277.9,284.3,376.1,281.4,389.7,277.6,397.1,291.2,364.2,320.9,306.2,359.4,242.5,394.3,193.5,418.6,168,431,155.8,418.7,175.9,384.2,226.8,347.7,281.6,320.3,326.1,301.9,358.9,294.1,372,306.8,345.1,332.6,295.1,363.8,242.9,390.9,200.5,407.8,175.9,413.9,166.3,394.2,192.7,359,245.6,324.1,300.3,300.9,341.4]],["hit","p66xikw7dd2",1689137814736,"苹果"],["line",[0,300.9,341.4,287.2,366.2,282.1,376.8,286.7,369.7,307,335.8,340.9,284.1,373.2,236,402.6,197.3,420.1,178.5,428.4,171.9,426.1,179.2,411.2,207.3,388.9,247.2,347.4,320.7,333.9,348.1,329.1,359.2,343.5,333.7,370.4,287.6,403.7,240.7,433.9,205.5,451.4,185.6,459,177.5,457.6,181.6,441.4,209.1,416.2,252.3,392.7,295.6,376.2,327.9,368.7,342.4,374.4,324.5,415.6,245.9,437.9,213.7,453.1,197]],["line",[0,453.1,197,460.8,193.5,453.3,209.3,436.5,242,416.5,279.9,400.6,313.3,392.2,337.3,388.9,348.8,394.8,332.9,406.4,307.9,419.4,280.9,432.7,259.9,439.7,246.7,443.6,243.8,437.5,262.7,425.7,289.1,413.6,313.9,404.1,332.4,400.1,339,406.1,323.2,417.4,296.5,431,269.2,441.1,251.5,452.9,230.2,458.2,221.5,457.6,229.1,445.8,254.9,434,278.5,424.7,298.3,418.4,310.3,414.9,316.6,418.7,302.4]],["line",[0,418.7,302.4,426.4,287.5,432.8,272.8,436.3,264.5,421.2,282.4,404.9,305,389.3,329,374.9,348.6,364.8,360.5,359.3,364.6,359,347.5,369.9,321.1,383.2,292.5,395.8,271.6,402.7,259,405.2,255.5,398.6,266.5,384.3,288.3,366.3,317,350.1,343.4,337.3,362.5,329.5,372.6,325.4,375,324.9,370,329,355.9,335.8,338.2,341.8,321.7,346.6,307.3,348.2,299.5,343.5,302,334.8,316.4,324.5,335.1]],["line",[0,324.5,335.1,318,350.2,315.7,357.2,319.4,354.3,330.4,338.3,342.3,321.1,352.2,308.2,358.1,300.2,361,297.3]],["line",[0,325,168.3,335,168,348.1,166.7,365.2,164.2,380.6,161.8,394.6,160,405.9,161,412.6,162.9,416.5,164.5,421.4,167.3,425.3,173.1]],["hit","ye9co5f4hr2",1689137817358,"苹果"],["colour",["#008d26"]],["msg","uhbikhji3p2",1689137818724,"西红柿"],["line",[0,303.4,203.9,313.4,205.4,326.5,206.6,341.9,207.1,358.8,207.1,373.8,206.8,384.5,205.7,389.8,204.7]],["line",[0,353.4,201.5,357,196.5,365.4,185.2,387,159.5,411.5,134.7,440,113.6,475.2,93.9,501.7,85.5]],["colour",["eraser"]],["line",[0,198.7,321.4,201.5,330.2,205,339.9,208.2,350.1,211.5,358.3,214.3,364.9,216.7,370,219.5,373.8,223.2,378.1,227.3,379.3,231.3,379.8,232.1,374.5,229.9,370,226.8,360.2,223.8,353.4,221.5,348.7,222,354.6,225.3,362.8,230.1,371.6,235.3,379,239.8,384.1,243.2,387.1,241.2,383.1,237.3,377.3,231.2,366.3,224.9,357.1,221.4,351.2,217.7,347.5,214.8,344,212.1,341,214.8,346,219.2,353.2]],["hit","uhbikhji3p2",1689137823501,"苹果"],["hit","vke1bkklwm2",1689137823870,"苹果"],["line",[0,219.2,353.2,224.7,363.2,230.8,374.9,236.4,385,242,393.6,246.6,399.6,249.5,403.3,254.7,407.9,258,410.6,251.6,405.8,242.7,402,233.4,398.2,226.5,396,220.5,395.5,213.2,394.7,207.1,394.3,202.4,394.6,205.9,391,210.7,392.2,219.9,396.6,229.6,404.6,238.2,415.6,248.8,436.8,250.2,442.4,245.2,442.1,240.9,439.8,235.2,432.6,227.1,417,219.9,403.1,214.3,386.1,212.5,377.9,212.6,373.9]],["line",[0,212.6,373.9,215.8,377.4,221.6,385.5,227.4,396.1,233.2,407,238.5,416.7,242.4,423.9,244.2,428.6,239.1,423.5,234.9,417.2,229.8,407.6,224.7,396.4,220,384.4,217.1,374.3,214.6,366.7,213.6,361.9,219.8,365.9,226.2,371.4,234,378.5,242.1,384.6,249.4,389.8,257,394.2,261.8,397.4,258.3,394.6,255,391.1,251.4,384.9,244,375.7,237.4,370,233.9,366.9,231.5,363.1,229.2,358.9,226.5,354.2]],["line",[0,226.5,354.2,228.5,358.8,231.9,362.8,235,365.5,239,367.9,242.7,370.7,246.6,373.6,253.6,378.3,259.9,381.7,264.7,383.7,270,386.1,276.2,388.1,285.5,389,291.5,389,297.8,388.7,305.2,387.6,312.6,386.4,318.3,384.5,322.5,382.6,327.2,380.3,322.9,380.6,318.1,381.4,313.7,382,306.8,384,300.3,386,294,387.6,286.6,389.2,279,392.7,266.3,398,256,401.7,248.6,405.1,243.3,406.8]],["hit","cvjranxofu2",1689137826046,"苹果"],["line",[0,243.3,406.8,237,409.2,232.3,410.9,237.8,409.5,244.1,408.4,253.5,407.2,264.2,405.6,282.1,402.8,289.4,401.2,295.5,400,301.2,398.5,306.4,396.1,311.6,393.7,316.2,392.4,321.9,390,329.2,387.6,334.6,386,341,384.4,346.9,382.6,353,380.1,358.9,377.7,365.7,375.7,372,373.7,378.2,371,383.9,368.5,389,366.6,394,364.5,397.7,362.1,401.3,359.7,406.3,357.1,394.8,359.1,385.2,362.3]],["line",[0,385.2,362.3,377.4,364.8,370.9,366.8,363.8,369.8,