{"nickname":"明矾","round":{"tip":0,"started":1696171461555,"logs":[["msg","6dqbpe3mui2",1696171464170,"太难画了"],["msg","a7qk8wr2xx2",1696171465172,"好好好"],["colour",["#fff"]],["colour",["#d20000"]],["msg","n9jcl5t6r52",1696171469599,"伊桑"],["colour",["#aaa"]],["line",[0,233,143.6,238.6,139.7,241.5,137.9,250.7,133.1,263.5,127.8,283.2,122.5,293.8,119.8,307.3,118.9,319.1,120.1,324.9,120.9,334.7,124.4,340.1,126.4,342.5,127.3]],["line",[0,231.2,146.6]],["msg","a7qk8wr2xx2",1696171472896,"空"],["revoke",null,1696171473681],["revoke",null,1696171474069],["line",[0,269.2,120.3,270.6,118,276.5,114.7,284.5,111.5,288.9,109.8,297.7,107.6,308.3,106.5,313.8,106,321.4,106.4,329.4,108.1,333.6,109.1,336,109.7]],["line",[0,267.4,121.5,271.7,122.2,274.5,122.5]],["line",[0,341.6,110.9,344.7,110.9,344.3,113.3,342.3,114.8,340.7,116]],["msg","a7qk8wr2xx2",1696171476915,"斯卡蒂"],["line",[0,287.3,93.4,285.7,96.8,284.5,101.2,284.1,103.3]],["line",[0,289.1,90.8,291.2,89.5,294.5,88.3,297.4,87.6,301.2,86.8,303.7,86.3,306.8,85.6,308.9,85.1,311,84.5,313.2,84.1,314.7,85.7,315.5,88.2,316,90.6,316.7,93.3]],["line",[0,321.8,90.5,322.3,94.1,323,96.6]],["colour",["#222"]],["msg","8rn6b11dav2",1696171480693,"深海色"],["join",1696171481540,"5spr1p7uqe2","微凉","39.128.34.186","Mozilla/5.0 (Linux; U; Android 12; zh-cn; Redmi K30 Pro Build/SKQ1.211006.001) AppleWebKit/537.36 (KHTML, like Gecko) Version/4.0 Chrome/109.0.5414.118 Mobile Safari/537.36 XiaoMi/MiuiBrowser/17.8.70926 swan-mibrowser",false],["line",[0,282,114.5,279.3,119,277.7,124.8,277.4,129.4,277.4,131.6]],["line",[0,323.5,112.7,325.8,113.8,328.9,116,332,119.4,333.5,121.3,335.1,123.8,336.2,126.2]],["line",[0,309.8,116.5,311.7,118.4,313.3,120]],["line",[0,307.7,123.2,310.5,123.5]],["line",[0,292.6,123.8,290.1,129,289.1,131.1,287.9,134.3,286.9,137.4,286.2,139.7]],["msg","a7qk8wr2xx2",1696171483021,"老鲤"],["line",[0,327.6,118.8,329.4,120,330.6,121.6,332.4,123.7]],["line",[0,337.5,127.9,335.8,130]],["line",[0,291.4,140.1,291.7,142.3,293.3,144.8,295.6,147,297.5,148.6]],["line",[0,317.7,137.2,316,139.4,313.3,142.8,311.8,144.6,308.2,148,305.1,151.4,303.5,153.6]],["validated","6dqbpe3mui2",1696171484587,"？"],["line",[0,298.4,136.1,296.2,136.1,295.3,139.2,296.2,141.6,298.4,144.4,299.8,146,302.3,148.2,306.1,149.3,309.5,149.5,312,149.5]],["line",[0,318.2,132.6,317.2,136.4,314.6,141.7,311.3,146.7,309,150.2,307.9,151.9]],["revoke",null,1696171486715],["revoke",null,1696171486897],["revoke",null,1696171487061],["revoke",null,1696171487266],["msg","n9jcl5t6r52",1696171487906,"又穷举是吧"],["line",[0,288.5,116.8,286.2,120.2,281.1,127.1,278.2,131,274.4,135.8,270.1,141.2,266.4,146.1,264.9,148.8]],["line",[0,322.9,116.2,325.7,117.3,329.8,120.6,332.4,123.8,333.7,125.5,335.7,128.3,337.3,130.9,338.5,132.8]],["line",[0,289.6,137.8,289.5,141.4,292.1,145.6,295.7,148.9,297.6,150.6,300.5,151.6,305.2,151.3,307.7,151]],["line",[0,332,129.6,330.1,133.5,328.4,137,324.2,141.6,321.8,144.1,314.7,151.3,310.6,155.3,308.8,157.1]],["colour",["#aaa"]],["msg","a7qk8wr2xx2",1696171492337,"灰礼帽"],["line",[0,266.9,169.3,267.3,173.8,268.9,177.9,269.8,180.1,271.6,181.9]],["line",[0,349.2,149.5,348.1,151.2,345.4,155.8,343.1,160.2,341.8,162.5,339.9,165.8,338.9,167.9]],["line",[0,351.2,156.2,349.5,158.8,346.9,162.4,345.5,164.4,341.2,169.9,336.1,175.3,333.5,178,331.9,179.6]],["line",[0,280,160.9,280.6,166.4,281.7,169.9,282.5,171.9,284.3,170.7]],["line",[0,282,155.6,283.2,153.4,285.9,152.6,288.5,153.3,292.4,156.3,294.5,159.5,297.6,165,298.8,167.2]],["line",[0,347.4,148.9,343.6,150,339,154.7,332.4,162.3,324.6,171.6,320.5,176.5,315.9,182.9,312.9,187.4,311.6,189.5]],["hit","6dqbpe3mui2",1696171495017,"灵知"],["line",[0,268,190.9,266.7,192.9,266.1,197.5,265.3,205.2,264.8,209.5,264.1,216.6,261.7,230.4,260.3,238.1,257.4,250.9,254.9,263.6,253.6,270.1,253.1,276.3,252.9,279.4]],["line",[0,252.3,188.6,249.8,194,248.9,196.6,246.2,204.4,242.6,214.5,240.7,219.9,237.6,229.6,232.5,244.8,226.2,261.8,223,270.7,217.8,283.6,213.9,294.9,212,300.5,211.3,302.8]],["line",[0,336.6,178.4,337.3,180.5,339.1,191.7,340.8,202.4,341.6,207.7,342.8,225.5,343.5,249.9,343.7,263,344.4,275.2,346.8,288.8,348.2,295.8,350.5,302,352.4,305.7,353.7,307.9]],["kitsu",["六星辅助"],1696171496530],["line",[0,355.6,150.7,357.6,152.9,361.3,158.8,366,167.4,368.5,172,373.6,186,379.8,206,384,219.9,385.9,226.4,389.9,243.1,393.5,260,396.7,275.2,398.9,288.5,399.9,295.1,400.4,297.9]],["line",[0,270.1,189.5,269,191.4,265.9,195.8,263.3,198.9,259.9,202.4,257.6,204.8,256.1,206.4]],["line",[0,273.3,207.3,276.2,210.9,279.9,215.2,281.8,217.4,283.8,220.4,285.4,222.8,286.5,224.5]],["line",[0,266.9,232.4,264.8,232.8,268.1,236.4,270.9,237.7,276.3,237.8,279.4,237.8]],["line",[0,328.8,204.1,327.2,205.6,323.2,209.8,318.1,214.7,315.8,217.8,314.4,219.8]],["line",[0,345.7,215.5,344.4,217.5,343.2,219.5,340.9,223,337.7,226.4,333.9,229.7,329,232.7,324.8,235.1,322.6,236.3,320,237.5,322.3,238.1,324.7,238.2]],["msg","a7qk8wr2xx2",1696171499175,"啊？"],["colour",["#1317f6"]],["line",[0,310.1,223.1,306.9,221.8,303.9,221.4,301,221,298.1,220.8,295,220.7,297,221.8,297.2,223.9,297.2,226.5,297.5,228.7,297.7,233.8,297.7,236.7,298.4,245.5,298.7,255.3,298.9,260.4,299,268.3,298.7,276.9,298.5,281.3,298.4,285.3,298.4,289.4,298.4,291.6,299.2,294.3]],["hit","a7qk8wr2xx2",1696171502449,"灵知"],["hit","534wka0t4w2",1696171502592,"灵知"],["line",[0,135.5,353.3,137.6,351.7,139.4,350.6,144.5,347.2,150.6,343.3,153.7,341.3,168.5,332.4,188.9,321,199.7,314.9,211.6,308.6,226,301,233.6,297,248,289.1,260.5,282,266.7,278.5,275.4,274.2,280,272,282,271]],["line",[0,287.3,267.4,290.1,266.5,296.7,266.6,307.2,268.7,313,270,318.7,271.7,330.4,275.8,337,278.1,351.5,283.4,382.3,294.4,399.5,300.5,421,307.4,450.2,316.5,473.7,323.9,485.2,327.5,489.9,329,492.4,329.8]],["msg","6dqbpe3mui2",1696171504447,"冰冻"],["line",[0,213.7,99.9,210.9,99,203.5,98,200.3,97.7,190,98.2,165.8,103,146.8,107.9,137.5,110.4,117.7,118,97.4,127,87.1,131.7,80.4,135.7,77.3,138,75.6,139.4]],["msg","pvrsz3ztkm2",1696171507403,"乌有"],["revoke",null,1696171507439],["msg","a7qk8wr2xx2",1696171507854,"啊"],["msg","n9jcl5t6r52",1696171508055,"数码"],["colour",["#25c9ff"]],["line",[0,122.9,49.6,122.3,52.2,121.3,58.3,120.7,61.7,119.6,68.4,118.4,75.8,117.8,79.7,117.9,82.4]],["line",[0,123.2,47,124.6,49.3,127.8,53.1,129.5,55.1,132.3,58,135,60.2,136.9,61.6]],["line",[0,121.5,75.3,121.4,78.1,122.3,82,122.8,84.2,124.8,89.2,129.9,102.9,133.9,114.7,135.9,120.5,139.3,134.9,143.7,152.5,146.1,161.8,149.7,170.3,153.3,175.8,155.2,178.3]],["extra",1696171509398,"a7qk8wr2xx2",15],["line",[0,134,59,134.5,64.1,135.1,66.5,137,73.6,141.3,94.8,143.7,106.9,145.9,124.6,147.8,149,148.8,162,149.2,167.6,149.4,169.8]],["line",[0,494,48.5,493.2,50.5,492.3,59.9,490.5,73.7,489.5,81.1,485.6,102.4,482.2,119.4,480.5,127.6,478.1,142.2,477.7,150.5,477.7,154.2,477.7,156.2]],["line",[0,492.8,36.2,495.2,35.3,497.3,34.9,499.3,34.6,501.7,34.9,503.7,36.1,505.1,37.9,504.8,41.7,504.6,44.8,504,48.8,503.6,51,503.5,53.7,504,58.8,504.3,61.6,505,66.6,506,76.4,506.5,81.9,507,89.7,507.5,105.7,507.8,114.6,506.5,135,504,156.9,502.3,170.4,501.5,176.5,501.2,179]],["line",[0,486.4,129.1,485.4,131.1,488,140.5,490.9,152.8,493.5,168,495.2,180.4,496.2,188.9,496.6,193,496.9,195.3]],["line",[0,505.4,146.9,506,150,505.9,158.3,505.8,163,504.8,171.4,501.2,189.5,499,199.5,495.8,212.2,491.8,226.1,489.7,233.3,488.8,236.3]],["msg","n9jcl5t6r52",1696171512784,"鼠王"],["line",[0,58.4,175.2,58.6,182.6,58.8,186.4,59.5,202.4,59.8,220.3,60,229.5,60.1,243.8,60.1,251.5,60.1,254.8]],["line",[0,54,172.8,57.9,176.2,60.7,178.2,63.6,179.7,63.5,177.7,66.3,184.9,67.8,188.1,74.5,202.1,82.1,218.8,88.9,235.5,92.3,244.1,93.7,247.7,94.5,249.6]],["line",[0,58.4,254,60.6,256.4,66.5,264.3,71.8,273,78.9,286,82.7,292.9,87.4,302,91.1,307.3,92.8,309.7]],["line",[0,81.8,236.5,79.5,237.1,78.6,243.5,78.7,246.6,81.1,256.5,83.6,265.9,88.6,287.2,93.7,311.8,96.3,324.6,100.6,346.1,104.3,363.9,107.6,377.4,109.3,384,110,386.7]],["line",[0,576.9,161.2,574.3,166.6,573.8,169.2,572.7,173.2,570.9,178.8,570,181.8,567.3,188.3,564.9,193.9,563.7,196.6]],["line",[0,578.1,159.4,