{"nickname":"诺卡","round":{"tip":0,"started":1699371570944,"logs":[["leave","szift0fftk2",1699371577793],["msg","4i3cxa605o2",1699371580362,"狐狸笔刷"],["msg","22bubwktyt2",1699371590227,"西瓜"],["colour",["#f3b2aa"]],["join",1699371595331,"szift0fftk2","Rainzer","110.156.249.22","Mozilla/5.0 (Linux; Android 10; K) AppleWebKit/537.36 (KHTML, like Gecko) Chrome/115.0.0.0 Mobile Safari/537.36",false],["line",[0,297.2,189.6,296.5,192.1,295.2,194.1,293.6,195.7,291.4,197.6,289.2,198.8,287,200.4,285.1,201.6,283.1,202.9,281,204.4,279.3,205.8,277.2,206.9,275.2,208,272.9,209.3,271,210.5,269.2,211.4,267.2,212.8,265,213.8,262.9,215.4,260.8,217.1,259.2,218.4,257.3,219.8,255.5,221.2,253.9,223.4,252.7,225,251.2,226.8,250,228.7,248.9,230.6,247.8,232.6,246.2,235,245.5,236.9,244.4,238.7]],["msg","22bubwktyt2",1699371598632,"荔枝"],["join",1699371599525,"sktvs6vdyz2","yening","171.111.230.102","Mozilla/5.0 (Linux; U; Android 13; zh-cn; M2012K11AC Build/TKQ1.220829.002) AppleWebKit/537.36 (KHTML, like Gecko) Version/4.0 Chrome/109.0.5414.118 Mobile Safari/537.36 XiaoMi/MiuiBrowser/17.8.181023 swan-mibrowser",false],["line",[0,244.4,238.7,243.9,240.8,243.6,243.2,243.6,245.4,243.1,247.6,243.1,249.8,243.1,252.6,243.1,255,243.6,257.1,244.4,259.9,244.9,262.1,246,264.7,247.1,266.7,248.2,268.6,249.7,270.4,251.4,272.2,253,274.1,254.7,275.9,257,277.3,259.3,278.8,261.6,280.1,263.9,280.9,266.1,281.8,268.6,282.1,271.3,282.1,273.9,282.1,276.1,282.1,278.5,281.3,280.7,280.6,282.7,279.7,284.5,278.8]],["line",[0,298.3,188.5,299.3,190.4,300.4,192.6,301.8,194.5,303.9,195.5,305.8,196.2,308,197,310.1,197.5,311.9,198.5,314,198.7,316.2,199.2,319.1,199.3,321.6,199.8,323.6,200.1,325.8,200.4,328,200.9,330.7,201.7,332.6,202.7,334.7,203.9,336.4,205,338.7,206.6,340.7,207.4,342.7,209.1,344.3,210.8,345.8,212.5,347.2,214.7,348.4,216.7,349.5,218.8,350.6,220.5,351.7,222.2,352.4,224.1,352.7,226.7]],["hit","n3da4e6j7n2",1699371602690,"桃子"],["line",[0,352.7,226.7,353.3,228.9,353.8,231.2,354.1,233.4,354.4,236.1,354.7,238.2,355.1,240.4,355.2,242.6,355.2,244.9,355.2,247.1,354.8,249.2,354.7,251.7,354.7,253.8,354.2,256.4,353.6,258.6,352.6,261.4,351.8,263.6,351.1,265.9,350.1,267.8,348.8,269.8,347,271.6,345,272.9,342.8,274.4,340.6,275.3,338.4,276,336.4,276.5,334.2,276.6,332.2,276.6,330.1,276.6,328,276.6,325.6,276.4,323.5,276.1]],["line",[0,323.5,276.1,321.4,275.6,319.2,275.5,317,274.9,314.7,274.9,312.7,274.9,310.3,274.7,308.1,274.4,305.9,274.4,303.8,274.8,301.8,275.4,299.8,275.8,297.7,276.5,295.6,277.1,293.2,277.7,291,278,288.8,278.3,286.8,278.3]],["hit","22bubwktyt2",1699371606228,"桃子"],["line",[0,296.1,247.9,295.6,250.3,295.8,253.2,296.6,255.3,297.2,252.8,297,250.1,296,247.9,295,249.7,295.3,252.4,296,254.6,296.7,252.2,296.2,249.4]],["line",[0,310.5,253.1,309.2,255.1,309.1,257.9,310.8,260,313.2,260.3,315.3,259.5,317.6,258.1,319.3,255.6,320.3,253.2,321.2,255.2,323.3,257.1,325.4,257.7,327.5,258,330,256.9,331.3,254.5,331.5,251.8,330.5,249.3,328.5,248.4]],["line",[0,335.9,243.5,336.9,245.3,337.8,247.6,337.2,245.1,336.3,242.8,335.9,240.7,336.7,243,337.7,245.8,336.6,243.8,335.9,241.9]],["hit","szift0fftk2",1699371609856,"桃子"],["colour",["#008d26"]],["line",[0,282,281.8,279.9,282.1,277.6,282.7,275.3,284,273.3,284.6,271.4,286.2,269.7,287.3,268.3,288.9,267,290.8,265.5,292.3,263.9,294.3,262.2,296.2,260.6,297.7,258.7,299.1,256.7,300.3,255,301.4,252.9,302,255.4,303.3,257.9,303.9,261.1,304.9,263.3,305.5,265.7,306.2,268.6,306.4,270.7,306.4,273.6,306.2,275.7,305.6,278.8,304.6,280.8,303.9,283,303.3,284.9,302.4,286.7,301.3,288.7,300.2]],["line",[0,288.7,300.2,290.4,298.9,292,297.2,293.5,295.2,294.7,293.3,295.7,290.4,296.5,288.4,297.2,286.1,297.8,283.8,297.8,281.8,297.8,279.7,295.7,280.5,293.6,282.8,291.4,284.7,289,286.4,287.2,287.8,285.5,289,283.5,290.7,281,292.5,279,294.3,277.1,295.6]],["line",[0,299.1,278.8,300.9,279.7,302.5,281.3,304.7,283.9,305.9,285.6,307.4,287.3,309.3,289.7,310.9,291.3,312.7,292.8,316,295.2,318.5,296.5,320.9,297.9,323.8,298.4,326.2,298.7,329.9,298.7,332,298.5,334.7,298.2,337.4,297.7,340.3,296.9,343,296.2,345.5,295.2,347.9,294.1,350.1,293.3,352.6,292.5,354.9,291.4,356.7,290.3,358.8,289.2,361,287.4,363.3,285.5,364.7,283.8,365.9,281.8,367.4,280.4]],["line",[0,367.4,280.4,368.4,278.6,365.9,278,363.4,277.3,360.8,276.7,358.3,275.9,356.3,275.1,354.4,274.4,352.1,274.4,350,274.4,348,273.8]],["line",[0,301.6,279.9,304.8,279.9,308.9,280.6,311.7,281.2,313.7,281.7,316.5,282.3,318.6,282.5,321.2,282.9,324.1,283.6,326.6,284,329.8,284.8,332.7,284.9,335,284.9,337.1,284.1,338.9,283.2]],["msg","22bubwktyt2",1699371619711,"酷儿"],["colour",["#f3b2aa"]],["msg","n3da4e6j7n2",1699371622032,"感觉画固有色就能猜出来了"],["line",[0,317.7,260,319.7,261.3,321.7,262.9,323.5,263.8,325.6,262.6,326.4,260.5]],["colour",["#ff008f"]],["line",[0,297.2,189,297.2,191.1,297,193.6,295.4,195.5,293.6,196.9,292,198.8,290.4,200,288.7,201.2,286.9,202.5,284.9,203.8,283,204.7,280.8,205.8,278.7,206.4,276.9,207.5]],["line",[0,297.2,191.8,297.5,193.9,297,196.3,296.7,198.3,296.2,200.9,295.6,203,294.6,205.3]],["line",[0,298.3,192.6,298.3,195.3,298.6,198.8,299.6,202,301.1,204.2,302.3,205.9,303.2,207.9]],["line",[0,299.4,191,299.9,193.2,300.7,195.6,301.4,197.6,302.7,199.9,304.7,202.2,306.6,204.2,308.6,205.6]],["line",[0,298.3,190.4,299.6,192.4,301.4,194.3,303.9,195.6,306.3,196.6,308.6,197.7,310.5,198.4,312.5,199.4,314.6,200.1,317.1,200.9,319.3,200.9,321.5,200.9,323.9,201.7,325.9,202]],["line",[0,298.9,198.7,296.8,199.8,295,201.2,292.4,203,289.8,204.1,291.6,202.4,289.2,203,287.3,203.7,285.1,204.2,282.2,205,279.7,205.8,277.7,206.3,275.5,206.9,273.5,207.4,271.6,208.3,269.9,209.5,268.2,210.6,266.6,211.9]],["line",[0,301.6,199.3,304.9,198.8,307.4,198.7,310.3,198.7,312.5,198.7]],["hit","sktvs6vdyz2",1699371634817,"桃子"],["msg","szift0fftk2",1699371634835,"灵魂画手"],["flower","szift0fftk2",1699371636195],["msg","n3da4e6j7n2",1699371636440,"画水果让我想起来了果宝特攻"],["flower","n3da4e6j7n2",1699371639001]],"winners":["n3da4e6j7n2","22bubwktyt2","szift0fftk2","sktvs6vdyz2"],"extenders":[],"quickenners":[],"flowers":["szift0fftk2","n3da4e6j7n2"],"deserters":[],"Depicts":{},"uid":"4i3cxa605o2","quizIndex":2,"drawStarted":1699371575436,"onLineMembersLength":5,"lastUids":["n3da4e6j7n2","szift0fftk2","22bubwktyt2","4i3cxa605o2","sktvs6vdyz2"],"ended":1699371634817,"contribute":true},"quiz":"桃子","libName":"水果名","roundIndex":0}