{"nickname":"YURI","round":{"tip":2,"started":1689084731481,"logs":[["join",1689084738826,"qk8qaxtn1k2","星尘","124.240.65.164","Mozilla/5.0 (Linux; U; Android 12; zh-cn; M2012K11AC Build/SKQ1.211006.001) AppleWebKit/537.36 (KHTML, like Gecko) Version/4.0 Chrome/100.0.4896.127 Mobile Safari/537.36 XiaoMi/MiuiBrowser/17.6.610626 swan-mibrowser",false],["line",[0,47.4,145.2,67.6,138.5,107.7,121.3,132.1,113.7,149.7,108.2,162.2,104.2,173.8,100.5,189.1,97.4,207,96,212.1,96]],["line",[0,141,131,130.6,150.4,107.5,178.3,84.6,191,66.9,195,59.2,195,57.2,195.3,57,203.9,65.9,235.9,75.1,262.5,80.8,278.1,84.5,286.6,86.6,290.5,88,292.1]],["line",[0,72.9,237,75,232,78.6,229.2,86.4,225.4,103.9,218.3,126.9,211.5,145,209.2,158.7,210.4,168.8,216.1,174.2,222.9,176.1,233,176.6,245.8,174.6,256.9,171.2,262,169.5,263.7]],["line",[0,127.4,251.9,145.8,251.9,161.2,250.7]],["line",[0,118.5,288.6,141.3,279.4,152.3,275.6]],["line",[0,286.2,140.4,289.4,151.2,293.3,173.9,295.7,199.4,296.3,216.1,296.3,224.2,298.1,228.7]],["line",[0,298.7,124.4,302,122.3,317.3,116.4,334,110.6,346.3,108.7,360,108.4,374.2,109.1,393.3,114.9,405.5,123.4,410.7,135.2,408.5,147.4,400.7,167,394.5,183.1,389.3,208.8,389.3,212.1]],["line",[0,324.1,167.7,327,164.5,336.3,159.9,354.1,155.7,364.2,154.7]],["line",[0,298.7,216.3,303.3,215.1,324.8,206.9,344.6,197.8,352.6,194.4]],["line",[0,137.5,321.2,149.9,323.9,171.4,327.3,180.1,328.3]],["line",[0,267.3,267.3,265.3,268.2,256.9,277.8,239.8,301.8,224,320]],["line",[0,131.6,351.4,154.3,349,189.2,344.5,213.6,338.6,232.6,332.5,246.7,323.4,251.3,318.8]],["line",[0,191.4,282.7,190.8,290.5,189.9,304.3,189.8,323.3,192.3,337.4,195.8,347.9,199.8,356.3,202.8,363.5,204.8,367.7,206.3,370.5,207.4,373.1,207.4,375.2,207.4,379.3,207.4,383.2,207.4,390,207.4,397.4,206.8,401.5,206.2,403.7]],["revoke",null,1689084744941],["line",[0,231.1,336,223,346.3,202.5,370.3,184,393.3,172.9,405.1,167.1,409.5]],["msg","ozrya4x7sn2",1689084749242,"堇紫泪滴"],["line",[0,165.3,366.8,170.2,366.8,193,368.8,210.6,370.7,227.2,372.1,239.5,373.1,250.6,373.9,261.7,374.8,277.2,377.1]],["revoke",null,1689084750143],["revoke",null,1689084750418],["revoke",null,1689084750722],["revoke",null,1689084751129],["line",[0,177.2,336.6,194.9,339.2,219.3,343.7]],["line",[0,260.1,289.2,250.5,303.4,227.7,327.4,207.5,344.4,190.5,357.7,179.6,371.6]],["line",[0,141.6,359.7,155.3,359.7,168.5,365.6,182.2,374.5,193.3,380.1,202.4,383.4,208.7,384.1,215.7,385.5,221.8,385.8,225.2,386.7,228.7,387.6,231.7,388.3]],["hit","ozrya4x7sn2",1689084753031,"伊织"],["line",[0,128,337.2,139.9,337.2,150.5,337.2,176.2,347.9,205.6,362.7]],["line",[0,173,413,183.8,406,205.7,396,230.6,384.3,252.6,372.6,274.8,363,286.4,360,293.1,359.7,296.3,360.6]],["line",[0,227,336.6,230,343.9,234.7,369.1,235.3,405.6,235.3,436,235.3,457.3,236.6,470.8]],["line",[0,192.6,423.1,190.2,426.5,185.8,434.6,184,437]],["line",[0,232.3,429.6,236.5,431.5,264.2,448.3,281.1,457.3,290.7,461.8,295.2,463.7,298.1,464.6]],["line",[0,293.3,349.6,295.3,347,299.8,343.7,307.8,338.8,314.5,335.3,319.7,332.9,322.1,331.6,325,330.5,330.6,327.2,368.4,310.3,394.4,303,413.4,298.4,426.8,295.1,435.8,292,439.8,289.7]],["line",[0,387,261.3,382,274.2,378.3,312.5,376.9,360.9,377.8,383.1,382,399.7,388.6,413.3,401.9,430.2,414.6,449.1,423.9,460.2,426.1,463.1]],["line",[0,313.5,389.3,326.5,380.1,335.2,376.6,342.2,375.7,346.4,376,348.4,376.3]],["line",[0,331.9,388.1,330.7,399,330.7,409.9,329.5,414.8]],["line",[0,280.3,451,296.3,441.8,320.9,427.9,344.5,409.2,360.5,399.3,370.4,393.5]],["line",[0,399.4,272]],["line",[0,453.3,266.1,449.8,276.7,438.9,305.4,430,328.6,424.9,338.4,422.4,343.3,422.5,348.5]],["line",[0,501.3,215.7,493.1,235.3,477,268.9,461.6,304.4,449.1,334.3,440.4,351.1,433.5,368.1,430.8,377.6,431.6,383.8]],["line",[0,506.7,244.7,515.8,239.2,533.7,230.8,547.4,227.2,555.6,226.4,560.1,226.7,563.6,228.1]],["line",[0,494.2,292.7,489.5,305.4,486.4,321.2,485.9,329.3,487.2,335.2,488.3,337.8]],["line",[0,500.1,299.3,506.8,293.5,515.6,288.9,524.9,287.4,535.4,288.8,548.9,293.1,561.1,297.7,566.3,300.2,567.7,303.1,564.3,312.7,552,339.2,546,351.5,542.1,359.4,541,361.8,538.7,358.5]],["line",[0,547,255.4,542.2,260.7,536.4,270.7,519.5,296.4,506,327.1,499.5,350.6,497.7,373.2,496.6,386.9,496,394.9,496,397.3]],["msg","ozrya4x7sn2",1689084765981,"啊哈"],["msg","742wzjv2ml2",1689084766908,"（）"],["msg","jhomdug8ms2",1689084771171,"苍蓝残响"],["colour",["#3b0c9b"]],["hit","jhomdug8ms2",1689084778784,"伊织"],["msg","shggq7j9yq2",1689084782633,"堇紫泪滴"],["line",[0,232.9,85.3,232.8,87.4,232.3,90.1,231.7,93.1,231.1,95.1,230.8,99,230.5,102.2,230.5,105.7,230.5,110.5,230.5,114.1,230.5,116.9,229.9,121.5,228.7,124.5,225.5,130.1,224,132.5,222,134.7,218.6,137.2,216.8,139.4,214.5,142.3,210.7,146,207.4,150.9,203.6,156.9,200.6,162,197.2,168.6,194.1,175.3,190.5,181.9,189,186.3,187.2,190.4,185.2,193.8,183.1,197.5,182.5,201.5,182.5,205.3]],["line",[0,182.5,205.3,182.8,209.2,184.4,212.4,185.8,214.8,186.8,218.2,189.4,220.2,192.8,222.9,196.8,224,200.7,224,204.6,223.4,207.1,222.8,210.7,222.2,215.2,221,221.9,220.4,228.5,219,233.9,216.7,237.9,214.8,241.3,212.6,243.3,211.3,245.6,209,248.5,206,250.8,202.5,251.9,200.6,252.4,198,253,195.8,254.4,193.6,255.4,190.7,253.6,188.3,252.7,186.4,250.6,183.6,248.3,180.7,245.8,176.8]],["line",[0,245.8,176.8,244.7,173,243.6,167.9,243,162.6,242.4,157.9,241.8,153.4,241.2,147.8,240.6,142.4,240.6,136.5,240.6,131.2,240.6,125.3,239.7,120,238.7,114.8,236.7,109.9,235.3,104.6]],["revoke",null,1689084784329],["tip","2个字",1689084790083],["tip","伊 开头",1689084790219],["extra",1689084796884,"jhomdug8ms2",15],["msg","shggq7j9yq2",1689084800672,"怎么打啊（"],["msg","jhomdug8ms2",1689084808675,"（可以不用繁体字）"],["validated","qk8qaxtn1k2",1689084809551,"苍蓝脑残"],["hit","shggq7j9yq2",1689084811566,"伊织"],["msg","742wzjv2ml2",1689084821827,"伊布织布（）"],["flower","ozrya4x7sn2",1689084831606],["flower","shggq7j9yq2",1689084833524]],"winners":["ozrya4x7sn2","jhomdug8ms2","shggq7j9yq2"],"extenders":["jhomdug8ms2"],"quickenners":[],"flowers":["ozrya4x7sn2","shggq7j9yq2"],"deserters":[],"Depicts":{},"uid":"742wzjv2ml2","quizIndex":2,"drawStarted":1689084739884,"onLineMembersLength":5,"lastUids":["742wzjv2ml2","jhomdug8ms2","ozrya4x7sn2","shggq7j9yq2","qk8qaxtn1k2"],"ended":1689084829885,"contribute":true},"quiz":"伊织","libName":"废墟图书馆","roundIndex":1}