{"nickname":"天海春香","round":{"tip":2,"started":1675499381989,"logs":[["leave","9mk2fo4xt03",1675499383019],["join",1675499384063,"26r7z7b9i03","听说名字长就有傻子跟着读","153.119.80.31","Mozilla/5.0 (Linux; Android 9; SM-N9500 Build/PPR1.180610.011; wv) AppleWebKit/537.36 (KHTML, like Gecko) Version/4.0 Chrome/79.0.3945.116 Mobile Safari/537.36"],["msg","8yb1v0hj903",1675499389353,"。。"],["msg","13ykxfp4nj",1675499390088,"天海春香"],["colour",["#fff"]],["leave","26r7z7b9i03",1675499391920],["join",1675499392766,"26r7z7b9i03","听说名字长就有傻子跟着读","182.37.115.235","Mozilla/5.0 (Linux; Android 9; SM-N9500 Build/PPR1.180610.011; wv) AppleWebKit/537.36 (KHTML, like Gecko) Version/4.0 Chrome/79.0.3945.116 Mobile Safari/537.36"],["line",[0,33.3,349.5,33.3,349.5,38.1,345.5,49.7,337,62.2,328.9,78.2,319.4,96.4,309.1,116.8,298.3,148.9,282.9,169,274,186.4,266.8,200.2,262.1,214.2,258.5,220.1,257.6,223.5,257.5,225.7,257.5,228.3,257.5,230.4,258.2,233.4,259.5,237.2,261.1,244.9,263.7,251.4,265.3,258,266.9,264,268.2,270.2,270.1,272.1,271.3,273.9,272.3,275.6,274.3,277.3,277.3,278.7,280,282.1,286.6,285.4,292.5]],["line",[0,285.4,292.5,289.3,299.7,293.6,307.9,301.5,321.2,307,330.1,312.5,338.8,317.6,347.9,323.9,360.7,327.2,367.8,330,373.5,332.5,378,334.6,381.3,336.5,384.2,337.1,386.3,337.1,389.4,337.5,391.8,338.3,395.7,339.4,399.7,339.9,402.1,340.2,404.8,340.3,409.1,340.3,411.8,340.3,414.2,340.3,416.2,340,418.7,338.3,421.3,336.8,423.2,335.4,424.8,333.7,426.5,331.7,428.2,327.7,431.6,324.8,433.4]],["line",[0,324.8,433.4,321,435.8,315.8,439,309.3,443.2,297,450.8,288.2,456.5,280.3,461.7,273.2,466.2,263.2,472.2,257,475.9,251.6,479.1,247.1,481.6,243,484,237.8,487.5,235.3,489.2,233.3,490.8,232.1,492.6,230.5,493.9,228.1,495.2,223,496.7]],["line",[0,26.4,361.8,26.4,361.8,26.4,361.8,25.9,364.7,25.9,370.6,27.4,378.8,32.5,397.5,38.8,414.9,46.8,434,56.5,452.5,72.5,476.3,83,489.3,91.9,500.7,98.4,510.1,100.8,513.9]],["line",[0,52.9,375.3,53,375.1,53,375.1,54.1,377.6,56.8,384.8,59.5,391.6,62.6,399.8,66.7,408.6,74.3,422.1,79.4,430.8,84.3,438.9,88.7,446.5,92.2,453.3,95.8,461.1,97.1,464.6,98.1,466.6,99,469,101.2,469,105.2,467.1,108,465.8,112.8,463.6,117,461.5,122.4,458.9,128.9,455.7,136.6,451.7,150.5,444.1,161.3,438.6,172.6,432.7,184.2,426.1,195.7,418.9,211.6,408.9,220,403.5]],["line",[0,220,403.5,226.3,399,230.2,396,232,394.6]],["revoke",null,1675499400191],["line",[0,54,366.5,53.7,366.3,56.7,371.2,59.9,376.5,63.8,383.2,68.3,391.1,73.7,400.7,82,416,86.6,425.3,90.8,433.8,94.5,441.8,99.6,452.6,102.9,458.2,106,462.6,108.5,465.6,110.3,467.7,111.5,469.5,114.3,467.1,116.9,464.7,121.2,461.8,129.7,456.7,136,453.1,142.5,449.2,149.3,445,156.8,440.6,169.4,433.2,178.6,427.9,187.4,422.8,195.7,417.9,203.5,413.3,213.8,407.1,219.3,403.7]],["line",[0,219.3,403.7,222.9,401.3,224.8,399.7,228.8,395.9,231.5,394,234.4,392.3,236.7,391,238.9,389.8,241.9,387.5,243.8,386.2,246.1,384.7,245.9,382.5,244.6,379.7,242.9,376.7,241.4,374.8,240,373.3,238.2,371.3]],["revoke",null,1675499402010],["line",[0,48.2,369.3,48.2,369.1,52.2,377,55.2,386.2,59.3,397.9,66.4,418.1,72,431.1,77.6,443.2,84.3,458.9,87.2,466.8,89.1,472.4,90.4,475.8,91.1,477.7,93,478.4,94.8,477.2,97.7,475.4,102.1,472.9,112.7,467.9,122,463.7,133,459.1,144.8,454.5,157.2,449.8,175.8,442.6,187.3,438.3,198,433.9,207.6,429.7,219.3,424.3,225.1,421.5,229.5,419.2,233.3,417,236.9,414.9,242.2,411.8]],["line",[0,242.2,411.8,245.9,409.9,249.2,408.2,251.5,407.1,253,404.8,253.2,399.9,253,396.4,251.7,392.5,249.7,387.8,245.5,378.8,242.4,371.9,239.1,364.5,235.4,356.4,231.3,347.6,224.4,334.6,219.2,327,214.1,320.6,209.3,315.4,205.5,311.1,202.1,306.4,201.1,304.2,198.3,303.3,193.4,305,185.4,308.2,174.4,312.6,155.6,320.2,143.1,325,131.6,329,121.3,332.5,111.8,336,99.3,341.6,92.7,345.3]],["line",[0,92.7,345.3,87.7,348.6,84.5,350.9,82.1,352.5,80,354,75.9,356.8,72.1,358.9,68,360.9,62.5,363.4,59.4,364.5,57.3,365.4,54.1,367.4]],["colour",["#222"]],["line",[0,110.9,358.6,108.7,362.6,104.3,369.9,96.7,382.9,92.5,391.3,89.6,399,88.1,404.9,87.8,407.7]],["line",[0,157.5,340.5,157.5,340.5,157.5,340.5,164.5,340,172.8,341,182.9,342.4,192.9,344.4,205.3,347.5,210.7,349.1,213.3,349.9]],["line",[0,134.9,408,134.9,408,134.9,408,136.8,404.9,140.8,402.9,146.1,400,152.4,396.5,161.7,391.9,166.7,389.8,169.8,388.7,171.7,387.9]],["revoke",null,1675499408118],["line",[0,132.5,396.2,132,396.2,132,396.2,131.8,401,133.2,410.8,134.6,418,136.8,423.3,139.6,426.3,141.8,427.7]],["line",[0,138,398.3,138,398.3,142.7,393.6,151.8,389.5,159.7,386.8,167.8,384.2,174.8,383,180.9,383.3,182.8,385,183.9,386.8,184.6,388.9,185.9,394,187,398.6,188.3,402.9,189.5,406.3,190.5,408.8,191.2,411.6,191.3,413.7]],["line",[0,155.3,426.1,155.3,426.1,152.1,427.2,154.6,426.3,159.4,424.3,166.7,421.1,176,417.2,189,411.6]],["colour",["#CE8700"]],["line",[0,225.3,119.1,227,109.8,233.6,98.4,245.5,85.3,263.5,71.8,298.2,54,324.6,45.4,352.5,39.7,380,37.8,417.4,41.8,439.9,49,458.7,58.8,472.9,70.7,483.4,84.2,494.4,106.9,499,122.8,501.9,139.1,503.2,155.8,502.8,179.1,500.8,192,499.2,202.7,497.9,211.4,497.1,215.3]],["line",[0,497.5,228.7,497.5,228.7,497.4,235.5,497.3,245.1,497.3,258.1,498.1,272.4,503.5,294.3,509.3,309.8,516.3,326.6,523.8,344.9,531.3,364.1,540.8,392.7,544.1,410.3,544.6,426.5,541.5,441.9,528.5,463.9,515.3,477.5,499.9,490.3,484,501.3,474.9,506.1]],["line",[0,332.5,99.8,332.5,99.8,333.5,113.6,335.7,125.7,340.2,140.3,347,155.8,354.9,169.6,367.2,185.6,374.4,192.6,379.8,196.7,382.8,198.7,380.3,196.3,377.4,191.9,374.4,185,369.6,170.3,366.8,158.3,364.8,145.8,363.7,134.3,363.3,122.6,363.3,118.4]],["line",[0,368.5,123.9,368.4,123.7,368.4,123.7,371.2,125.8,376.3,132.4,381.6,138.9,389.2,147.2,398.9,156.5,410,165.1,421.4,172.2,435.9,180.9,443,185.8,447.5,189.8,450.3,193.2]],["line",[0,450.1,156.4,450.1,156.4,450,160.7,450.7,169,451.9,186.5,452.5,198.6,452.6,210,451.9,219.8,449.1,227.7,445.6,233.6,442.5,237.5]],["revoke",null,1675499417388],["validated","8yb1v0hj903",1675499417952,"bilibili"],["line",[0,464.4,163.2,465,169.7,462.9,180.2,455.6,200.7,449.3,216.6,442.4,233.5,434.4,259.7,431.4,277.6,430.6,295.2,431.8,311.7,436.9,326.6,448,345.4,455.2,356.5,461.2,367.5,465.1,379.2,467.3,397,466.9,407.7,463.8,416.4,458.7,423.5,452.1,429.4,449,430]],["kitsu",["主要角色穿过水手服"],1675499418774],["line",[0,477.6,254,477.6,254,476.5,265.3,475.2,276.8,476.2,295.9,479.5,309,483.9,322.1,488.8,335.3,493.3,348.6,497.4,361.7,502.5,379.9,503.8,390.3,503.3,399.6,496.5,412.4,488.3,420.1,477.7,426.5,465.7,430.9,461.3,430.9]],["line",[0,331.9,110.3,331.9,110.3,327.2,110.4,319.5,114.8,308.6,122.4,294.8,134,280.4,148.1,265.6,167.4,262.1,175.3,262.2,177.9]],["msg","13ykxfp4nj",1675499420835,"御坂美琴"],["line",[0,272.4,145.5,272.4,149.4,269.3,160.9,265.9,175.1,264,189.3,264,202.2,266.9,213.6,273.4,229.3,276.3,239.1,276.6,248.8,268.9,263.6,260.2,271.2,253.2,273.9]],["line",[0,231.1,131.9,231.1,131.9,231.1,131.9]],["line",[0,223.2,129.6,220,139.9,217.2,150.8,215.7,161.9,215.7,172.3,218.9,186.6,221.7,196.2,223.9,206.8,225,218.6,223.3,237.9,219.5,249.7,215.4,259.1,212.5,264.7]],["line",[0,345.4,207.1,345.4,207.1,339.9,214.8,333.8,224.3,327.4,235.1,319.8,249,317.3,255.3,316.6,259.1]],["line",[0,373.4,207.6,373.4,207.6,373.4,207.6,377.8,207,385.7,219.3,391.8,231.4,396.9,243,400.3,252,402.5,258.2,403.8,261.5]],["leave","26r7z7b9i03",1675499425761],["line",[0,333.5,245.5,333.5,245.5,333.5,245.5,336.7,242.4,339.8,240.6,343.7,239,347.6,237.8,351.4,237.4,353.7,237.4,355.9,237.6,358.5,238.2,361,238.4,363.6,238.4,365.8,238.4,368.2,238.3,370.7,238.1,374.4,237.9,376.7,237.9,380.1,237.9,382.4,241.2,384.6,244.4,387.7,247,389.5,248.8,390.4,251.4]],["line",[0,340.5,247.1,344.7,247.1,350.6,246.7,357.3,245.7,368.5,245.1,375.4,245.1,381.2,246,385.4,246.8,388.3,247.6]],["msg","13ykxfp4nj",1675499426756,"2333"],["line",[0,340.6,248.3,340.6,248.3,344.8,252.4,351.7,254,365.7,254.3,375.5,253.4,383.7,251.8,389,249.9]],["line",[0,280.1,180.3,280.1,180.3,280.4,184.3,280.4,188.5,280.4,195.4,281.3,199.3,283,202.2,285,204.5,287.2,206,291.9,207.1,297.4,207.1,305,206.7,314.7,205.3,330,203.7,338.8,203,345.8,202.5,350.5,201.9,353,201.2,354.1,