{"nickname":"zwh","round":{"tip":0,"started":1675520094666,"logs":[["line",[8,177.8,151.8,7.865630698642577,177.8,151.8,6.387910733035087,176.8,173.2,7.15552031561486,175.9,206.9,6.96320065917953,173.1,238,5.46875,171.2,264.4,5.601073796335447,171.4,278.8,6.079200785064577,172.5,289,7.319755712216777,173.3,291.9,7.795200048828121,173.7,294,7.989574333605797]],["line",[8,179.1,242.5,6.817893083634033,179.1,242.5,6.186630971644352,189.2,242,6.387910733035087,201.3,240.6,6.739763158154144,211.8,238.2,6.289490447763611,218.4,237,5.967066448418878,221.2,236.6,6.387910733035087,223.4,236.1,7.950827540097653]],["line",[8,127.6,307.2,4.72320078124993,128.1,307.2,0.31523162388824044,130.6,307.2,-0.32483176557709115,132.7,306.3,-3.7127959381108795,135,305.4,-1.358867106875076,137.3,303.5,-1.0040694795785932,139.7,302.6,-2.8839086045315767,144.5,301.2,-0.32483176557709115,155.5,299.4,1.7540099675816236,171.1,297,3.823951874160451,192,293.7,4.0170307479099066,205.4,291,5.850092602109171,219.4,288.4,5.18775699864562,228.4,287.1,6.079200785064577,232.8,286.2,5.850092602109171,236.8,284.8,3.416819019520416]],["revoke",null,1675520102658],["revoke",null,1675520103100],["revoke",null,1675520104019],["line",[8,163.6,203.8,7.415070805820307,163.6,203.8,6.079200785064577,165.5,223,5.967066448418878,168.4,254.3,4.72320078124993,171.8,279.9,5.850092602109171,174.3,288.8,7.15552031561486,175.6,292.5,7.671950208568523]],["line",[8,152.7,171.9,7.2679502538680705,152.7,171.9,6.657822839999996,167.3,173.4,6.96320065917953,179.4,174.7,7.213240641562451,196.2,175.6,6.817893083634033,204.3,175.5,6.571950209522235,211.8,176,5.601073796335447,216.8,176.5,6.289490447763611,219.9,177.4,6.387910733035087,224.4,182.1,7.030611684090148,224.7,190.5,7.415070805820307,219.1,204.3,7.865630698642577,211.4,221.5,7.833189128372803,197.3,238.7,7.995949996137617]],["line",[8,156.8,288.5,7.319755712216777,156.8,288.5,5.728140482562857,161.1,284.8,4.0170307479099066,172.4,276.4,6.289490447763611,184.7,270.8,5.850092602109171,197.2,267,6.657822839999996,204.6,264.3,7.094680796347562,210.1,261.4,7.773939193615561,218.9,253.4,8]],["line",[8,174.1,134.9,6.387910733035087,174.1,134.9,-5.043783155617092,176.7,142.5,3.823951874160451,182.1,175.6,7.751064421744369,186.9,216.3,7.319755712216777,190.3,253.6,5.850092602109171,196,288.5,4.2033357159641636,199.5,326.2,7.795200048828121,202.2,341.5,7.6096258210004315,203.5,346.4,7.726496053449835]],["line",[8,246.6,149.5,7.916113989999978,246.6,149.5,6.387910733035087,248.6,155.4,6.186630971644352,249.4,167.8,7.5,249.9,197.3,7.850067112270965,249.5,229.3,7.6096258210004315,251.2,262.5,7.575326652499996,253.5,287.1,7.726496053449835,255.8,297.8,7.996926721256103]],["line",[8,233.8,122.2,6.571950209522235,233.8,122.2,2.0155852700864028,238.8,117.3,4.383027097848977,251.3,113.8,5.601073796335447,263.9,111.5,4.8839941218542045,273.2,110.2,4.8839941218542045,283.8,109.4,5.728140482562857,290.2,109.5,6.079200785064577,298,110.9,5.18775699864562,304.8,114.2,6.387910733035087,311.8,124.3,6.739763158154144,315.7,138.8,7.773939193615561,317.8,165.9,7.926118374548935,317.6,195.2,7.9574847320135484,316.2,226.3,7.905126407736786,315.4,254.8,7.5388158840963735,314,283.7,7.458783960481871,314.1,304,7.726496053449835,314.1,312.1,7.726496053449835,313.1,317.3,7.213240641562451,312.6,319.7,7.213240641562451,309.7,322.5,7.368761656300953]],["line",[8,309.7,322.5,7.368761656300953,300.9,322.7,7.2679502538680705,282.2,317.2,7.368761656300953,265.4,308.6,6.739763158154144,254.7,304.6,6.739763158154144,246.9,303,6.817893083634033,242.1,302.1,7.6096258210004315,239.8,301.3,7.9977151203352355]],["line",[8,246.2,167.7,7.991601929788814,246.2,167.7,5.728140482562857,249.8,166.7,4.383027097848977,256.7,164.9,5.601073796335447,266.7,160.5,3.6239344288366624,274.7,156.8,5.967066448418878,279.8,154.8,6.186630971644352,283.9,153,7.368761656300953]],["line",[8,249.3,214.2,7.999999920000305,249.3,214.2,4.2033357159641636,252.3,214.2,7.213240641562451,267.6,211.8,7.2679502538680705,275.4,209.5,7.2679502538680705,281.2,207.7,7.795200048828121]],["line",[8,271.7,176.9,7.6096258210004315,271.7,176.9,4.556263293097431,274.1,184.7,7.415070805820307,277.4,203.4,7.094680796347562,278.6,217.1,7.15552031561486,279,229.8,7.850067112270965,276,248.7,7.833189128372803,275.3,255.3,7.999950000190735]],["line",[8,252.1,286.7,7.5,258.9,278.9,6.96320065917953,267.4,271.9,6.482021427078834,279.2,264.5,6.817893083634033,288.7,256.5,7.916113989999978,295.4,250.7,7.99989631998352]],["line",[8,293.6,225.6,7.984441544022966,293.6,225.6,7.700152488974574,293.6,227.6,6.89233261609634,295.1,239,6.89233261609634,297.3,248.6,7.5,299.2,250.9,7.999979520078125]],["line",[8,354.6,142.2,7.319755712216777,354.6,142.2,6.079200785064577,362.6,157.7,7.415070805820307,366.8,168.2,7.700152488974574,370.9,181.6,7.671950208568523,372,187.8,7.641803772488947,372.9,190.7,7.773939193615561]],["line",[8,351,117.6,7.950827540097653,351,117.6,6.289490447763611,353.9,116.7,6.571950209522235,366.9,112.8,6.739763158154144,385.7,109.3,6.657822839999996,396.9,106.9,6.96320065917953,406.7,104.7,6.289490447763611,414.5,104.4,6.657822839999996,418.7,104.4,6.571950209522235,420.9,104.8,6.482021427078834,423.6,106.3,6.817893083634033,425.4,111.2,7.213240641562451,422.2,132.7,7.415070805820307,416.4,147.3,7.96875,412.2,160.4,7.773939193615561,410.1,167.9,7.833189128372803,408.3,172.7,7.671950208568523,406.9,175.3,7.458783960481871,405.2,178.3,6.96320065917953,398.5,180.1,6.482021427078834,391.7,180.5,7.15552031561486,386.5,181.5,7.5]],["line",[8,386.5,181.5,7.5,383.8,182.3,7.998341119736328]],["line",[8,372,135.8,7.795200048828121,372,135.8,6.89233261609634,379.4,134.8,6.186630971644352,393.5,133.9,6.89233261609634,407.3,132.1,7.213240641562451,418.2,128.4,7.999475119221343]],["line",[8,324.1,230.7,7.850067112270965,324.1,230.7,5.331026053964841,327,228.7,4.556263293097431,334.4,224.3,4.383027097848977,339.1,220.6,4.0170307479099066,341.9,220,4.8839941218542045,356.7,214.7,5.601073796335447,377.5,208,5.038795954465308,399.2,202.9,5.728140482562857,416.7,195,5.46875,430.2,186.8,6.289490447763611,436.6,183.5,6.482021427078834,442,180.8,7.814924747154082]],["line",[8,352.4,210.1,7.916113989999978,352.4,210.1,6.186630971644352,356.4,214.8,6.387910733035087,360.5,221.7,6.571950209522235,363.1,229.7,7.094680796347562,364.3,245.7,6.571950209522235,362.7,256.6,6.482021427078834,359.3,271.5,7.726496053449835,358.3,274.9,7.950827540097653]],["line",[8,386.1,209.7,7.984441544022966,386.1,209.7,6.387910733035087,391.4,212.9,7.15552031561486,395.9,227.2,7.030611684090148,399.5,252.5,6.657822839999996,401.3,278.7,6.571950209522235,402.1,303.6,7.415070805820307,402.1,316.1,7.671950208568523,401.6,327,7.814924747154082,401.1,333.8,7.833189128372803,401.1,336.6,7.984441544022966]],["line",[8,368.3,241.1,7.97345791578125,368.3,241.1,5.728140482562857,370.3,239.2,6.571950209522235,375.6,236.3,6.387910733035087,380.1,233.6,7.2679502538680705,387.6,230.4,7.998828719390716]],["line",[8,354.6,268.5,7.926118374548935,354.6,268.5,7.15552031561486,359.7,264.4,7.6096258210004315,366,258.5,7.2679502538680705,370.4,256.1,7.996926721256103]],["line",[8,329.1,294,7.458783960481871,329.1,294,6.387910733035087,337.3,291.5,6.289490447763611,348.4,289,6.079200785064577,360.6,285.1,6.571950209522235,368.9,279,6.96320065917953,376.1,274.1,6.817893083634033,383.1,268.4,7.726496053449835]],["line",[8,410.7,229.3,7.96875,410.7,229.3,7.030611684090148,413,229.3,6.657822839999996,417.8,228.3,6.657822839999996,425.5,225.9,7.030611684090148,436.7,220.9,6.817893083634033,445.4,216.7,6.96320065917953,451.5,214.2,7.458783960481871,455.2,212.8,7.5,457.8,213.4,7.671950208568523,460.1,216.9,7.415070805820307,459.9,226.4,7.415070805820307,455.5,249.2,6.96320065917953,444.7,274,5.967066448418878,435.1,288.2,6.482021427078834,423.4,307.3,6.482021427078834,418.1,313.5,7.5,415.5,315.1,7.999999920000305]],["line",[8,416.6,253.9,7.5388158840963735,416.6,253.9,5.728140482562857,420.2,256.5,