{"nickname":"我不到啊","round":{"tip":0,"started":1675568572076,"logs":[["line",[8,216,144.5,4.972743569632222,216,145.5,4.972743569632222,216,153.2,4.972743569632222,217,170.3,4.972743569632222,218,196.5,4.972743569632222,220.5,232.7,4.972743569632222,223.7,278.1,4.972743569632222,230.8,330,4.972743569632222,240.5,375.9,4.972743569632222,251.2,412.3,4.972743569632222]],["revoke",null,1675568601953],["line",[8,232.5,180.3,5.264305011398351,232,180.3,5.264305011398351,231,183.5,5.264305011398351,229,193,5.264305011398351,226.9,207.6,5.264305011398351,225.7,225.6,5.264305011398351,225.1,245.4,5.264305011398351,224.5,267.1,5.264305011398351,224,287.4,5.264305011398351,224.4,303.9,5.207755047812311,225,318.5,5.207755047812311,226.4,330.5,5.207755047812311,228.6,341.7,5.207755047812311,229.2,350.1,5.207755047812311,229.3,357.1,5.092029547277345,228.8,360,4.972743569632222]],["line",[8,233.6,170.1,4.526153635217989,233.6,171.1,4.972743569632222,236,171.7,5.374823752349936,238.6,171.2,5.374823752349936,242.8,170.7,5.374823752349936,248.4,170.1,5.374823752349936,255.2,170.1,5.374823752349936,264.6,170.1,5.374823752349936,274.6,169.6,5.374823752349936,286.6,169.6,5.374823752349936,298.6,170,5.374823752349936,309.7,171.5,5.374823752349936,321.9,173.1,5.374823752349936,347.7,177.3,5.374823752349936,359.2,178.5,5.374823752349936,380.7,180.2,5.374823752349936,389.5,180.7,5.374823752349936,406,181.9,5.374823752349936,414.6,182.3,5.374823752349936,422.6,181.9,5.374823752349936,430.6,180.9,5.374823752349936,445.1,177.2,5.374823752349936]],["line",[8,445.1,177.2,5.374823752349936,455.4,174,5.374823752349936,458.9,173.3,5.374823752349936,462,173.7,5.374823752349936,463.8,174.8,5.374823752349936,466.1,175.5,5.374823752349936,465.1,177.4,5.374823752349936,464.1,181.5,5.374823752349936,462.5,189.9,5.374823752349936,459,205.3,5.374823752349936,455.2,223.7,5.374823752349936,451.5,242.8,5.374823752349936,448.8,260.1,5.374823752349936,446.6,275.8,5.374823752349936,444.9,290.6,5.374823752349936,444.3,304.2,5.374823752349936,443.7,316.2,5.374823752349936,443.2,325.4,5.374823752349936,443.6,338.6,5.374823752349936,444.1,343.9,5.374823752349936,444.7,349.3,5.374823752349936,445.8,354.7,5.374823752349936]],["line",[8,445.8,354.7,5.374823752349936,446.4,365.6,5.374823752349936,446.4,368.2,5.374823752349936,446.8,372.1,5.374823752349936,446.9,375.2,5.374823752349936,447.4,378.4,5.374823752349936,446.9,380.6,5.374823752349936]],["kitsu",["是07年的动画"],1675568605038],["line",[8,234.7,336,5.3199916355710135,234.7,337.9,5.3199916355710135,234.7,343.3,5.3199916355710135,233.7,351.1,5.3199916355710135,233.6,361,5.3199916355710135,232.6,369.2,5.3199916355710135,232,375.9,5.3199916355710135,232,380.8,5.3199916355710135,232,384.6,5.3199916355710135,232,388.9,5.3199916355710135,232,391.7,5.3199916355710135,232,393.9,5.3199916355710135,232,396.1,5.3199916355710135,235.5,396.8,5.585782196611615,239.9,396.3,5.585782196611615,247.6,396.3,5.585782196611615,258.1,396.3,5.585782196611615,269.6,396.3,5.585782196611615,282.4,396.3,5.585782196611615,295.2,396.7,5.585782196611615,322.2,398.8,5.585782196611615,335.6,400.3,5.585782196611615]],["line",[8,335.6,400.3,5.585782196611615,360.8,402.6,5.585782196611615,373.1,402.7,5.585782196611615,384.9,403.1,5.585782196611615,395.7,403.2,5.585782196611615,404.9,403.6,5.585782196611615,412.9,404.2,5.585782196611615,420.6,404.7,5.585782196611615,427.1,405.2,5.585782196611615,431.9,405.3,5.585782196611615,435.8,405.3,5.585782196611615,438.2,405.3,5.585782196611615,440,404.3,5.585782196611615,440.4,401.7,5.48195956476092]],["line",[8,249.1,173.3,3.8814508039566755,249.1,174.3,3.8814508039566755,249.1,176.3,3.8814508039566755,249.1,178.4,3.8814508039566755,248.5,180.6,3.8814508039566755,248.5,183.7,3.8814508039566755,248,187.8,3.9571922135537347,247.5,192.5,3.9571922135537347,247.5,196.9,3.9571922135537347,247.5,201.1,3.9571922135537347,246.9,204.5,3.9571922135537347,246.9,209,3.9571922135537347,246.9,215.3,3.9571922135537347,247.3,221.6,3.9571922135537347,247.5,228.1,3.9571922135537347,247.5,234.5,3.9571922135537347,247.5,241,3.9571922135537347,247.5,247.3,3.9571922135537347,246.9,254.7,3.9571922135537347,246.4,262.2,3.9571922135537347,246.4,269.6,3.9571922135537347,245.9,277.1,3.9571922135537347]],["line",[8,245.9,277.1,3.9571922135537347,245.3,289.4,3.9571922135537347,244.8,295.3,4.031884107451247,244.8,301.2,4.105536225845814,244.8,307.1,4.105536225845814,244.3,311.6,4.105536225845814,244.3,315.3,4.105536225845814,244.3,318.6,4.105536225845814,244.7,321.3,4.178158263525198,244.8,324,4.178158263525198,245.2,326.6,4.178158263525198,245.8,329.3,4.178158263525198,245.9,332.5,4.178158263525198,245.9,335.1,4.178158263525198,245.9,338.8,4.178158263525198,246.3,343.1,4.178158263525198,246.8,347.3,4.178158263525198,247.4,351,4.178158263525198,247.5,353.8,4.178158263525198,247.5,356,4.178158263525198,247.5,358.8,4.178158263525198,247.5,361,4.178158263525198]],["line",[8,247.5,361,4.178158263525198,247.5,362.5,4.178158263525198,248.4,365.1,4.178158263525198,250,367.8,4.389940159017284,251.6,370.4,4.658475341320051,253.2,373.2,5.032836119244947,255.4,373.3,5.48195956476092,259,372.3,5.534280697388058,261.5,372.3,5.534280697388058,264.2,372.3,5.534280697388058,268.4,372.3,5.534280697388058,272.6,372.3,5.534280697388058,278.8,372.7,5.534280697388058,284.7,373.2,5.534280697388058,291.4,373.7,5.534280697388058,297,374.8,5.534280697388058,302.4,374.9,5.534280697388058,308.1,375.9,5.585782196611615,314.6,377.4,5.6364726674070305,321.9,378.6,5.6364726674070305,328.8,379.6,5.6364726674070305,335.8,380.2,5.6364726674070305]],["line",[8,335.8,380.2,5.6364726674070305,346.6,380.3,5.6364726674070305,355.3,381.2,5.6364726674070305,359.5,381.3,5.6364726674070305,363.8,381.3,5.6364726674070305,369.1,381.3,5.6364726674070305,374.4,381.3,5.6364726674070305,380.7,381.8,5.6364726674070305,387.5,381.9,5.6364726674070305,394.4,382.3,5.6364726674070305,400.9,382.8,5.6364726674070305,406.8,382.9,5.6364726674070305,412.6,382.9,5.6364726674070305,418.1,383.4,5.6364726674070305,422.9,383.9,5.6364726674070305,427.3,384,5.6364726674070305,431.6,384.4,5.6364726674070305,435.3,384.5,5.6364726674070305,438.1,385,5.6364726674070305,440.7,385.1,5.6364726674070305,443,385.1,5.6364726674070305,446.2,385.5,5.6364726674070305]],["line",[8,446.2,385.5,5.6364726674070305,447.4,385.6,5.6364726674070305,444.8,382.9,5.585782196611615]],["line",[8,260.3,190.9,5.585782196611615,260.3,190.9,5.6364726674070305,263.7,188.4,5.831294776506706,266.9,187.3,5.831294776506706,271.4,186.7,5.831294776506706,277.7,186.7,5.831294776506706,286.1,187.1,5.831294776506706,294.5,188.6,5.783763277846241,304.1,190.7,5.735454716571002,313.7,193.3,5.735454716571002,322.3,195.9,5.735454716571002,330.3,197.6,5.735454716571002,344.3,201.9,5.735454716571002,350.8,204,5.735454716571002,356.3,205.7,5.735454716571002,361,207.2,5.735454716571002,365.4,208.8,5.735454716571002,369.2,210,5.735454716571002,372.4,211.1,5.735454716571002,375.7,211.6,5.735454716571002,378.3,212.2,5.735454716571002,381,212.7,5.735454716571002]],["line",[8,381,212.7,5.735454716571002,388.9,213.2,5.735454716571002,393.6,213.8,5.735454716571002,397.9,213.9,5.735454716571002,402.2,213.9,5.735454716571002,405.5,213.9,5.735454716571002,408.7,213.3,5.686360669340906,411.9,212.8,5.686360669340906,415.1,212.8,5.686360669340906,418.7,212.8,5.686360669340906,422.1,212.8,5.686360669340906,425.2,212.8,5.686360669340906,428.9,212.8,5.686360669340906,432.2,212.8,5.686360669340906,435.8,212.3,5.686360669340906,439.5,211.3,5.686360669340906,442.9,211.2,5.686360669340906,445.4,211.2,5.686360669340906,447.8,211.2,5.686360669340906,450,211.6,5.686360669340906,450.1,215.2,5.686360669340906,450.1,218.8,5.686360669340906]],["line",[8,450.1,218.8,5.686360669340906,444.2,238.2,5.6364726674070305,437.9,253.4,5.585782196611615,432,269.3,5.585782196611615,427.1,282.9,5.534280697388058,422.1,305,5.428810148345919,420.9,316.2,5.374823752349936,419.3,327.4,5.374823752349936,419.2,338.1,5.374823752349936,