{"nickname":"origami","round":{"tip":0,"started":1676737198132,"logs":[["msg","o9eef7ml0g2",1676737200091,"好诶～！"],["msg","gm1nlprkqj2",1676737206408,"好诶"],["line",[8,194.2,163.6,-6448.524424003648,194.2,163.6,-9490.222920174445,193.7,176.1,-10429.291269629293,193.3,192.5,-9233.962101902453,192.8,209.9,-8859.337406031445,192.5,227,-7419.562106620938,190.9,248.6,-5751.820754575101,189.4,267,-6115.967563349559,188,282.7,-5796.428121658445,187.1,299.8,-5619.5444668422815,186.4,314.5,-4168.394127243428,185.7,331,-4382.068706452892,184.8,345.7,-3700.1889824725185,184.6,359,-4203.453664321995,184.2,369.5,-3797.025202331283,183.4,374.4,-4873.074862262399,183,377,-5153.930104200626,182.3,379.5,-5489.557647360017]],["line",[8,204.7,159.1,-2364.916268119438,204.7,159.1,-7527.794276922063,209.4,161.7,-9425.66281450077,218.9,161.8,-8982.922009535985,231.1,162.3,-8615.994694106976,243.4,163,-7365.884048752231,257.4,163.9,-8496.218921737584,271.8,164.8,-6794.442877832234,289.7,166.2,-6694.22452503511,308.8,167.5,-6304.383436990467,326.4,168.9,-5663.3799320397175,341.4,170.3,-5841.291941796922,357.5,171.2,-5489.557647360017,373.7,172.8,-5575.961533093739,389.7,174.2,-4566.307711700441,403.6,175.6,-4952.118930034904,413.1,176.7,-4756.285764420575,422.8,177.8,-5532.6322392623415,430.3,177.8,-5195.0188709141785,438.1,177.8,-4641.603306897747,443.7,178.2,-3895.7441663147356,449.8,178.7,-3797.025202331283]],["line",[8,449.8,178.7,-3797.025202331283,455.7,178.2,-5032.119162295948,459.6,178.2,-5319.761927620163,462.5,178.2,-5886.417491112767,465.2,178.7,-6352.160167532133,466.3,181.7,-6794.442877832234,465.6,185.7,-6998.249582460005,464.4,191.8,-5619.5444668422815,461.9,200.7,-4833.909929435002,458.9,210.4,-3929.0744700277446,456.4,223.3,-3862.6275105747345,455.1,238.4,-3331.2098969168364,453.9,257.8,-3862.6275105747345,453.3,277.6,-4382.068706452892,453.4,292.2,-3700.1889824725185,453.8,307.6,-4418.46370184289,454.3,322,-3764.5377727652976,454.9,339.1,-3542.917697496413,454.2,353.9,-3331.2098969168364,453.6,368.4,-3636.666929755277,452.8,377.7,-3573.9645029541107,452.6,386.7,-4345.9003265858]],["line",[8,452.6,386.7,-4345.9003265858,452.6,391.2,-4274.23278191174,452.2,394.6,-4794.979309720655,452.2,397.3,-5489.557647360017]],["line",[8,196.5,374.7,-386.5239648119042,196.5,374.7,-5489.557647360017,200.1,375.2,-6304.383436990467,211.8,375.9,-5072.48120406686,224.7,376.5,-6209.6402346850955,236,376.8,-5841.291941796922,249.5,377.4,-5977.44919459425,262.8,378.4,-5236.354426459149,279.6,380.2,-4952.118930034904,294.1,381.8,-4345.9003265858,308.1,383.4,-5113.083239023191,320.3,385.2,-4455.082772145729,332.8,387.7,-4912.478796662075,346.2,390.1,-4133.555601037731,360.3,393.1,-4455.082772145729,375.6,395.9,-5032.119162295948,388.9,397.5,-4794.979309720655,402.5,398.9,-5663.3799320397175,414.3,400,-5195.0188709141785,425.5,401.3,-5886.417491112767,433.6,402.3,-6209.6402346850955,439.3,403.2,-5446.732665343284]],["line",[8,439.3,403.2,-5446.732665343284,442.4,404.1,-5751.820754575101,444.7,404.1,-5796.428121658445,446.8,404.1,-5532.6322392623415,445.2,402.1,-17.03205193625782]],["line",[8,192.8,277.6,-542.3764761100061,192.8,277.6,-2165.672429139568,194.6,278.7,-2830.2377706802854,196.9,279.7,-2936.3299345985374,199.6,280.6,-3101.008359949261,205.1,281.3,-2936.3299345985374,210.9,280.8,-3157.406112776554,218,280.1,-3764.5377727652976,223.4,279.2,-3129.1115121513712,228,277.8,-3129.1115121513712,234.3,275.7,-2882.9182267128417,241.3,273.6,-2936.3299345985374,250.1,270.5,-3331.2098969168364,257.4,266.9,-3073.0931225136437,264.9,261.7,-3017.828330100134,271.8,255.3,-3157.406112776554,279.4,248.6,-3101.008359949261,286.2,243.3,-3157.406112776554,292.9,237.7,-3185.8903188335253,298.1,232.6,-3214.56770416,302.9,226.7,-2626.6824726681343,308.1,220.7,-3272.5]],["line",[8,308.1,220.7,-3272.5,312.3,216.5,-3301.756616211369,317.4,210.6,-4030.343618076951,320.5,205.9,-4133.555601037731,323.5,201.5,-4203.453664321995,326.1,196.8,-3157.406112776554,328.3,193,-3360.857900146893,330.4,189.7,-3636.666929755277,332.4,186.7,-3605.212958925593,333.8,184.1,-3636.666929755277,334.9,182.2,-3797.025202331283,335.5,180.2,-4382.068706452892]],["line",[8,308.1,381.5,-1919.857367672771,308.1,381.5,-2626.6824726681343,308.9,379.5,-2882.9182267128417,312,372.2,-2856.487798801049,315.4,365.7,-3017.828330100134,320,358.8,-3157.406112776554,325.6,350.3,-2990.477059960946,332.2,341.3,-2651.509091761395,338.6,333.7,-3331.2098969168364,346,325.6,-3797.025202331283,353.4,317.8,-3450.990234061566,361.2,310.5,-3185.8903188335253,370.2,303.7,-3542.917697496413,380.6,297.9,-3185.8903188335253,389.2,293.5,-3017.828330100134,398.2,290.3,-3996.3732998697324,405.6,288.8,-4309.954184523775,414.6,288.1,-3732.2603568378545,425.3,288.5,-4064.53125,433.9,289.2,-3862.6275105747345,441.7,290.8,-3017.828330100134,446.4,292.4,-2936.3299345985374]],["line",[8,446.4,292.4,-2936.3299345985374,452.4,294,-3420.7471876065115,456.5,295.2,-3390.7043222506754,460.2,296.5,-3481.431452009849,462.6,297.4,-3829.7204430129605,465.6,298.3,-4203.453664321995]],["line",[8,267.1,212.9,-85.70803067741542,267.1,212.9,-3962.6161464897345,269.9,215.6,-40.60584781301719]],["line",[8,275.3,220.6,-884.53125,275.3,220.6,-3129.1115121513712,277.2,222,-38.176044317817954]],["line",[8,282.2,241.6,-873.5965969670576,282.2,241.6,-2936.3299345985374,286.4,242.5,-820.4241491192575]],["line",[8,274.9,237.5,-1291.4593637510238,274.9,237.5,-2505.14985756699,278.1,240.5,-2297.04178677212,279.7,242.6,-2230.6339269772566,284.5,245.6,-702.6296375171222,290.8,249.3,2.98062104270919]],["line",[8,298.1,260.3,-2651.509091761395,298.1,260.3,-3481.431452009849,301.8,263.2,-2040,309.9,268.9,-2102.134103207852,314.6,272.5,-1805.0798887877438,318.9,275.9,-1099.3027544110328,326.8,282.4,-25.452912016854086,328.7,286.7,7.905126407736786]],["line",[8,346.9,298.1,-1491.3284908386468,346.9,298.1,-3636.666929755277,348.9,300.1,-2230.6339269772566,351.6,302.8,-1786.4600566219417,354.5,304.5,-1178.838376738119,359.6,310.2,-197.03125]],["line",[8,376.1,325.9,-759.8341091760157,376.1,325.9,-3214.56770416,378.3,326.8,-1979.2473303881736,382.2,328.4,-1786.4600566219417,384.9,329.8,-1427.5365554859916,387.6,331.3,-429.8905989037503]],["line",[8,338.2,263.9,-2602.03125,338.2,263.9,-2457.733312372494,337.5,278.3,-1939.5036738411222,336.6,287.5,-1749.6518758464877,335.7,294.3,-1660.1082976318926,335.5,298,-1411.9121983982145,335,302.9,-1335.6926576171932]],["line",[8,371.5,265.3,-1178.838376738119,371.5,265.3,-2856.487798801049,368.7,266.7,-2252.6085896698073,361.8,269.7,-2457.733312372494,350.3,272.5,-2778.2806027600836,337.9,275.3,-2602.03125,326.8,279.1,-3962.6161464897345,316.7,283.2,-3862.6275105747345,311.1,285.5,-3996.3732998697324,305.7,288.4,-2936.3299345985374,304,291.3,0.6210577359040785]],["msg","x83a70mjcr2",1676737228805,"地图"],["revoke",null,1676737230446],["revoke",null,1676737230965],["line",[8,337.8,267.6,-54.22368151714005,337.8,267.6,-1842.7529810272283,337,272.7,-1540.550322954266,336.6,279.6,-1206.2785689610405,336.4,283.2,-906.7048619385799,336.4,285.4,6.739763158154144]],["line",[8,356,270.8,-266.37929415330575,356,270.8,-1459.1725083225192,353.5,271,-1524.010170857881,348,271.7,-1557.2232469236094,341.5,272.1,-1625.2665349675196,335.8,272.6,-2019.5962068368833,333.1,272.6,-1900.3591546534392]],["revoke",null,1676737235966],["revoke",null,1676737236266],["revoke",null,1676737236492],["revoke",null,1676737236684],["revoke",null,1676737236880],["revoke",null,1676737237078],["revoke",null,1676737237236],["hit","x83a70mjcr2",1676737237713,"藏宝图"],["line",[8,263,210.1,-32.5,263,210.1,-1276.9610130664473,260,214.5,-1999.3462157594877,255.4,222.8,-1881.0101387412542,251.4,230.6,-1861.8077210027172,247.1,238.7,-1786.4600566219417,245.7,242,-1861.8077210027172,246.5,244.6,-1248.3279343273348]],["line",[8,238.4,273,-606.1249102748607,238.4,273,-1291.4593637510238,237.5,276.9,-1713.412880517194,237.5,282,-1823.843351786432,239.1,284.9,-1695.5045577151434,240.5,287.9,