{"nickname":"员工","round":{"tip":0,"started":1676787968359,"logs":[["colour",["#008d26"]],["line",[8,234.1,161.6,0.16667104677744504,234,161.4,2.170023838304985,231.6,161.6,5.457606585315046,230.5,163.5,5.7560210415871245,229.5,165.7,6.008152669486663,228.2,168.8,6.279493280471414,227.2,171.8,6.52761561803135,226.4,174.2,6.666241464910217,225.4,177.3,6.765287635236085,224.5,180.8,6.852350982583504,223.7,184.9,6.954395990909963,223.3,189.1,7.031966356579109,223.2,192.2,7.057361222832486,223.5,195.3,7.0612834718729935,224,197.8,7.064412524086893,224.7,200.7,7.06519365862516,225.4,203.4,7.06519365862516,226.3,205.9,7.062066565163673,227.3,208.4,7.0597161971847875,228.3,211,7.060500079640981,229.6,214.1,7.089164188936753,231,216.8,7.129074887113898]],["line",[8,231,216.8,7.129074887113898,232.5,219.5,7.165510177818023,234.7,222.5,7.215269209776933,237.5,225.4,7.278969476164907,240.7,228.3,7.3636451144948,244,231.3,7.442756281064189,246.4,233.6,7.494360351890283,248.9,235.9,7.524679171927888,250.5,237.2,7.528896353152821,252.9,238.1,7.406964860165837,251.9,235.7,0.6620775454890149]],["line",[8,235,159.7,0.3079891330411515,235,159.1,3.3681848430877865,236.3,156.4,5.090329084066885,237.8,154.3,5.609516648823343,239.4,151.4,6.009529492104258,241,148.6,6.252189414077403,242.3,146.7,6.372545424249291,244,144.6,6.480965019728725,245.7,143,6.563509294455366,248,141,6.745935146327626,250.6,138.8,6.9025039887824295,253.2,136.8,6.955245057396966,255.9,135.2,7.020696229358912,258.3,134.1,7.101354207278859,261.7,132.7,7.289196697577029,264.4,131.5,7.420719070094789,267.4,130.1,7.529829807231024,270.3,128.8,7.647420986309779,273.2,128,7.728703847222209,276.2,127.4,7.782252325975326,278.5,127.1,7.819400209299061,281.1,127,7.857383736497446]],["line",[8,281.1,127,7.857383736497446,283.3,126.9,7.889350580788307,285.9,126.6,7.916894625430928,288.6,126.3,7.9320099307195395,291.1,126.1,7.941623370185276,293.8,126,7.948246564094785,296.6,126,7.954935592260306,299,126,7.960592272791927,302.1,126,7.966477753452062,304.7,125.9,7.969759981299881,308,126,7.972684885935011,311.2,126.1,7.975747528028657,314.5,126.2,7.97808099529542,318.2,126.5,7.980155186446545,321.8,126.7,7.981835965621091,326.3,127.1,7.983101805535945,330.1,127.6,7.983709318587832,334.6,128.3,7.984661398125532,338.8,128.8,7.9856734290232305,342.5,129.6,7.986504946533685,345.9,130.4,7.98717497557103,348.5,131.2,7.987546466325128]],["line",[8,348.5,131.2,7.987546466325128,351.2,132.3,7.988147611010467,353.4,133.6,7.9888962381284445,355.1,134.7,7.989311677261021,357.2,136,7.990081692027071,359.1,137.2,7.990735963551954,362.1,139.4,7.991473140265714,364.9,141.9,7.99227299789938,367.3,144.1,7.99315308956007,370,146.7,7.9940089962049425,372.1,148.9,7.994455760002807,374.1,150.8,7.994797965437605,376,152.3,7.995199409195677,377.6,153.8,7.995661069950543,379.6,156.1,7.995958563824353,381.8,158.5,7.99633925158033,383.5,160.1,7.996681054502495,385.9,161.7,7.996977216490166,388.3,162.9,7.997282550973779,391.4,164,7.997350333728002,395.1,165.1,7.997527923256819,397.3,165.9,7.997635388607358]],["line",[8,397.3,165.9,7.997635388607358,399.2,166.4,7.997635388607358,401.5,167.1,7.997730785683165,403.7,167.7,7.997839770673909,405.9,168.2,7.99786435439348,407.9,168.8,7.997928882912966,411.6,169.5,7.997936843939482,413.8,170,7.997999716429233,417.8,170.8,7.998015209301426,419.8,171.3,7.998053542168562,421.9,171.8,7.99812853949292,425.8,172.6,7.998215656942419,429.3,173.7,7.9982085133890735,432.5,174.8,7.998306559134784,434.7,175.5,7.998229873016152,431.7,177.5,7.9987378428143945,428.7,180.2,7.9986989023993065,426.8,182.2,7.998704521701333,425,184.5,7.998704521701333,423.6,186.8,7.998670542349455,422.4,189.5,7.9985946346124885,421.4,192.1,7.998558522800436]],["line",[8,421.4,192.1,7.998558522800436,420.4,195.3,7.998618328331903,419.7,197.9,7.9986475219784685,419.2,200.8,7.9985946346124885,418.9,203.4,7.998546334283506,418.9,205.8,7.998564591192357,419,208,7.998540211120532,419.4,210.1,7.998471562705704,420.8,213.4,7.998426634468546,422.1,216.4,7.998458824239235,423.1,219.5,7.998471562705704,423.8,222.3,7.998490520603512,424.3,225.5,7.998521722503665,424.2,228,7.998576664598831,423.5,230.4,7.998534068633805,422.4,232.2,7.998576664598831,420.9,233.8,7.998552438163299,418.9,234.9,7.998540211120532,416.5,235.1,7.998588664601133,414,235.1,7.998687614502174,411.3,235,7.9986533041737475,409,234.6,7.998624203934928]],["line",[8,409,234.6,7.998624203934928,408.1,234.4,7.998659070618636,406.1,233.8,7.9986533041737475,403.2,232.8,7.998618328331903,400.9,231.5,7.998588664601133,398.9,230.1,7.998612433929267,396.8,228.4,7.998552438163299,394.2,226.5,7.99858267558943,392,225.2,7.998564591192357,389.2,224.1,7.998558522800436,386,223.5,7.998540211120532,383.2,223.7,7.998477900699606,380.1,223.9,7.998465204938907,377.5,223.9,7.998503058817931,374.7,224.2,7.998458824239235,371.1,225,7.998413619667092,367.7,226.2,7.99840707887366,364.1,227.6,7.998327034580516,362.3,228.5,7.998272018701817,359.5,229.5,7.998157927529304,357,230.3,7.998061140872514,354.2,231.2,7.997888727688983]],["line",[8,354.2,231.2,7.997888727688983,352.5,231.7,7.997839770673909,349.6,232.4,7.997773178893722,346.8,232.8,7.99766169941303,343.9,233.6,7.997652955095243,340.2,234.6,7.997773178893722,338.2,235.4,7.99783153047428,334,236.6,7.99798413684758,331.7,237.1,7.997952700977798,329.5,237.5,7.997823266722907,326.4,238.1,7.99772223576632,323.3,238.8,7.997670419274187,320.1,239.8,7.9975999643421956,316.2,241.4,7.997626570633377,312.6,243.3,7.997626570633377,308.6,245.5,7.997626570633377,305.7,246.9,7.997696436790234,303,248,7.997814975322628,300.8,248.4,7.997880623922751,298.8,248,7.99783153047428,296.6,247.2,7.997713661711501,294.3,246.1,7.997670419274187]],["line",[8,294.3,246.1,7.997670419274187,292.2,245.2,7.997652955095243,290.3,244.5,7.997527923256819,286.7,243.1,7.997397965814568,284.8,242.3,7.997359911101295,282.7,241.6,7.997388487487502,280.7,241.2,7.997350333728002,278.6,240.9,7.9973407256251114,276,240.6,7.997407413710495,272.1,240.2,7.997331096123803,268.8,239.5,7.997272763979991,265.8,238.7,7.997173418766457,262.3,238,7.997153226512039,258.5,237.7,7.997282550973779,255.7,237.7,7.997331096123803,254.1,241.5,7.567793838960704,254.1,243.6,3.2556735927811555]],["line",[8,431.1,175.2,0.3193629378882745,431.6,175.7,2.9391534707067137,433.2,177,5.889940340683093,435.7,179.5,6.911283912581956,437.2,181.3,7.269930316998935,438.4,183.4,7.53215703331078,439.3,186.1,7.765838299126049,439.8,188.6,7.882582940247427,440.1,191.8,7.944023929128808,440.1,194.3,7.965172267566512,439.7,197.6,7.976098922433156,438.9,201.4,7.980798558892825,437.9,205.3,7.983293442768273,436.6,208.8,7.984336691915695,435.5,211.9,7.984804081804774,434.4,214.4,7.98539940798803,433.2,217.4,7.985977084580612,432.3,219.8,7.986439784534563,431.3,222.6,7.987299716514265,430.2,225.1,7.987999415280076,429.3,227.5,7.988352782434502,428.5,229.4,7.988294429928267]],["line",[8,428.5,229.4,7.988294429928267,427.6,231.5,7.988381869644266,426.7,233.5,7.988468818566994,425.1,235,7.975747528028657,423.6,232.2,4.125747059826126,423.1,230.2,0.6876754561504139]],["colour",["#222"]],["line",[8,287.1,166.5,0.29660270076783846,287.1,166.5,1.0037980481012312,288.7,163.8,5.771040928012406,290.2,162.4,6.1041357667059035,292.1,161.4,6.373728634105097,294.4,160.9,6.656019432155844,296.6,160.9,6.871355613317299,298.9,161.1,7.015024504447774,301.7,161.6,7.150349597790344,304.2,162.5,7.252258324274026,306.6,163.8,7.348294313199375,308.9,165.4,7.427235406490199,310.8,166.9,7.463129070094506,313.3,168.9,7.475385309092412]],["line",[8,291.5,167.7,0.428660575063013,291.3,167.8,2.483942194220008,291.8,170.3,5.823017596438902,294.6,173.7,6.379634144926804,296.8,175.3,6.535284850047475,299.2,176.6,6.663181049312506,301.5,177.4,6.776791087664982,303.7,177.5,6.856897582775165,307.4,175.9,6.920880976461269,310.1,173.7,6.933003146359221,311.1,171.8,6.50775608704406,309.9,169.9,0.08172629769968065]],["line",[8,298.9,161.4,0.00781059241863602,298.9,