{"nickname":"真爱粉","round":{"tip":0,"started":1677487024486,"logs":[["line",[8,307.9,260.4,4,312.2,251.9,0.31523192000000044,312.2,247.6,0.31523192000000044,315,246.2,0.31523192000000044,315,243.3,0.31523192000000044,317.9,240.5,0.31523192000000044,320.7,236.2,0.31523192000000044,323.6,229.1,0.31523192000000044,326.4,219.2,0.31523192000000044,330.7,209.2,0.3925623046874991,337.8,193.6,0.3925623046874991,346.3,176.5,0.3925623046874991,354.8,160.8,0.3925623046874991]],["line",[8,364.8,175.1,4,362,187.9,4,362,207.8,0.07970049968749837,362,230.5,0.4693075950000001,362,254.7,0.4693075950000001,362,274.6,0.4693075950000001]],["revoke",null,1677487046709],["revoke",null,1677487047237],["colour",["#f8c94e"]],["line",[8,212.6,237.6,4,214,250.4,4,215.5,267.5,4,216.9,284.6,0.07970049968749837,221.2,298.8,0.23731347468749853,224,308.8,0.31523192000000044,226.8,320.1,0.3925623046874991,231.1,330.1,0.3925623046874991,235.4,337.2,0.4693075950000001,239.6,345.7,0.5454707496874995,245.3,352.8,0.621054720000001,251,358.5,0.6960624496874983,255.3,362.8,0.770496875000001,258.1,365.6,0.770496875000001,262.4,367.1,0.770496875000001,266.7,368.5,0.770496875000001,270.9,369.9,0.770496875000001,275.2,371.3,0.844360924687499,280.9,372.8,0.9176575200000006,288,375.6,0.9176575200000006,295.1,377,0.9176575200000006,303.6,378.4,0.9176575200000006]],["line",[8,303.6,378.4,0.9176575200000006,310.8,378.4,0.9176575200000006,317.9,378.4,0.9903895746874998,325,378.4,1.2052275200000002,332.1,375.6,1.3456831950000003,337.8,369.9,1.6200507949999992,344.9,362.8,1.7540083200000005,349.2,357.1,1.8858451949999981,353.4,352.8,1.9509754246875,359.1,345.7,1.9509754246875,363.4,337.2,1.9509754246875,367.6,324.4,1.9509754246875,371.9,308.8,1.9509754246875,374.8,296,1.9509754246875,377.6,286,1.9509754246875,379,274.6,1.9509754246875,380.4,263.2,1.9509754246875,381.9,254.7,1.9509754246875,381.9,247.6,1.9509754246875,381.9,243.3,1.9509754246875,383.3,236.2,1.6872960496875002]],["line",[8,204.1,236.2,4,206.9,222,0.23731347468749853,206.9,207.8,0.6960624496874983,211.2,187.9,0.9903895746874998,212.6,168,1.1341716796874985,215.5,153.7,1.2052275200000002,218.3,139.5,1.2052275200000002,221.2,125.3,1.2052275200000002,224,113.9,1.2052275200000002,226.8,106.8,1.2052275200000002,228.3,104,1.2052275200000002,229.7,102.5,1.2052275200000002,235.4,102.5,1.2052275200000002,238.2,105.4,1.2052275200000002,242.5,115.3,1.2052275200000002,249.6,131,1.3456831950000003,255.3,148,1.4150887746874998,262.4,165.1,1.48395,265.2,176.5,1.48395,266.7,183.6,1.48395,268.1,189.3,1.48395,269.5,192.1,1.48395]],["line",[8,269.5,192.1,1.48395,270.9,192.1,1.48395,276.6,185,1.48395,289.4,168,1.48395,305.1,148,1.48395,323.6,128.1,1.48395,339.2,112.5,1.48395,353.4,99.7,1.48395,364.8,88.3,1.48395,374.8,79.8,1.48395,381.9,74.1,1.48395,386.1,71.2,1.48395,387.6,69.8,1.48395,387.6,72.7,1.48395,387.6,84,1.48395,387.6,101.1,1.48395,384.7,123.9,1.48395,380.4,140.9,1.48395,377.6,155.2,1.48395,373.3,163.7,1.48395,371.9,170.8,1.48395,370.5,173.6,1.48395]],["line",[8,370.5,173.6,1.48395,377.6,162.3,1.48395,393.2,143.8,1.48395,410.3,126.7,1.48395,424.5,118.2,1.5522697246874992,435.9,113.9,1.7540083200000005,444.4,112.5,1.8858451949999981,451.6,112.5,2.0155839199999983,458.7,112.5,2.0796734746875005,461.5,113.9,2.0796734746875005,462.9,118.2,2.0796734746875005,462.9,123.9,2.0796734746875005,458.7,138.1,2.0796734746875005,445.9,158,2.0796734746875005,431.6,179.3,2.0796734746875005,421.7,195,2.0796734746875005,410.3,209.2,2.0796734746875005,404.6,217.7,2.0796734746875005,401.8,220.6,2.0796734746875005,400.4,226.3,1.9509754246875]],["colour",["#3b0c9b"]],["colour",["#cab0da"]],["line",[8,289.4,192.1,4,289.4,202.1,4,283.7,209.2,4,279.5,214.9,0.07970049968749837,275.2,220.6,0.07970049968749837,272.4,223.4,0.07970049968749837,270.9,224.8,0.07970049968749837,269.5,226.3,0.31523192000000044,272.4,229.1,0.4693075950000001,275.2,233.4,0.4693075950000001,278,239.1,0.4693075950000001,279.5,246.2,0.4693075950000001]],["line",[8,295.1,187.9,4,299.4,192.1,1.1341716796874985,303.6,196.4,1.3456831950000003,307.9,200.7,1.4150887746874998,312.2,203.5,1.4150887746874998,315,206.4,1.4150887746874998,317.9,207.8,1.4150887746874998,320.7,209.2,1.4150887746874998,323.6,212,1.4150887746874998,322.1,213.5,1.3456831950000003,317.9,216.3,1.3456831950000003,312.2,220.6,1.3456831950000003,307.9,226.3,1.3456831950000003,303.6,232,1.3456831950000003,300.8,236.2,1.3456831950000003,300.8,239.1,1.3456831950000003,300.8,241.9,1.1341716796874985,299.4,244.8,0.9176575200000006]],["line",[8,279.5,236.2,4]],["colour",["#222"]],["line",[8,319.3,276,4,320.7,268.9,0.844360924687499,325,266.1,0.844360924687499,330.7,261.8,0.844360924687499,337.8,259,0.844360924687499,343.5,257.6,0.844360924687499,347.7,257.6,0.844360924687499,350.6,257.6,0.844360924687499,353.4,257.6,0.844360924687499,356.3,259,0.844360924687499,357.7,261.8,0.844360924687499,360.5,264.7,0.844360924687499,362,267.5,0.844360924687499]],["line",[8,317.9,280.3,4,322.1,284.6,0.3925623046874991,327.8,284.6,0.621054720000001,332.1,286,0.844360924687499,339.2,287.4,0.9176575200000006,346.3,287.4,0.9176575200000006,352,287.4,0.9176575200000006,356.3,283.2,0.9176575200000006,359.1,274.6,0.9176575200000006]],["line",[8,236.8,283.2,4,245.3,276,0.31523192000000044,253.9,271.8,0.31523192000000044,262.4,268.9,0.31523192000000044,270.9,267.5,0.31523192000000044,278,267.5,0.31523192000000044,282.3,267.5,0.31523192000000044,288,267.5,0.31523192000000044]],["line",[8,243.9,284.6,4,246.8,290.3,0.31523192000000044,246.8,294.5,0.5454707496874995,249.6,297.4,0.621054720000001,253.9,298.8,0.6960624496874983,258.1,300.2,0.6960624496874983,263.8,300.2,0.6960624496874983,270.9,300.2,0.6960624496874983,278,296,0.6960624496874983,286.6,287.4,0.6960624496874983]],["colour",["#cab0da"]],["line",[8,263.8,276,0.6960624496874983,263.8,268.9,0.6960624496874983,263.8,266.1,0.6960624496874983,263.8,263.2,0.6960624496874983,268.1,264.7,0.6960624496874983,270.9,271.8,0.6960624496874983,272.4,278.9,0.6960624496874983,272.4,286,0.6960624496874983,273.8,290.3,0.6960624496874983,273.8,294.5,0.6960624496874983,273.8,297.4,0.6960624496874983,270.9,298.8,0.6960624496874983,268.1,298.8,0.6960624496874983,266.7,294.5,0.6960624496874983,266.7,288.8,0.6960624496874983,266.7,284.6,0.6960624496874983,266.7,280.3,0.6960624496874983,270.9,278.9,0.6960624496874983,273.8,278.9,0.6960624496874983,275.2,281.7,0.6960624496874983,275.2,284.6,0.6960624496874983,270.9,287.4,0.6960624496874983]],["line",[8,270.9,287.4,0.6960624496874983,269.5,287.4,0.6960624496874983,269.5,284.6,0.6960624496874983,269.5,278.9,0.6960624496874983,269.5,276,0.6960624496874983,270.9,278.9,0.6960624496874983,270.9,287.4,0.6960624496874983,270.9,291.7,0.6960624496874983,270.9,294.5,0.6960624496874983,266.7,294.5,0.6960624496874983,265.2,288.8,0.6960624496874983,265.2,283.2,0.6960624496874983,265.2,278.9,0.6960624496874983,265.2,276,0.6960624496874983,265.2,281.7,0.6960624496874983,265.2,284.6,0.6960624496874983]],["kitsu",["黄金之风"],1677487067468],["line",[8,339.2,271.8,4,346.3,264.7,0.23731347468749853,346.3,267.5,0.31523192000000044,346.3,271.8,0.3925623046874991,346.3,276,0.3925623046874991,343.5,278.9,0.3925623046874991,340.6,280.3,0.3925623046874991,337.8,281.7,0.3925623046874991,337.8,274.6,0.3925623046874991,337.8,268.9,0.3925623046874991,337.8,266.1,0.3925623046874991,339.2,270.4,0.3925623046874991,339.2,278.9,0.3925623046874991,339.2,284.6,0.3925623046874991,339.2,278.9,0.3925623046874991,339.2,273.2,0.3925623046874991,339.2,267.5,0.3925623046874991]],["colour",["#3b0c9b"]],["line",[8,342,256.1,4,343.5,260.4,0.07970049968749837,343.5,267.5,0.15880399499999953,344.9,271.8,0.15880399499999953,346.3,274.6,0.15880399499999953,347.7,277.5,0.15880399499999953,349.2,278.9,0.15880399499999953,349.2,274.6,0.15880399499999953,349.2,271.8,0.15880399499999953,349.2,276,0.15880399499999953,349.2,278.9,0.15880399499999953,349.2,281.7,0.31523192000000044,349.2,276,0.3925623046874991,349.2,270.4,0.3925623046874991,349.2,