{"nickname":"乐乐乐乐乐，我是世界的调律者","round":{"tip":2,"started":1691669139763,"logs":[["msg","k8qacuc1li2",1691669142307,"我都不认识"],["width",[20],1691669144810],["width",[4],1691669145910],["width",[20],1691669146535],["paint",["M0,240L0,480,320,480L640,480,640,240L640,0,320,0L0,0,0,240",2,"destination-over"],1691669148710],["join",1691669150752,"2twaycprzt2","格子葛","223.64.153.198","Mozilla/5.0 (Linux; Android 10; ELE-AL00 Build/HUAWEIELE-AL00; wv) AppleWebKit/537.36 (KHTML, like Gecko) Version/4.0 Chrome/97.0.4692.98 Mobile Safari/537.36 T7/13.39 BDOS/1.0 (HarmonyOS 2.2.0) SP-engine/2.77.0 baiduboxapp/13.39.0.11 (Baidu; P1 10) NABar/1.0",false],["colour",["#d20000"]],["colour",["#f8c94e"]],["join",1691669153599,"562h5s0u7o2","锁妈","183.228.36.151","Mozilla/5.0 (Linux; U; Android 9; zh-cn; MI 6X Build/PKQ1.180904.001) AppleWebKit/537.36 (KHTML, like Gecko) Version/4.0 Chrome/100.0.4896.127 Mobile Safari/537.36 XiaoMi/MiuiBrowser/17.7.60719 swan-mibrowser",false],["colour",["#666"]],["paint",["M0,240L0,480,320,480L640,480,640,240L640,0,320,0L0,0,0,240",1,"source-over"],1691669155895],["paint",["M0,240L0,480,320,480L640,480,640,240L640,0,320,0L0,0,0,240",1,"source-over"],1691669156935],["colour",["#222"]],["line",[0,152,224,156.4,223.6,165.3,222.4,188.5,219.5,201.6,217.9,218.2,216.9,232.2,216.4,243.8,215.7,252.9,214.9,260.8,214.5,268.2,214.3,278.5,213.9,287,213.1,294.2,212.3,300.4,211.9,308.2,211.3,314.5,210.5,320.3,210.2,325.3,209.5,333.6,209.1,341.1,209,347.9,208.5,354.3,207.8,360.1,207.5,366.2,206.8,375.5,206,383.9,204.7,391.6,203.6,399.5,202.6,412.8,201.2,424.7,199.5,435,197.8]],["line",[0,435,197.8,452.3,194.3,465.2,191.5,479.5,187.9,488.2,185.1,493.4,183.4,472.5,183.8,434.5,186.9,385.5,191.4,332.7,196.2,279.3,201.4,210.1,209.7,159.8,216.9,127.7,221.1,108,223.8,128.7,227,168.3,226,214.7,223.9,282,219.9,348.5,216.7,392.6,214.3,419.5,211.8,435.3,208.7,442.4,207,410.8,208,326.1,216.8,246.2,224,180.1,228.2,133,231,108.5,232.7,98,233.4,150.3,236.9]],["line",[0,150.3,236.9,271.4,224.8,354.7,215.8,403.7,211.7,434.7,210,456.1,209.8,475.1,208.8,491.2,207.3,508,205.8,519.2,204.6,524.4,204,518.9,203.2,514.1,202.5,509.8,201.6,502.7,199.9,488,203.4,449.5,214.3,404.2,225.8,359.3,233,318.7,228.3,299.4,220.6,314.5,212.6,325.2,208.5,330.4,206.8]],["colour",["#f8c94e"]],["line",[0,208.9,199.1,207.1,194.6,206.6,189.1,208.4,181.3,212.6,171.4,222.9,157.5,233.2,146.3,242.2,137.3,250.7,129.9,262.8,122,273.2,116.7,282.3,113,290.7,109.9,298.9,108.6,308.2,108,316.1,107.7,323,108.1,329.5,108.3,342.5,111.6,353.6,115.9,362.5,120.3,369.3,125.3,374.8,131,379.6,141.9,383.2,151.8,386.3,160.1,388.6,166.8,390.1,172.6,390.7,179.4,392.4,185.4,393.7,189.6]],["line",[0,235.6,180.4,233,185.1,243.3,175.2,271.4,151.8,296.5,132.7,312.8,124.1,319.9,120.9,304.8,134.4,281.5,149.4,257.1,162.1,237.2,171.2,225.3,176.7,220.6,179,230.4,175,245.3,168.6,268.2,153.8,282.3,144.6,272.9,149.8,252.7,161.4,229.7,177,217.7,185.2,213.7,188,219.8,185,243.1,173.4,263.2,162.3,276.6,154.4,282.7,149.9,276.8,153.7,260.7,163.9,243.3,173.7,232.9,180.1,245,173.9]],["line",[0,245,173.9,281.6,153.8,302.5,142.2,309.8,138.7,302.4,144.3,275.6,159,255.5,170.1,245.7,178.1,243.3,181.7,262.7,180.3,283.7,176.6,301.8,171.4,314.4,166.1,320.3,163.4,296.5,171.8,262.7,184.3,244.4,191.1,237.6,193.5,242.8,190,255.9,185.3,284.6,178.5,311.1,174.1,331.3,170.4,345.2,167.5,326.5,168.4,300.5,171.6,278,176,264.7,178.6,260.2,179.7,269.7,178.8,298,175.5,323.9,172.3]],["line",[0,323.9,172.3,344.6,169.5,348.7,169.1,330.2,172.8,304.5,178.5,281.2,182.2,268.6,183.8,285.1,181.9,303.9,178.3,333.3,169.3,349.2,164.2,316.1,162.2,284,161.1,264.2,159.6,255.2,158.8,263.1,155.2,277.6,148.1,293.8,141.8,308.2,136,318.6,131,305.9,132,282.5,137.6,259.1,142.2,247.1,144.4,255.9,143.5,274.4,139.4,300.2,134.7,317.3,131.9,325.2,130.6,320.1,131.5,297,134.9,268,140.5]],["line",[0,268,140.5,245.1,142.6,249.4,139.7,276,132.8,300.7,128.1,321.3,125.9,335,125.5,344.5,129.4,339.4,135.6,323.7,141.8,308.8,146.1,299.4,149.1,310.8,150.1,322.8,148.8,333.3,147.1,338.5,146.2,333.1,143.4,324.4,141.3,314.8,140.3,322,137.7,328.9,137.3,323.7,140.3,305.3,145.3,284.4,149.6,271.2,152.5,265.1,153.9]],["colour",["#d20000"]],["line",[0,430.2,138.7,433.6,134.4,440,127.5,448.4,120.8,459.7,113.2,466.9,108,470.2,105.5]],["line",[0,416,94.2,418.5,89.4,422.5,82.8,428.3,74.4,434.8,66.6,441.3,60.1,448.3,53.6,451.9,50.3]],["msg","439uq5kcbr2",1691669171532,"麦当劳"],["line",[0,313.8,86.2,313.4,80,313.1,70.8,313,60.1,312.5,50.8,312.3,43.6,312.6,37.2,312.9,32.7]],["line",[0,208,97.8,203.2,90.7,191.1,75,184.2,66.2,179,60.3,175.4,56.4]],["line",[0,141.3,143.1,133.7,137.4,123.3,132.6,112.1,130.9,101.8,131.1,96.7,131.4]],["line",[0,265.8,181.3,273,177.1,283.7,171.2,295,165.5,304.9,159.1,308.8,155,303,154.3,299.1,156]],["colour",["#222"]],["colour",["#fff"]],["colour",["#222"]],["line",[0,280.9,224,273.1,228.7,264.7,236.3,260.8,259.3,263.2,276.9,270.8,288,280.8,294.4,295.1,295.2,305.8,292.9,314,288.8,320,282.6,325,270.4,318.7,249.3,310.2,234.8,302.7,226.8,297,223.9,293.1,222.5]],["line",[0,303.1,308.4,301.2,316,299.4,343.1,299,368.9,299.3,396,299.5,409.9,299.6,415.8]],["line",[0,296,327.1,291.4,327.1,287.2,327.9,280.8,330.6,270.2,339.1,259.8,348.8,250.2,359.1,243.8,368.6,241.9,376.2,241.1,381.4]],["line",[0,306.7,357.3,315.2,353.5,332.7,345.1,355.6,330.5,370.9,320.4,380.6,313,386.3,308.3,390.7,302.9,394.4,295.1,398,281.1,397.8,271.4,393.8,265.1,386.1,261.4,372.4,263.5,364.8,265,360.2,266.1]],["line",[0,274.3,413.1,267.2,427.8,260.9,443.1,256.1,455,253.8,460.8]],["line",[0,314.7,400,319.9,421,343.8,464.3,357.6,488.5,363.7,499,366.2,503.2]],["line",[0,376.9,240.9,363.7,249.9,345.7,268.9,332.3,289.4,325.8,300,323.2,304.5]],["line",[0,236.4,301.3,243,304.1,254.9,312.7,280.3,330.9,294.4,341.1,300.6,345.5,304,347.9]],["line",[0,246.2,318.2,223,342.9,199.5,370.5,184.9,396.8,175.4,429.8,170.9,447.2,169.2,454.7,168.2,458.7]],["line",[0,283.6,312,262.3,326.7,240.1,348.4,216.7,395.2,204.7,421.4,199.5,432.9,197.5,437.4]],["line",[0,178.7,419.6,167.7,435,159.9,453.5,160,469.4,168.6,476.7,187.9,465.4,221.2,432.8,239.4,414.3,247.4,406.1,250.5,402.9]],["msg","2fapi3i1fl2",1691669183509,"黎明"],["colour",["#fff"]],["width",[4],1691669185230],["width",[10],1691669185780],["line",[0,269.3,237.3,257.6,248.6,247.4,262.4,243.9,277.6,242.7,285.6,242.2,290.3]],["join",1691669186747,"p3yfmwrutx2","萨卡班甲鱼","39.144.41.63","Mozilla/5.0 (Linux; Android 10; HarmonyOS; BLA-TL00; HMSCore 6.11.0.332; GMSCore 20.15.16) AppleWebKit/537.36 (KHTML, like Gecko) Chrome/99.0.4844.88 HuaweiBrowser/13.0.1.301 Mobile Safari/537.36",false],["line",[0,258.3,264,254.9,275.2,253.4,280.2]],["line",[0,282.7,240.9,302.7,246.3,314.8,249.5,320.2,251]],["line",[0,296.9,235.6,314.3,245.8,324.7,251.9,329.4,254.7]],["line",[0,311.1,239.1,319.6,243.9,324.7,246.7]],["msg","439uq5kcbr2",1691669187713,"这啥玩意"],["line",[0,324.4,240,342,252.8,352.6,260.5,357.4,264]],["line",[0,305.8,247.1,332,260.9,347.7,269.2,354.8,272.9,358.7,275]],["line",[0,280.9,283.6,286.3,288.2,289.6,291]],["line",[0,309.3,278.2,303.9,284,299.3,295.4,296.8,301.9,295.2,305.9]],["line",[0,288,288]],["msg","so4bazp1et2",1691669191402,"啥玩意"],["msg","2fapi3i1fl2",1691669192436,"菲利普"],["msg","p3yfmwrutx2",1691669193520,"黎明事务所"],["msg","2twaycprzt2",1691669194860,"天降拂晓"],["msg","439uq5kcbr2",1691669197387,"老爷子"],["hit","p3yfmwrutx2",1691669198473,"萨尔瓦多"],["hit","k8qacuc1li2",1691669198548,"萨尔瓦多"],["hit","2twaycprzt2",1691669200044,"萨尔瓦多"],["hit","so4bazp1et2",1691669200376,"萨尔瓦多"],["msg","562h5s0u7o2",1691669201134,"这是什么"],["msg","439uq5kcbr2",1691669202231,"神马"],["tip","4个字",1691669203480],["tip","萨 开头",1691669204375],["validated","od4oes2kmp2",1691669206471,"稻草人"],["extra",1691669207861,"p3yfmwrutx2",15],["msg","so4bazp1et2",1691669208285,"真就黎明呗"],["msg","k8qacuc1li2",1691669214353,"飞毛腿师傅"],["hit","2fapi3i1fl2",1691669214367,"萨尔瓦多"],["msg","562h5s0u7o2",1691669218431,"1"],["msg","439uq5kcbr2",1691669220421,"萨卡班"],["validated","b3qex5682l2",1691669225630,"？"],["msg","2fapi3i1fl2",1691669227947,"师傅"],["extra",