{"nickname":"[ ]","round":{"tip":0,"started":1678244333148,"logs":[["colour",["#1317f6"]],["colour",["#222"]],["line",[5,204.3,296.1,-30.38281925863285,203.3,291,-581.6039259062982,202.6,285.5,-759.8341091760157,201.9,280.8,-830.8606000000179,200.7,269.3,-810.0848934339645,200.6,257.3,-1099.3027544110328,200,250.7,-1206.2785689610405,200,244.4,-1206.2785689610405,200.6,234,-1335.6926576171932,202.1,219.3,-1557.2232469236094,202.9,212.1,-1642.6188840249974,205.4,199.7,-1731.4611673600743,208.2,185.1,-2102.134103207852,210.9,177.9,-2364.916268119438,213.8,170.1,-2457.733312372494,219.9,160,-3605.212958925593,225.4,148.9,-3390.7043222506754,232,139.3,-3668.3243018766602,242.6,129.2,-3301.756616211369,254.5,118.4,-3962.6161464897345,263.2,110.5,-3732.2603568378545,275,102.4,-4030.343618076951]],["line",[5,275,102.4,-4030.343618076951,288,96.1,-3636.666929755277,303,88.2,-3331.2098969168364,320.5,80.3,-2778.2806027600836,328.3,76.7,-2676.509558534672,343.4,72.3,-2481.3563478027654,353.8,70.4,-2252.6085896698073,363.2,70.5,-2060.5564164494244,373.4,70.7,-1939.5036738411222,384.3,72,-1491.3284908386468,393,73.5,-1459.1725083225192,401.1,75.8,-1276.9610130664473,409.9,77.9,-1234.1918546147606,418.5,80.7,-917.9450629506618,428,84.3,-862.7632398477901,434.3,87.9,-830.8606000000179,442,92.7,-606.1249102748607,449.4,98.8,-505.13977834507307,455.9,105.5,-490.78712105248474,461.4,112.4,-398.5696229309944,467.1,120.5,-462.9871423076289,471.4,128.5,-404.69485234301794]],["line",[5,471.4,128.5,-404.69485234301794,475.5,138.1,-294.6193705896876,478.1,147.5,-223.7618114045324,480.8,153.8,-162.94000450573424,483.2,162.1,-133.28803685436296,485.3,170.5,-120,487,177.9,-107.67206131420177,488.4,183.8,-79.77593720159007,489.7,192.7,-79.77593720159007,491.2,203.5,-75.98079110107457,492.1,212.2,-63.65960644022772,492.8,220.3,-45.75184527057419,493.2,227.9,-41.85609405033273,493.2,236,-63.65960644022772,493.8,242.7,-62.0170491386134,494.5,248.4,-51.296029436686325,494.8,252,-52.74662854457339,495.4,256.1,-39.37926472855507,495.1,260,-35.838499200968414,494.4,263.9,-33.59084702929475,493.6,268.3,-45.75184527057419,493,272.3,-43.13030583962278]],["line",[5,493,272.3,-43.13030583962278,491.7,277.1,-45.75184527057419,491,281.3,-41.85609405033273,489.6,286.2,-40.60584781301719,488.2,289.7,-36.99588802167009,486.8,292.9,-27.36405465183281,485.5,294.9,-26.398541147500325,484,297.6,-22.73278743896677,482,300.8,-22.73278743896677,480.6,302.7,-25.452912016854086,479.8,304.8,-24.526936825297952,478.3,306.2,-24.526936825297952,477.7,308.7,-45.75184527057419,477.7,311,-49.871566434416366,478.8,313.1,-62.0170491386134,479.3,315.5,-89.82645293272559,478.2,317.5,-65.33089568767335,474.9,323.6,6.89233261609634]],["revoke",null,1678244343751],["line",[5,259.1,208.8,-67.03125,256.4,203,-648.6830796971453,254.8,197.4,-779.6481453853651,251.9,188.8,-873.5965969670576,251.3,180.6,-1023.8332807209995,250.6,171.4,-1125.355799367544,251.3,158.9,-1112.2727862178144,252.8,148.1,-1350.6852442816999,254.3,138.8,-1459.1725083225192,257,129.8,-1767.9840094293713,261.4,118.4,-2019.5962068368833,263.7,112.5,-2252.6085896698073,267.8,105.4,-2505.14985756699,273.4,99.9,-2602.03125,281.9,93.7,-2602.03125,288.9,88.2,-3185.8903188335253,295.8,82.7,-3390.7043222506754,305.6,76.2,-3185.8903188335253,316.9,70.6,-2909.5324112643393,324.1,68.1,-2651.509091761395,332.9,66.2,-2529.112379923197,345.7,64,-2274.7435765374453]],["line",[5,345.7,64,-2274.7435765374453,356.2,62.6,-2274.7435765374453,362.1,62.2,-2060.5564164494244,368.6,62.5,-2297.04178677212,377.2,62.5,-2123.1569319877353,385.8,63.6,-2081.268185628628,391.8,64.1,-2060.5564164494244,398.1,65.3,-1695.5045577151434,404.9,67.7,-1459.1725083225192,412.5,71.6,-1192.5,420.5,77.2,-929.289083009189,428.7,83.7,-987.5789042742408,433.9,89.3,-929.289083009189,439.5,96.3,-740.3962757966202,445,104.7,-684.2917902408965,448.3,109.7,-721.3294027510851,451.9,115.5,-721.3294027510851,455.6,122.2,-684.2917902408965,457,127.9,-589.6944203315346,458.6,136.1,-597.8678933082732,460,144.3,-534.7720863080948,458.8,152.4,-597.8678933082732]],["line",[5,458.8,152.4,-597.8678933082732,458.1,161.2,-505.13977834507307,456.7,168.8,-490.78712105248474,454.3,174.9,-449.53125,452,180.3,-410.88903281469436,450.6,184.4,-527.2467707490546,449.4,187.4,-519.7999793544805,447.7,192.2,-557.8246883560263,445.7,195.8,-606.1249102748607,444.3,197.8,-631.403112237623,442,200.8,-589.6944203315346,439.3,203.6,-557.8246883560263,437.3,206.4,-597.8678933082732,434.8,208.1,-589.6944203315346,433.2,210.2,-597.8678933082732,431.7,211.8,-581.6039259062982,429.9,214.1,-573.5958465142099,428.3,216.2,-573.5958465142099,426.7,218.7,-657.453552468716,424.7,220.9,-684.2917902408965,423.5,223,-740.3962757966202,423.2,225.5,-810.0848934339645]],["line",[5,423.2,225.5,-810.0848934339645,424.4,227.3,-750.0682356568811,426.8,229.1,-799.8432074510306,429.7,232,-640,432.8,234.3,-631.403112237623,436.9,237.7,-436.3657596984675,440.2,241.6,-404.69485234301794,443.6,245.2,-417.15267986451465,447.2,249.5,-392.5128309801251,450.7,253,-368.9598330179633,453.9,257.8,-351.9887971609438,457.8,262.1,-299.5299247913797,462.2,267.9,-280.23996024094674,465.9,273.8,-261.87213653273596,469.2,279.6,-215.87278143463192,471.7,285.1,-186.3130224968288,473.7,290.1,-208.18688962884787,476.3,295.3,-208.18688962884787,477.9,299.7,-240.1635091556084,479.2,303.7,-227.7836107978311,480.6,307.9,-219.79168310970482,481.5,312.2,-223.7618114045324]],["line",[5,481.5,312.2,-223.7618114045324,482.8,316.2,-223.7618114045324,484,320.1,-223.7618114045324,484.7,325,-162.94000450573424,485.4,329.3,-130.55130611664092,484.9,334.9,-176.02054077738273,484.1,340.6,-159.781847408417,484.1,345.7,-153.59701598695597,483.3,350,-144.64235580555055,482.6,354.4,-110.06313367132839,481.9,358.4,-107.67206131420177,481.2,362.1,-102.99900058933571,480,365.4,-100.71632296000465,478.7,369.3,-125.19730824923346,477.3,373.4,-117.45913848496798,476.9,377.4,-114.95629401778815,476.7,382.9,-114.95629401778815,475.9,386.9,-112.49108547954819,475.6,389.9,-102.99900058933571,475.1,392.9,-105.31743734410017,474.3,395.9,-107.67206131420177,472.9,399.8,-122.57926160178926]],["line",[5,472.9,399.8,-122.57926160178926,471.5,401.9,-125.19730824923346,468.3,405,-120,466.2,407.8,-138.88292513218568,464.7,409.7,-144.64235580555055,462.5,411.9,-147.58477173767284,460.3,413.3,-176.02054077738273,458.3,414.7,-179.40473500977407,455.8,416.1,-193.41048151,453.3,417.4,-223.7618114045324,449.1,418.2,-240.1635091556084,447.3,419.4,-270.94267325910806,445.1,420.1,-324.9851204762602,441.5,422.3,-335.59735296000105,439.4,423.7,-374.74797270934744,437.4,425.1,-392.5128309801251,434.9,426.6,-423.48631093096293,432,427.5,-462.9871423076289,429.2,428.9,-519.7999793544805,426,429.9,-589.6944203315346,422.6,431.1,-622.8920494320948,419.9,431.8,-750.0682356568811]],["line",[5,419.9,431.8,-750.0682356568811,416,432.6,-769.6935650082751,412.7,433.2,-810.0848934339645,409,433.9,-917.9450629506618,404.4,434.6,-987.5789042742408,400.1,435.8,-1023.8332807209995,396.1,436.6,-1291.4593637510238,392.6,438,-1234.1918546147606,389.1,439.4,-1335.6926576171932,386.9,440.1,-1381.045724046562,382.5,441.2,-1507.6036528149752,380.4,441.3,-1524.010170857881,378.4,442,-1625.2665349675196,376.3,441.8,-1507.6036528149752,373.2,442.4,-1524.010170857881,369.9,442.4,-1608.0521785757564,367.9,442.4,-1695.5045577151434,364.2,442.4,-1861.8077210027172,362.1,442.4,-1842.7529810272283,358.6,442.4,-1900.3591546534392,356.5,442.4,-1919.857367672771,351.8,442.4,-1979.2473303881736]],["line",[5,351.8,442.4,-1979.2473303881736,349.2,442.4,-1999.3462157594877,346.8,442.4,-1979.2473303881736,343.8,442.4,-2060.5564164494244,340.4,442,-1939.5036738411222,335.8,441.2,-1786.4600566219417,333.4,441,-1823.843351786432,331.3,440.8,-1767.9840094293713,328.3,440.1,-1767.9840094293713,325.6,439.4,-1731.4611673600743,322.8,438.9,-1695.5045577151434,319.9,438,-1459.1725083225192,316.4,437.3,-1507.6036528149752,313.9,436.1,-1608.0521785757564,311.6,435.4,