{"nickname":"老八","round":{"tip":0,"started":1678891016472,"logs":[["msg","ztyvou0y2n2",1678891021121,"张宇真菜"],["colour",["#732d07"]],["line",[27,477,167.7,1.2052298149997096,475.3,175.4,-166.14253767250523,469.3,193.2,-166.14253767250523,459.9,211,-159.781847408417,451.6,227,-127.854526821223,446.2,241.2,-120,441.5,253.6,-36.99588802167009,433.8,268.4,7.6096258210004315,430.8,272.6,7.999998720004883]],["revoke",null,1678891040275],["line",[0,482.4,168.3,480.6,171.9,475.3,183.1,468.7,195,461,207.4,453.3,219.9,446.2,229.9,440.9,235.3]],["line",[0,485.3,171.3,484.7,176.6,484.1,189,483.6,199.7,481.8,210.4,478.8,223.4,474.7,239.4,468.1,260.1,465.2,266.1,462.2,273.8,460.4,278.5]],["line",[0,437.3,238.2,433.2,239.4,425.5,241.2,416.6,244.1,406.5,248.9,395.3,255.4,387,260.1,381,264.9,377.5,269.6,375.7,275,378.1,282.1,382.8,289.2,389.9,295.1,398.2,299.9,408.9,302.8,416.6,303.4,423.1,302.8,427.3,302.8,429.6,303.4]],["line",[0,462.2,269.6,467,267.9,478.8,264.3,494.2,261.3,509,259,525,257.2,545.2,256,549.9,256,557.6,257.2,564.1,259,570.1,261.3,574.2,263.7,577.2,267.3,578.4,270.8,574.2,278.5,564.1,288.6,539.3,301,532.7,304,522.7,307.6,515,310.5,505.5,314.7]],["line",[0,393.5,296.9,388.1,297.5,384,298.1,379.3,299.3,373.3,303.4,364.4,311.1,356.1,321.8,350.2,331.3,349,334.8,347.3,343.7,349,349,353.2,355,361.5,360.9,367.4,365,379.3,370.4,387.6,373.3,395.3,375.1,404.1,375.7,410.7,373.3,416.6,371]],["line",[0,524.4,309.3,531,310.5,539.9,312.3,548.7,314.1,558.2,315.9,567.1,318.2,573.6,320.6,578.4,323,580.7,324.7,582.5,327.1,581.3,331.3,576,336.6,568.9,341.9,561.8,346.1,556.4,349,551.1,352,546.4,355,541,357.9,536.3,361.5,532.1,364.4,530.4,366.2]],["line",[0,367.4,356.7,360.3,360.3,349.6,367.4,343.7,371.6,333.6,379.3,324.7,388.1,317.6,397,311.7,407.7,309.9,413,310.5,417.8,313.5,422.5,321.2,427.3,337.8,431.4,346.7,433.2,368,435,384,436.1,394.1,436.7,401.2,437.3,405.9,436.7,410.1,436.1,413,436.1]],["line",[0,546.4,362.7,548.7,362.1,552.3,360.9,555.3,359.1,558.8,357.3,561.8,355.6,564.7,354.4,568.3,353.2,571.9,353.2,575.4,353.8,579.6,355.6,582.5,357.9,584.9,359.7,586.7,362.1,587.9,365,587.3,369.2,584.9,374.5,583.1,376.9,578.4,382.2,567.1,391.1,564.1,394.1,555.9,398.2,544.6,403.6,541,404.7,534.5,407.1,527.4,408.9,517.9,412.4,509,415.4,501.3,417.2,494.8,419.6,489.5,421.3,483.6,423.1]],["line",[0,483.6,423.1,474.7,425.5,467.6,427.3,463.4,427.9,453.9,429.6,446.2,430.8,438.5,431.4,432,431.4,426.1,431.4,419.6,432,414.8,432.6,410.7,432.6,407.7,433.2,405.3,433.2]],["msg","2eswf51jl03",1678891049369,"老八你在画什么"],["line",[0,152.3,284.4,150.5,282.7,149.3,280.9,147.6,279.1]],["line",[0,158.2,277.3,141.6,273.8,120.9,270.2,104.3,267.3,90.7,266.7,81.2,267.3,72.9,268.4,65.8,270.8,59.9,273.2,55.1,276.7,51,279.7,48.6,282.1,46.8,285,45.6,287.4,43.9,290.4,43.3,293.9,43.3,296.3,43.9,299.9,44.4,304,45.6,309.3,47.4,315.9,50.4,323,53.9,330.1,59.3,337.2,65.8,344.3,72.9,349.6,81.8,354.4,93.6,358.5,106.1,362.1,116.7,364.4,128.6,365,140.4,364.4]],["line",[0,140.4,364.4,154.1,363.3,170.1,360.9,183.7,357.9,197.3,353.8,211.6,349.6,224.6,344.9,236.4,340.1,247.1,334.8,256,330.1,261.3,325.9,265.5,322.4,267.3,319.4,267.9,315.3,265.5,310.5,260.7,305.8,254.8,300.4,245.9,293.3,238.2,286.8,228.1,280.9,218.1,276.1,206.2,272.6,190.8,270.2,183.1,269.6,160,269,151.7,269.6,138.1,270.2,123.3,273.2,119.7,274.4,110.8,278.5]],["line",[0,297.5,256.6,295.1,254.8,291.6,253.6,283.9,254.8,270.2,261.3,257.2,269.6,245.9,280.3,238.2,289.8,233.5,296.9,230.5,302.8,229.3,307,229.9,310.5,234.7,314.1,253,315.9,265.5,314.1,271.4,312.3,284.4,307.6,296.3,301.6,305.2,295.7,311.1,289.8,314.7,283.9,316.4,276.7,316.4,274.4,315.3,272,307,266.1,289.8,264.3,260.1,266.1]],["line",[0,246.5,263.7,244.7,260.7,241.8,256,238.2,247.1,235.3,233.5,235.9,229.3,237.6,221,240.6,214.5,244.7,207.4,247.1,204.4,250.7,204.4,253,208.6,254.8,213.3,256.6,218.1,258.4,223.4,260.7,228.1,264.3,234.1,267.9,239.4,271.4,244.7,273.8,247.7,275,249.5]],["line",[0,284.4,250.7,289.8,243.6,298.7,231.7,308.1,220.4,318.8,208.6,326.5,201.5,331.3,197.3,334.2,194.4,336,193.2,338.4,196.7,336.6,202.7,332.4,211,331.3,213.3,328.9,219.3,325.3,226.4,321.8,236.4,320,243,318.2,247.7,317.6,250.1,317,252.4]],["line",[0,96,348.4,96.6,354.4,96.6,360.9,96,369.2,94.8,375.7,93.6,379.9,93,383.4,93,385.8,92.4,388.1,91.3,390.5,90.1,392.9,85.9,396.4,80,401.2,74.7,405.9,69.9,410.1,66.4,414.2,62.8,419,60.4,423.1,58.7,426.7]],["hit","ztyvou0y2n2",1678891056772,"狗"],["validated","2eswf51jl03",1678891057759,"？"],["validated","c5g3r1ayjw2",1678891058897,"屎壳郎"],["validated","nd9mkcxlkm2",1678891059142,"屎壳郎"],["line",[0,218.7,344.9,220.4,354.4,221.6,357.9,224,369.2,225.8,379.9,227,388.7,227.6,395.9,228.1,401.2,228.7,404.7,229.3,407.7,228.1,410.7,224,414.2,216.3,419,209.8,423.7,203.9,427.9,200.3,431.4,197.3,434.4,196.1,436.1]],["line",[0,241.8,400,244.7,405.3,247.7,409.5,254.2,417.2,267.3,429.6,275,436.1,277.9,438.5,283.9,444.4,288.6,449.2,292.1,452.1,293.9,454.5,295.7,455.7]],["line",[0,158.8,419,154.1,417.2,149.9,416,145.2,414.8,139.3,412.4,132.7,408.9,128,406.5,114.4,398.2,110.2,395.9,100.1,389.3,95.4,386.4,92.4,384.6,90.1,382.8]],["line",[0,271.4,288]],["line",[0,301,281.5]],["hit","qoyz96urfv2",1678891065738,"狗"],["line",[0,374.5,186.7,383.4,177.2,392.3,168.3,400,161.8,405.3,156.4,409.5,153.5,411.9,152.3]],["line",[0,375.1,184.3,385.2,180.1,394.7,177.2,401.8,174.8,409.5,174.2,415.4,174.8,420.1,175.4,425.5,176,430.8,176,432.6,174.8]],["line",[0,407.1,131,403,128.6,392.3,121.5,384,116.1,375.7,110.2,370.4,103.1,366.2,94.2,364.4,85.3,365.6,77.6,371,67,381.6,52.7,391.7,42.7,402.4,34.4,417.8,27.3,433.8,21.9,451,19,468.7,18.4,487.7,19,503.7,20.1,516.7,20.7,529.2,21.3,540.4,22.5,550.5,23.7,559.4,24.9,567.1,26.7,573.6,27.9,579,29.6,583.7,30.8,587.9,32.6,590.8,33.8,592.6,35,594.4,36.1]],["line",[0,594.4,36.1,596.7,39.7,598.5,42.1,599.7,45,600.9,48,601.5,51.6,601.5,55.1,601.5,58.1,601.5,61,601.5,63.4,600.9,67.6,600.3,71.7,599.7,75.3,599.1,79.4,598.5,84.1,598.5,90.1,598.5,96,597.9,100.7,597.9,104.9,596.7,107.9,596.1,110.2,595,112.6,592.6,114.4,587.9,117.3,579,121.5,570.7,125,563.6,127.4,556.4,129.2,549.3,131,543.4,132.7,538.1,133.3,532.1,134.5]],["line",[0,532.1,134.5,526.8,135.7,522.1,136.9,515.6,138.7,509.6,139.9,502.5,142.2,496.6,144,491.3,145.2,485.9,147,480.6,148.7,474.7,150.5,468.1,152.9,462.2,155.3,456.3,158.2,448.6,162.4,440.3,167.1,433.2,170.7,427.3,173,423.1,174.2,420.1,175.4,418.4,176.6,416,177.2]],["line",[0,413.6,47.4,414.8,52.1,416.6,55.7,418.4,58.7,420.1,61]],["line",[0,463.4,44.4,461,46.8,458.1,49.2,454.5,51]],["line",[0,405.3,71.7,410.1,70.5,419,68.7,448,62.8,459.9,61.6,467.6,60.4]],["line",[0,404.7,84.1,416.6,83.6,427.9,82.4,437.9,80,445,78.8,449.2,77.6]],["line",[0,403,110.2,408.9,106.1,416,103.1,424.3,99.6,432.6,96.6,442.7,94.2,445,93.6]],["line",[0,398.8,127.4,408.9,122.7,420.7,118.5,431.4,115,439.1,112.6,446.2,110.2,451.6,107.3,455.7,105.5,457.5,103.1,458.7,100.1]],["line",[0,439.7,68.1,436.1,75.3,429.6,96.6,423.7,121.5,420.1,139.9,419,147,417.2,160.6,417.2,163.6,417.8,168.3,419.6,163,420.1,155.9,419.6,147,419.6,135.7,419.6,132.7,420.1,128.6,420.7,125,421.3,121.5,426.1,125,434.4,134.5,443.9,143.4,452.1,149.3,458.7,153.5,464,157,468.7,159.4,473.5,161.2,477,162.4]],["line",[0,468.7,74.1,472.3,82.4,476.4,97.2,478.8,113.2,481.2,123.9,482.4,129.8,484.1,128.6]],["line",[0,467,62.2,477.6,61.6,488.9,62.2,496,64,500.1,65.8,503.7,68.1,506.7,71.7,508.4,75.9,509,80.6,509,88.3,508.4,96,508.4,104.9,509.6,113.8,510.8,118.5]],["line",[0,476.4,120.3,483,120.9,495.4,120.3,505.5,117.9,513.8,113.8]],["line",[0,523.3,76.4,526.2,75.9,532.1,76.4,546.4,75.9,557,74.1,564.1,72.9,567.1,72.3]],["line",[0,539.3,106.7,543.4,103.7,547,100.7,551.1,97.2,556.4,94.2,563,90.7,567.7,88.9,570.1,87.7]],["line",[0,552.9,46.8,553.5,61.6,554.1,76.4,555.9,115.6,557,132.1,558.2,142.8,558.8,147,560,153.5,560.6,157,561.2,160]],["line",[0,549.9,103.7,548.7,105.5,543.4,116.1,535.1,130.4,529.8,140.4,526.2,148.1,524.4,153.5,523.9,158.8]],["line",[0,543.4,99.6,546.4,103.1,552.9,108.4,563.6,116.7,573,123.9,580.7,131,586.1,136.3,590.2,141.6,595.6,