{"nickname":"打游戏","round":{"tip":0,"started":1675095370127,"logs":[["colour",["#f8c94e"]],["colour",["#CE8700"]],["line",[8,245.3,208.7,4,237.5,210,1.48395,233.7,210,1.48395,215.6,210,1.48395,201.5,210,1.5522697246874992,191.2,210,2.4534685546875004,183.4,208.7,3.0924687949999994,179.6,204.8,3.4168191199999995,175.7,198.4,3.521274795,174.4,191.9,3.521274795,171.8,181.6,3.521274795,170.6,161,3.521274795,170.6,139.1,3.521274795,170.6,119.8,3.521274795,170.6,105.6,3.521274795,171.8,97.9,3.521274795,173.1,91.5,3.521274795,173.1,87.6,2.5740408246874997,173.1,82.4,1.6200507949999992,173.1,77.3,0.844360924687499,170.6,73.4,0.6960624496874983]],["line",[8,380.5,213.8,4,390.8,207.4,3.0924687949999994,397.3,207.4,3.147686599687498,406.3,206.1,3.2567229996875016,416.6,206.1,3.2567229996875016,424.3,206.1,3.310546875,432.1,206.1,3.623934720000001,437.2,204.8,3.7248195950000005,442.4,203.5,3.8728636746874994,446.2,201,3.8728636746874994,448.8,197.1,3.8728636746874994,450.1,190.7,3.9694006996874993,451.4,184.2,4.017029120000001,451.4,176.5,4.0642341796874994,451.4,166.2,4.1573842746875,451.4,154.6,4.248871024687499,451.4,145.6,4.248871024687499,451.4,137.8,4.248871024687499,451.4,131.4,4.248871024687499,451.4,126.2,4.017029120000001,450.1,121.1,3.521274795,447.5,115.9,2.866871595]],["line",[8,447.5,115.9,2.866871595,443.7,112.1,2.2688563199999994,442.4,109.5,1.8201904296875,441.1,106.9,1.1341716796874985,438.5,103.1,0.844360924687499]],["revoke",null,1675095379109],["revoke",null,1675095379339],["width",[20],1675095379526],["line",[8,278.8,234.5,2.143246874999999,272.3,230.6,4.4269340496875,263.3,230.6,4.6820475996875,249.1,230.6,4.6820475996875,233.7,229.3,4.6820475996875,219.5,226.7,4.7231999999999985,207.9,222.9,4.962133995,198.9,219,5.038795519999999,193.7,215.1,5.18775672,188.6,210,5.18775672,183.4,202.3,5.18775672,180.9,193.2,5.18775672,178.3,182.9,5.18775672,178.3,172.6,5.18775672,178.3,158.5,5.18775672,178.3,145.6,5.18775672,178.3,134,5.18775672,178.3,122.4,5.18775672,179.6,112.1,5.18775672,182.1,103.1,5.18775672,183.4,97.9,5.18775672,184.7,92.8,5.18775672]],["line",[8,184.7,92.8,5.18775672,186,88.9,5.18775672,186,83.7,4.7231999999999985]],["line",[8,423.1,230.6,4,434.6,231.9,3.8728636746874994,439.8,231.9,4.20333432,448.8,231.9,4.556262319999998,456.5,230.6,4.7231999999999985,465.6,229.3,4.8443627746875,472,229.3,4.8443627746875,478.4,226.7,4.8443627746875,484.9,222.9,4.8443627746875,490,219,4.8443627746875,495.2,213.8,5.038795519999999,499.1,208.7,5.33102592,502.9,198.4,5.789746874999999,505.5,193.2,6.1064933496875,505.5,188.1,6.28948992,508.1,179.1,6.4118370246875,508.1,170,6.4354963949999995,508.1,161,6.4354963949999995,508.1,152,6.4354963949999995,508.1,141.7,6.3879103200000005,505.5,134,6.3879103200000005,501.6,126.2,6.339246875]],["line",[8,501.6,126.2,6.339246875,499.1,119.8,6.2641962996875,496.5,113.4,6.238623195,495.2,108.2,6.2127685546875,495.2,101.8,5.9382810546875,493.9,97.9,4.5135498046875]],["msg","pirky62qzbh",1675095381792,"怎么感觉我好久没画"],["colour",["#f8c94e"]],["line",[8,287.8,239.6,0.9903895746874998,283.9,235.8,5.224101874687499,276.2,230.6,5.434830874687499,265.9,225.4,5.434830874687499,253,220.3,5.076577549687501,238.8,219,5.038795519999999,223.4,224.2,5.46875,209.2,249.9,5.7591025746875,200.2,297.6,5.9955475246875,198.9,358.1,5.9955475246875,198.9,421.3,4.7231999999999985,198.9,470.2,3.5728279296874987,198.9,503.7,1.8858451949999981,188.6,526.9,0.770496875000001]],["line",[8,407.6,233.2,0.31523192000000044,420.5,224.2,4.20333432,426.9,221.6,4.804355194999999,435.9,221.6,5.224101874687499,447.5,221.6,5.789746874999999,460.4,234.5,6.1064933496875,470.7,256.4,6.238623195,478.4,287.3,6.238623195,484.9,328.5,6.133494794999999,487.5,381.3,5.789746874999999,487.5,435.4,4.383025919999999,482.3,483.1,3.3639113746874987,472,517.9,1.48395,464.3,543.6,0.621054720000001,460.4,553.9,0.621054720000001]],["hit","pirky62qzbh",1675095386505,"托尔"],["line",[8,277.5,279.6,4,281.3,270.5,3.310546875,281.3,264.1,4.0642341796874994,281.3,256.4,4.804355194999999,282.6,249.9,5.224101874687499,283.9,242.2,5.365971099687499,289.1,233.2,5.400571995,294.2,224.2,5.33102592,302,215.1,4.923249804687501,309.7,207.4,4.598581174687499,320,199.7,4.4269340496875,331.6,195.8,4.248871024687499,341.9,191.9,4.1573842746875,350.9,190.7,4.1573842746875,359.9,190.7,3.9213463950000014,368.9,190.7,3.20243712,379.2,193.2,2.6926365496875,390.8,199.7,2.6926365496875,401.1,207.4,2.6926365496875,408.9,215.1,2.8092774496875004,412.7,224.2,3.521274795,415.3,234.5,3.9694006996874993]],["line",[8,415.3,234.5,3.9694006996874993,416.6,243.5,4.470441195000001,417.9,252.5,4.598581174687499,417.9,260.2,4.598581174687499,417.9,266.7,3.9694006996874993,417.9,271.8,1.2757303996874994]],["colour",["#fff"]],["hit","4gdnqo2zk2",1675095389289,"托尔"],["line",[8,269.7,221.6,4,272.3,213.8,3.521274795,272.3,207.4,3.9213463950000014,272.3,199.7,4.4269340496875,272.3,190.7,4.6820475996875,272.3,184.2,4.7231999999999985,273.6,179.1,4.7231999999999985,278.8,175.2,4.7231999999999985,285.2,175.2,4.598581174687499,292.9,180.4,5.076577549687501,295.5,185.5,5.076577549687501,298.1,191.9,5.076577549687501,299.4,195.8,5.076577549687501,302,199.7,4.923249804687501,307.1,199.7,6.28948992,312.3,193.2,6.5498529246875,316.1,184.2,6.5498529246875,321.3,176.5,6.160206424687498,325.1,170,5.85009152,327.7,164.9,5.535577995000001,329,161,5.365971099687499,331.6,168.8,5.365971099687499]],["msg","f9wge8o4297",1675095389872,"康娜"],["msg","pirky62qzbh",1675095389986,"老婆老婆"],["line",[8,331.6,168.8,5.365971099687499,331.6,173.9,5.665255594999998,338,171.3,6.2127685546875,345.8,166.2,5.820075799687501,352.2,159.7,5.5023316246875,358.6,155.9,5.076577549687501,363.8,153.3,5.038795519999999,367.7,152,5.038795519999999,370.2,155.9,5.295734179687501,370.2,162.3,5.295734179687501,368.9,168.8,5.295734179687501,367.7,173.9,5.295734179687501,367.7,180.4,5.7591025746875,375.4,179.1,5.909191994999999,384.4,173.9,5.260093595,390.8,171.3,5.224101874687499,396,168.8,4.923249804687501,401.1,167.5,4.470441195000001,405,168.8,4.293996875000001,405,173.9,4.111018395,405,182.9,3.20243712,405,189.4,3.147686599687498]],["line",[8,405,189.4,3.147686599687498,405,190.7,3.7746028246874985,415.3,190.7,4.20333432,423.1,190.7,4.20333432,429.5,189.4,4.470441195000001,432.1,193.2,4.470441195000001,430.8,197.1,2.0796734746875005,426.9,198.4,0.844360924687499]],["colour",["#d20000"]],["line",[8,349.6,369.7,4,349.6,372.3,5.113996875,349.6,385.2,5.1510558246875,349.6,395.5,5.1510558246875,352.2,441.9,4.6405087950000015,352.2,484.4,1.6872960496875002,352.2,505,0.9903895746874998]],["colour",["#3b0c9b"]],["hit","ihtkj74ln03",1675095395457,"托尔"],["line",[8,287.8,377.5,4,291.6,387.8,2.4534685546875004,291.6,398.1,2.5740408246874997,290.4,405.8,2.751199999999999,289.1,412.2,2.3924343949999987,289.1,417.4,0.844360924687499]],["line",[8,396,368.4,4,397.3,376.2,3.0924687949999994,397.3,382.6,3.2567229996875016,397.3,390.3,3.521274795,397.3,398.1,3.623934720000001,397.3,403.2,3.623934720000001,397.3,408.4,3.147686599687498]],["msg","1pgxaunwq03",1675095396839,"啊叫啥来着"],["line",[8,258.2,452.2,4,267.2,441.9,3.147686599687498,271,436.7,3.2567229996875016,274.9,432.9,3.3639113746874987,277.5,429,3.3639113746874987,281.3,426.4,3.3639113746874987,287.8,421.3,3.3639113746874987,292.9,418.7,3.0367810546875003,296.8,416.1,2.8092774496875004,302,416.1,2.6335843949999997,308.4,416.1,2.514003119999999,312.3,417.4,2.514003119999999,317.4,421.3,2.4534685546875004,323.9,426.4,2.4534685546875004,330.3,430.3,2.4534685546875004,334.2,434.1,2.4534685546875004,338,439.3,2.5740408246874997,339.3,443.2,2.3308978996875007,344.5,441.9,2.9239851246875004,349.6,438,2.9806207199999992,354.8,432.9,2.9806207199999992,361.2,426.4,2.751199999999999]],["line",[8,361.2,426.4,2.751199999999999,368.9,420,2.3308978996875007,376.7,414.8,2.3308978996875007,381.8,412.2,2.3308978996875007,385.7,411,2.4534685546875004,393.4,411,2.9239851246875004,398.6,411,3.147686599687498,406.3,413.5,3.4168191199999995,411.5,418.7,