{"nickname":"ç‚’ç²‰ğ“…”","round":{"tip":1,"started":1675085521361,"logs":[["colour",["#25c9ff"]],["line",[8,244,108.4,1.9293235472502523,239.6,108.5,1.9293235472502523,232.9,109.9,1.9293235472502523,225,113.2,1.9293235472502523,220.6,121.2,1.9293235472502523,218.7,131.7,1.9293235472502523,217.9,143,1.9293235472502523,217.1,150.1,1.9293235472502523,215.5,165.3,1.9293235472502523,214.2,179.4,1.9293235472502523,213.8,187.2,1.9293235472502523,211.8,204.9,1.9293235472502523,209,223.4,1.9293235472502523,208.2,233.2,1.9293235472502523,206.2,252.2,1.9293235472502523,204.9,261.8,1.9293235472502523,202.3,280.8,1.9293235472502523,199.3,289.1,1.9293235472502523,191.3,301.8,1.9293235472502523]],["revoke",null,1675085539197],["line",[0,247.6,120,246,116.9,240.9,114.4,229.6,113.6,225.8,113.6,218,115.2,214.8,117.6,209.6,126.8,207.2,132.8,202.8,148.9,199.6,158.9,195.6,175.3,194,182.1,192,197.3,191.2,205.7,190.4,220.6,190.8,227.8,190.8,242.6,190.8,249.7,190.8,256.6,190,272.2,188.8,280.6,187.6,289.4,181.9,304.7,178.2,312.3,171,324.6]],["line",[0,247.6,121.6,247.6,121.6,246.6,125.1,242.8,128.2,235.7,139,232.9,148.3,228.6,166.1,225,182.4,224.3,192.4,221.8,211,221.1,217.1,219.1,230.6,218.3,236.8,216.3,250.1,215.5,256,213.4,268.1,212.3,274.5,209,286.9,206.8,293.4,202.1,304.4,199.2,309.1,192.7,318,187.6,328,185.2,332.8]],["line",[0,247.6,120.8,247,118.5,241.7,115,226,130.1,219.3,143.5,209.7,165.8,205.9,176,201.1,203.2,200.6,219.1,200,248.1,199,260.6,197.6,282.6,195.4,291.3,191,300.1,179.6,316,173.2,322.8,163.5,331.1,160,334.2]],["line",[0,325.6,122.8,331.4,116.1,341.1,114.5,358.2,113.6,364,114.7,373.6,121.6,376.9,128.2,382.6,149.9,385,163.1,387.1,192.6,388.7,208.3,390.7,240.2,391.5,256.4,396.5,289.8,401.3,304.7,413.1,326.7,420.7,331.4,436.4,332.8]],["line",[0,326.8,122.8,329.6,124.8,344.8,132.8,358,156,362.4,168.1,366.4,180.5,374.4,207.8,377.7,225.9,384.8,261.8,387.6,278.7,390,294.4,399.7,323.5,405.8,334.7,413.8,343]],["line",[0,324.4,135.6,327.1,140.4,335.5,147.2,353.4,171.5,364.1,197.8,368,211.7,375.9,242.7,379.9,261.6,383,278.7,387.8,307.8,390.7,324.4,395.1,350.9,397,359.6,399.2,361.6]],["colour",["#ff008f"]],["line",[0,225.6,147.6,225.9,138.3,227.3,128,230.6,115,233.5,107.7,234.3,105.4,235.5,109.8,235.6,123.8,235.6,131.5,235.6,137.3,235.2,144.6]],["line",[0,344.4,142,345.9,137.8,347.5,129.5,350.7,116.7,355.2,107.3,356.4,105.2,358,110.3,358.4,128.6,358.8,137.9,358.4,148.8,358,151.6,357.6,156,357.6,158,358,160.4]],["colour",["#25c9ff"]],["line",[0,249.6,125.2,252.4,125.2,264.6,114.5,273.6,110,282.9,108.1,298.9,108.2,306.1,110.5,319.8,118.3,325.2,123,331,138.3,332.4,144.8]],["line",[0,285.2,121.2,286.6,122.9,287.7,129.5,285.7,149.6,281.7,160.6]],["line",[0,308,131.6,307.2,138,305.7,147.8,297.9,166.7,290.6,177.4]],["revoke",null,1675085552686],["line",[0,319.6,120.4,319,122.7,316.7,130,311.2,140.1,303.3,147.5,294.1,155.7,288.9,158.1,284.4,157.6]],["line",[0,270.8,139.6,272.1,143,273.1,146.3,270.2,149,265.3,152.2,261.8,153.4,254.4,155.1,250.8,155.9,242.5,156.7,238.5,157.1,233.4,158.3]],["line",[0,330.4,138,330.4,139.6,330.4,144.5,330.8,155.7,330.8,160.9,330,169.3]],["line",[0,330.4,142.4,333.5,145.1,336.6,154.4,340.1,176.3,340.9,183.3,341.2,195.1,342.1,201.8]],["line",[0,230.4,172.4,230.4,172.9,230,191.9,232.3,203.5,235.6,210.4]],["colour",["#222"]],["line",[0,248.4,178,248.8,177.6,254.1,175.6,261.7,174,264.9,173.6,266.9,173.6,269.2,174]],["line",[0,264.8,189.6,264.4,189.6,264,189.2,261.9,187.9]],["line",[0,293.2,176,296.5,172.7,305.9,170.6,312.3,169.2,314.7,169.2,318.1,170.2,320.2,171.2]],["line",[0,299.6,190,300.2,189,302.8,188.7,305.6,189.2,304.5,191.1,301.7,192,301.9,189,303.6,187.2,305.6,190.2]],["line",[0,302,190,303.9,189.3,305.2,185.6,305.2,180.4,305.2,188,305.2,190]],["line",[0,267.6,186.8,267.1,185.8,264.3,184,262.7,191.9,262.4,194.9,261.6,192.6,262,189.5,262,187.1]],["colour",["#f3b2aa"]],["line",[0,246,201.2,246.5,201.2,249.8,211.8,250.8,214.4]],["line",[0,260.4,202,262,202,266.1,210.4]],["line",[0,318,200.8,318,202.4,318,203.6]],["line",[0,328.8,193.6,331.2,197.6,332.4,211.6]],["colour",["#CE8700"]],["colour",["#008d26"]],["line",[0,243.6,261.2,245.6,264.4,259.5,276.3,264.4,285.9,270,302.4,272.4,310.4,278,330.1,280.4,341,285.3,360.6,287.2,371,288.8,381.4,290.8,396.5,290.4,399.6]],["line",[0,280,254.8,283.8,261.9,286.5,294.7,287.6,322.9,287.1,344.7,286.7,356.4,285.9,376.6,285.1,383.6,284,392.9,283.6,397.3]],["line",[0,320,256,319,259.7,310.9,279.9,301.1,301.4,289.3,324.6,285.7,336.6,283,358.9,282,371.9,282,377.3,282,381,283.8,385.6]],["colour",["#d20000"]],["msg","i4kt0ynug03",1675085582893,"ç”©è‘±æ­Œ"],["line",[0,235.6,239.6,236.2,240.2,243.5,245.2,245.7,245.2,247.6,244.4,247.2,242.1,246.1,239.7,244.1,237,241.3,234.1,239.2,233.9,239.5,236.1,240.3,238.5,244.2,242.9,247.4,245.1,251.2,249.2]],["line",[0,247.2,233.2,246.5,234.4,239.4,239.1,235.6,250.1,234.8,256.8,236.3,266.6,238.7,269.9,248.2,274.3,255.2,275.6]],["line",[0,260,228.4,263.3,230.5,264.8,238.2,262.8,258,257.6,270,254.7,277]],["line",[0,271.6,232.4,271.6,234.1,284.3,237.8,293.1,235.3,295.4,231.1,293.8,227.3,288.7,223.8,285.7,221.8,281.6,222.6,280,225.2,283.8,230.6,291,232.6,293.8,231.8,296.6,229,294.2,227.4,289.1,226.8,279.1,229.3,275.1,232.5,273.2,238.9,275.5,242.1,287.3,246.1,294.2,246.6,304,242.4]],["line",[0,271.6,230.4,272.5,233.1,275.2,241.9,282.4,257.5,286.8,259.2]],["line",[0,306.4,217.6,310.8,224.1,310.9,234.7,307.2,252,303.7,257.7,293.9,267.1,288.8,269.2]],["line",[0,324.4,226.4,324.4,227.6,326.4,232.1,333.3,237.6,336.9,237.2,340,233.2,341.2,231.2,340.8,226.3,339.2,224.8,337.2,223.2,333.6,221.6,331.5,221.2,327.1,224.6,324.7,229.8,321.2,239.3,320.8,241.7,327.8,243.6]],["line",[0,312,224,312.5,231.2,313.7,243.8,317.8,261.3]],["line",[0,348.8,228,349.3,230.9,348.7,238.3,341.3,252.9,330.8,263.5,324,269.6]],["colour",["#f3b2aa"]],["line",[0,437.6,190.4,432.6,187.5,428.3,177.7,425.2,153.7,424.4,146.5,423.6,132.4,427.7,113.9,430.1,107.7,435.4,100.2,439,97.5,445.8,94,452.2,93.6,455.4,95.3,459.7,102.8,462.5,116.1,463.2,123.7,462.3,137.3,461.1,142.3,457.9,148.6,457.1,150.6,455.1,152.5,456.1,149.3,458.3,143.8,466.6,130.8,471.8,124,484.3,113.4,490.8,109.1,503.2,102.9,508.8,101,515.9,100,518,101.7,517.5,105.9]],["line",[0,517.5,105.9,511.5,122,500.3,138.7,493.8,146.8,486.5,153.9,472.7,170.1,465.3,177,452.2,187.5,447.2,190.5,440.8,193.3,438.8,194.5]],["line",[0,218.4,274.8,218.9,275.3,225.6,285.6,234.3,286.4,239.2,286.4,248.8,282.2,258.3,276.8,260.8,275.9]],["line",[0,222.4,300.8,223,301.8,227.7,303.4,240.2,304,244.7,303,252.7,301.6,256.1,300.6,261.9,299.8]],["line",[0,261.6,265.6,264.6,264.9,276.2,265.5,278.4,267.9,271.7,274.7,268.8,277.6,266.5,280,271.5,280,275.1,279.7,282.4,280,284.5,280.4,286,281.9,284.1,284.6,282.9,286.2,286.2,289.1,288.3,289.9,290.3,291.2,289.7,293.9,285.7,297.9,283.7,298.7,279.8,300.3,277,300.7,272.5,302.4,270.5,302.8,268.5,303.9]],["line",[0,346.4,263.2,346.9,263.7,348.5,266.5,346.7,269.7,344.1,272.2,338.9,276.2,336.1,277.8,332.8,279.4,326.4,281.3,322.7,282.1,317.3,283.3,314.5,283.6,308.8,284.9,306.1,284.8,298.6,284.8,295.1,284.8,291.9,284.8,285.2,284.8,282.3,285.3,279.9,286]],["line",[0,360.8,281.2,360.8,282.4,360.8,286.5,359.8,294.1,356,297.8,354.4,299,350.4,301,348.5,301.8,344.5,303,342.3,303.4,336.9,304.6,333.8,304.8,327,304.8,323.4,304.8,317,304.4,313.6,304,306.9,303.4,304.1,303,300.3,302.4,297.6,302]],["tip","3ä¸ªå­—",1675085603213],["msg","i4kt0ynug03",1675085607218,"çˆ±ä¹‹è¯—"],["hit","mu8n28ltp73",1675085607614,"çˆ±è¨€å¶"],["msg","i4kt0ynug03",1675085610194,"ï¼Ÿï¼Ÿï¼Ÿ"],["hit","i4kt0ynug03",1675085615561,"çˆ±è¨€å¶"],["flower","mu8n28ltp73",1675085618871],["flower","i4kt0ynug03",1675085619517]],"winners":["mu8n28ltp73","i4kt0ynug03"],"extenders":[],"quickenners":[],"flowers":["mu8n28ltp73","i4kt0ynug03"],"deserters":[],"Depicts":{},"uid":"f9wge8o4297","quizIndex":2,"drawStarted":1675085526314,"skip":true,"onLineMembersLength":3,"ended":1675085617210,"contribute":true},"quiz":"çˆ±è¨€å¶","libName":"Vå®¶æ€€æ—§ç‰ˆ","roundIndex":2}