{"nickname":"打游戏","round":{"tip":3,"started":1675091216147,"logs":[["msg","4bvoptleoac",1675091216390,"😻"],["background",[2],1675091222633],["line",[0,281.3,148.1,286.5,137.8,289.1,127.5,298.1,114.7,313.5,103.1,325.1,96.6,336.7,94,344.5,94,347,94,348.3,100.5,350.9,108.2,353.5,117.2,354.8,126.2,356.1,136.6,356.1,145.6,357.3,150.7,357.3,155.9]],["revoke",null,1675091225206],["width",[20],1675091225927],["line",[8,272.3,157.2,4,280.1,140.4,2.514003119999999,282.6,126.2,2.514003119999999,287.8,110.8,2.514003119999999,295.5,99.2,2.514003119999999,304.5,91.5,2.514003119999999,312.3,90.2,2.6335843949999997,320,90.2,2.6335843949999997,329,92.8,2.6335843949999997,338,99.2,2.5740408246874997,348.3,110.8,1.8858451949999981,357.3,125,1.8858451949999981,363.8,141.7,1.8858451949999981,367.7,155.9,1.8858451949999981,368.9,170,1.8858451949999981,368.9,179.1,1.8858451949999981,368.9,185.5,1.2052275200000002,365.1,188.1,0.6960624496874983]],["line",[8,241.4,159.7,4,244,152,3.0367810546875003,244,144.3,3.521274795,244,134,3.674597749687499,240.1,123.7,3.674597749687499,235,117.2,3.623934720000001,231.1,113.4,3.310546875,225.9,113.4,3.310546875,216.9,115.9,3.9213463950000014,200.2,145.6,4.20333432,179.6,202.3,4.4269340496875,164.1,255.1,5.18775672,155.1,300.2,5.365971099687499,148.7,349.1,6.28948992,144.8,394.2,5.535577995000001,140.9,435.4,5.260093595,135.8,476.7,3.623934720000001,129.3,520.5,1.5522697246874992,120.3,566.8,0.9176575200000006,113.9,588.7,0.6960624496874983]],["line",[8,387,170,4,389.6,152,2.6335843949999997,389.6,144.3,2.8092774496875004,390.8,135.3,2.8092774496875004,394.7,126.2,2.866871595,398.6,118.5,2.866871595,403.7,113.4,2.866871595,408.9,110.8,3.2567229996875016,416.6,110.8,3.623934720000001,429.5,123.7,4.5135498046875,446.2,157.2,4.923249804687501,468.1,207.4,4.962133995,486.2,264.1,4.8443627746875,501.6,329.8,4.5135498046875,511.9,390.3,3.8728636746874994,515.8,445.7,2.751199999999999,517.1,492.1,1.4150887746874998,517.1,516.6,0.9903895746874998]],["msg","pirky62qzbh",1675091230129,"Bad apple"],["line",[8,273.6,266.7,0.15880399499999953,286.5,268,1.48395,294.2,268,1.5522697246874992,305.8,268,1.7540083200000005,318.7,268,2.2063068996875,331.6,269.2,2.866871595,343.2,271.8,3.310546875,349.6,273.1,3.521274795,354.8,274.4,3.521274795,358.6,275.7,3.521274795,362.5,277,3.521274795,367.7,277,3.521274795,372.8,277,3.4168191199999995,378,277,3.310546875,372.8,277,2.2688563199999994,368.9,273.1,2.0155839199999983,367.7,269.2,2.0155839199999983,363.8,265.4,2.0155839199999983,359.9,261.5,2.0155839199999983,357.3,256.4,2.0155839199999983,354.8,252.5,2.0155839199999983,353.5,248.6,2.0155839199999983]],["line",[8,353.5,248.6,2.0155839199999983,352.2,248.6,2.0155839199999983,347,253.8,2.3308978996875007,341.9,261.5,2.6335843949999997,336.7,268,3.0367810546875003,332.9,273.1,3.4692727246874995,330.3,277,3.5728279296874987,329,280.8,3.5728279296874987]],["line",[8,352.2,255.1,4,352.2,248.6,2.0155839199999983,352.2,242.2,2.0796734746875005,352.2,235.8,2.3308978996875007,352.2,229.3,2.3308978996875007,350.9,224.2,2.3308978996875007,348.3,220.3,1.3456831950000003,344.5,216.4,0.621054720000001]],["line",[8,303.2,275.7,4,300.7,269.2,0.9176575200000006,300.7,264.1,1.2757303996874994,299.4,257.7,1.3456831950000003,298.1,252.5,1.4150887746874998,296.8,248.6,1.4150887746874998,292.9,244.8,1.4150887746874998,287.8,246.1,1.48395,283.9,252.5,1.9509754246875,280.1,260.2,2.143246874999999,276.2,266.7,2.3308978996875007,272.3,271.8,2.3308978996875007,269.7,275.7,2.3308978996875007]],["line",[8,280.1,252.5,0.07970049968749837,282.6,246.1,2.3924343949999987,282.6,239.6,2.4534685546875004,282.6,231.9,2.5740408246874997,282.6,226.7,2.5740408246874997,282.6,220.3,2.5740408246874997,282.6,213.8,2.2688563199999994,282.6,206.1,1.1341716796874985,283.9,202.3,0.621054720000001]],["hit","pirky62qzbh",1675091233860,"黑岩射手"],["line",[8,281.3,369.7,4,290.4,372.3,2.3308978996875007,296.8,372.3,2.3924343949999987,304.5,372.3,2.3924343949999987,313.5,372.3,2.3924343949999987,325.1,372.3,2.3924343949999987,334.2,371,2.5740408246874997,343.2,371,2.9806207199999992,348.3,371,3.0367810546875003,353.5,371,3.0367810546875003,358.6,369.7,2.866871595,363.8,368.4,2.4534685546875004,367.7,367.2,2.4534685546875004,372.8,367.2,2.4534685546875004,375.4,372.3,2.2688563199999994,374.1,378.7,2.4534685546875004,372.8,382.6,2.4534685546875004,372.8,389.1,2.514003119999999,366.4,389.1,3.3639113746874987,362.5,387.8,3.3639113746874987,356.1,386.5,3.147686599687498,348.3,385.2,3.0924687949999994]],["line",[8,348.3,385.2,3.0924687949999994,340.6,385.2,3.0367810546875003,334.2,385.2,3.0367810546875003,329,391.6,3.0367810546875003,325.1,396.8,3.0367810546875003,322.6,400.6,3.0367810546875003,321.3,404.5,3.0367810546875003,320,408.4,3.20243712,313.5,405.8,2.6335843949999997,308.4,400.6,2.6335843949999997,302,395.5,2.6335843949999997,294.2,391.6,2.6335843949999997,289.1,390.3,2.6335843949999997,285.2,389.1,2.6335843949999997,280.1,389.1,2.9806207199999992,274.9,389.1,3.0367810546875003]],["line",[8,268.5,398.1,1.2757303996874994,262,417.4,2.3924343949999987,255.6,443.2,2.3924343949999987,251.7,472.8,2.0796734746875005,250.4,496,0.770496875000001]],["line",[8,312.3,422.5,0.6960624496874983,307.1,438,2.514003119999999,300.7,457.3,2.514003119999999,292.9,484.4,2.0155839199999983,289.1,508.9,0.770496875000001,289.1,520.5,0.621054720000001]],["line",[8,372.8,403.2,4,375.4,416.1,1.2757303996874994,378,429,1.2757303996874994,384.4,447,1.2757303996874994,390.8,467.6,1.1341716796874985,396,488.2,0.621054720000001,397.3,496,0.621054720000001]],["line",[8,318.7,426.4,1.0625599950000009,321.3,452.2,1.6872960496875002,327.7,471.5,1.4150887746874998,338,498.6,0.6960624496874983,345.8,516.6,0.621054720000001]],["line",[8,363.8,298.9,0.23731347468749853,357.3,309.2,1.7540083200000005,356.1,318.2,1.8201904296875,356.1,328.5,1.8201904296875,356.1,342.7,1.3456831950000003,363.8,358.1,1.2052275200000002,370.2,371,0.844360924687499,372.8,380,0.621054720000001]],["line",[8,273.6,297.6,0.07970049968749837,280.1,304,1.0625599950000009,280.1,314.3,1.0625599950000009,282.6,333.7,1.0625599950000009,282.6,350.4,1.0625599950000009,282.6,363.3,1.0625599950000009,282.6,373.6,0.621054720000001]],["line",[8,356.1,333.7,0.4693075950000001,347,341.4,1.8201904296875,340.6,346.5,1.8201904296875,335.4,353,1.2757303996874994,332.9,358.1,0.844360924687499,331.6,362,0.621054720000001,327.7,364.6,0.621054720000001]],["line",[8,336.7,337.5,4]],["line",[8,327.7,355.6,4]],["line",[8,368.9,206.1,4,380.5,217.7,1.8858451949999981,390.8,230.6,1.8858451949999981,403.7,253.8,1.8858451949999981,417.9,278.3,1.1341716796874985,432.1,306.6,0.9903895746874998,443.7,331.1,0.9903895746874998,451.4,351.7,0.9176575200000006,455.3,365.9,0.621054720000001]],["line",[8,396,256.4,0.3925623046874991,402.4,265.4,5.365971099687499,408.9,280.8,6.133494794999999,424.3,313,6.363714274687499,445,360.7,6.363714274687499,459.1,405.8,6.5048904496875,468.1,443.2,6.5498529246875,472,468.9,6.5498529246875,474.6,487,5.9955475246875,477.2,502.4,5.33102592,481,512.7,4.6405087950000015,484.9,515.3,4.470441195000001,490,515.3,4.470441195000001,492.6,507.6,5.295734179687501,496.5,496,5.789746874999999,497.8,483.1,5.820075799687501,499.1,463.8,5.535577995000001,499.1,440.6,4.883993519999999,487.5,411,4.7639683996875,470.7,377.5,4.7639683996875,455.3,346.5,4.7639683996875,445,324.6,4.7639683996875]],["msg","i2z2voxm03",1675091242741,"春日野穹"],["line",[8,445,324.6,4.7639683996875,438.5,307.9,4.923249804687501,434.6,296.3,4.962133995,430.8,284.7,4.962133995,425.6,273.1,4.470441195000001,417.9,262.8,4.383025919999999,411.5,253.8,4.383025919999999,406.3,248.6,4.383025919999999,402.4,247.3,4.383025919999999,405,258.9,4.20333432,412.7,271.8,4.804355194999999,425.6,292.4,5.1510558246875,442.4,322.1,5.224101874687499,465.6,362,5.400571995,486.2,407.1,5.434830874687499,497.8,440.6,5.33102592,502.9,459.9,5.18775672,505.5,475.4,5.18775672,506.8,483.1,5.076577549687501,508.1,474.1,5.038795519999999,508.1,456,