{"nickname":"魔法使之星","round":{"tip":0,"started":1678533866323,"logs":[["line",[27,247.5,278.6,4.249759869868322,268.2,260.6,4.105536225845814,320.5,239.4,4.105536225845814,370.7,240.2,3.9571922135537347,409.8,265.7,4.658475341320051]],["revoke",null,1678533885725],["width",[4],1678533886559],["width",[4],1678533886899],["width",[10],1678533887316],["width",[4],1678533887831],["line",[27,237.5,279.7,4.031884107451247,253.1,272.4,4.178158263525198,322.2,257.2,3.8046500930546285,370.8,266.6,4.178158263525198,415.4,295.4,4.658475341320051]],["revoke",null,1678533889382],["line",[0,239.1,212.6,260.8,206.1,281.6,201.9,355.9,204.6,380.7,212]],["revoke",null,1678533893098],["colour",["#1317f6"]],["line",[0,271.6,204.8,278.3,214.3,308,237.5,313.5,240.6]],["line",[0,357.7,198.6,356.1,212,343.5,233.9,327.2,249.1,323.6,251.2]],["line",[0,365,205.9,368.9,215.4,375.4,226.9,390.3,246.8]],["line",[0,403.1,198,403.7,203.1,403.6,220.8,398.5,238.6,394.7,245]],["line",[0,268.2,209.2,260.4,218.2,247.8,238,249.7,252.7]],["line",[0,239.1,207.6,226.9,221,220.5,237,225.1,258.4,228,260.7]],["revoke",null,1678533899251],["line",[0,243.1,203.6,236.3,216.5,242.8,254.4,249.2,263.5]],["colour",["#222"]],["line",[0,252,244.5,260.4,235,268.2,229.7,285.1,228.7,297.3,235.3]],["line",[0,267.1,242.8,272,247.7,277.5,252,291.5,258.1,299.3,250,299.7,241.7,299.6,236.6]],["line",[0,338.7,237.8,356.7,231.9,368.5,232.6,379,237.8]],["revoke",null,1678533907858],["line",[0,333.7,231.6,337.3,229.8,345.2,227,367.7,230,379,235]],["line",[0,334.8,243.4,345.1,269.8,356.2,278.3,364.4,274.1,367.8,256.3,368.4,247.3]],["revoke",null,1678533910030],["line",[0,334.2,242.2,342.7,251.3,353.3,255.1,357.6,249.2,360.5,239.2,361.7,236.6]],["revoke",null,1678533911676],["line",[0,334.2,240.6,335.9,243.4,341.4,250,348.7,257.2,357.8,261.3,366.9,252.5,372.2,240.1]],["revoke",null,1678533914235],["line",[0,335.9,240.6,338.8,244,342.8,247.9,349.9,251.8,358.9,252.8,361.7,246.8]],["revoke",null,1678533915995],["line",[0,335.4,238.3,340.6,243.6,347.5,248.1,354.5,249.7,361.4,247,364.7,242.6,367.8,235.6,370.3,233.8]],["revoke",null,1678533919033],["line",[0,333.1,245,346,255.6,350.8,258.5,354,257.9,361.9,250.5,364.7,244.9,366.7,242.2]],["revoke",null,1678533920768],["line",[0,333.1,237.2,346.9,250.7,355,252.3,358.7,247.4,362.2,241.1]],["revoke",null,1678533922681],["line",[0,334.2,238.9,340.9,246.7,353.2,253.9,359.1,253.6,365,248.4,367.3,243.3]],["colour",["#1317f6"]],["line",[0,426,212.6,421.4,254.9,413,283.5,407.2,304.6,403.4,313.8,400.1,307.9,395.3,288,390.8,270.7]],["revoke",null,1678533927927],["line",[0,415.4,210.9,418.7,221,424.3,252.7,428.8,287.4,431.6,309.1,432.7,314.2,431.3,317.5,426.1,316.7,413.3,303.2,402.1,283.5,396.3,270.2]],["line",[0,227.4,236.1,227.4,243.5,229.3,256.7,233.5,285.5,238.6,302.6,240.9,306.6,253.1,296,259.8,279.2,263.2,270.8]],["colour",["#222"]],["line",[0,273.3,279.7,293.5,289.3,327.8,293.9,366.7,284.2]],["line",[0,207.3,212.6,219.9,204.8,256.7,185.4,316,166.5,399.8,164.6,447.6,201.8,450.1,204.8]],["revoke",null,1678533935720],["line",[0,210.1,218.2,230.9,209.7,282.3,187.6,372.3,175,422.1,209.8]],["line",[0,225.2,207,233.2,199.5,236.6,195.9,250.1,174.4,256,164.9,263.9,156.5,284.3,141.3,331.5,130.1,348,130.9,362.6,133.4,393.4,149,413.5,176,420.4,189.7]],["revoke",null,1678533939750],["revoke",null,1678533940265],["line",[0,203.9,211.5,214,203.6,228.7,194.8,265.6,175.8,313.9,164.8,374.3,163.8,393.8,168.1,422.1,180.5,434.1,188.3,452.8,203.1]],["line",[0,204.5,205.3,212.8,193.5,219.9,178.8,226.5,168.9,234.5,157.2,245.1,140.7,255.1,131.9,274.6,115,284.4,106.8,301.6,99.2,316.9,98.2,330,99.6,354,105.1,372.7,112.1,380.8,115.3,397,120.9,400,121.2]],["revoke",null,1678533943911],["line",[0,210.1,200.3,225.2,187.4,230.1,182.5,238,172.9]],["line",[0,245.3,170.1,249.8,161.1,253.5,154.2,277.9,125.2,304.4,101.9,327.7,89.1,347.8,87.1,365.4,90.3,395.1,101.2,405.6,112,418.2,135.9]],["revoke",null,1678533947641],["line",[0,240.8,162.8,248.7,152.7,266,136.1,290.7,123.1,347.1,119.5,365,123.6,384.9,135.3,399.1,151]],["line",[0,405.9,152.7,417,161.1,435,175.4,456.2,191.3]],["colour",["#ff7829"]],["line",[0,281.9,302.7,269.8,316.6,238.5,353.7,223.2,376.7,233.8,374.5,273.8,347.8,290.3,334,285.6,338.5,239.9,393,245.4,393.1,277.2,367.8,284.2,363.1]],["revoke",null,1678533959910],["colour",["#CE8700"]],["colour",["#f8c94e"]],["line",[0,274.7,323.9,265.1,338.5,257.2,353.1,234.9,395,225.1,415,223.2,417.7,222.1,419.8,246.6,397.3,287.9,357.1]],["revoke",null,1678533966492],["join",1678533966685,"62h5csre4j2","111","120.244.2.146","Mozilla/5.0 (Linux; Android 10; ART-AL00x Build/HUAWEIART-AL00x; wv) AppleWebKit/537.36 (KHTML, like Gecko) Version/4.0 Chrome/97.0.4692.98 Mobile Safari/537.36 T7/13.28 BDOS/1.0 (HarmonyOS 2.2.0) SP-engine/2.66.0 baiduboxapp/13.28.5.10 (Baidu; P1 10) NABar/1.0",false],["line",[0,279.1,324.5,254,345.3,217,380.7,202.3,394.9,192.8,401.9,187.4,406.1,188.9,412.5,191.4,418.1,193.5,422.9,195.6,424.1,198.4,422.3,227.9,394.1,268.3,357.7,289.1,338.8]],["colour",["#222"]],["line",[0,284.2,320.6,304.5,307.9,322.5,294.6,333.4,288.1,336.6,300.3,338.7,312.2,339,317.1,335.9,319,319.6,329.7,309.6,337.6,304.9,340.7]],["revoke",null,1678533971382],["line",[0,289.2,316.6,303.4,306.9,309.3,303.1,319.9,296.8,323.6,294.8,323.3,300.9,320.9,312.2,320.3,318,320,320.8,311.5,325.7,299.3,332.8]],["colour",["#d20000"]],["line",[0,295.9,345.2,287,357.5,260.7,390.7,255,401.6,278,380.6,296.2,357.5,269.4,382.2,239.5,412.3,213.4,434.9,208.4,436.9,214.4,420.9,218.2,406.1,211.4,403,177.3,425.5,161.6,438.6,177.6,411.7,179.9,400,168.6,406.7,156.2,417.3,157.5,415.5,198.5,362,211.3,339,200.3,347.7,186.5,361.7,186.7,364.9,229.8,325.4,248.2,308.4,255.1,304.3]],["revoke",null,1678533977186],["line",[0,279.1,315,267.4,320.6,239.3,338.3,182.2,370.9,158.7,385.7,180.2,371.7,195.2,361,184.2,375.4,137.7,423.4,127.1,434.8,120.8,445.9,133.8,439.4,156.6,424.3,119.1,467.1,115.9,477.6,121.1,478.3,161.9,465.7,199.3,448.9,210.2,440.4,200.9,452.4,175.2,480.8,162.7,493,161.1,495.7,166.1,492.9]],["leave","62h5csre4j2",1678533979032],["revoke",null,1678533979471],["line",[0,277.5,302.1,224,339.7,191.6,365.2,164.1,393,165.3,395.4,181.2,383.3,186.3,378.7,170,396.6,138.3,434.9,138.9,441.7,145.7,440.8,154.7,442.2,147.1,456.9,146.8,467.7,155.7,465.1,183.5,443.6,189,439.2,186.6,445.7,186.5,454.5,199.3,447.8,230.1,425.6,268,393.2,273,389.4]],["line",[0,322.2,334.5,313.3,348.5,304.6,362.8,289.5,396.2,287,406.7,290.2,404.3,299.8,387,291.3,398.8,280.1,417,272.6,425.2,271.7,418.6,271.3,400.3,272.4,397.2]],["colour",["#222"]],["line",[0,302.6,280.8,309.3,281.4,316.6,282.5,319.4,283.1]],["revoke",null,1678533988073],["line",[0,308.2,273.6,314.4,272.4,323.6,272.2]],["msg","sziftec3yv2",1678533989202,"少名针妙丸"],["colour",["#cab0da"]],["colour",["#f3b2aa"]],["line",[0,214.2,175.1,216.8,179,226.7,187.2,239.3,187.3,248.2,174.1,243.7,160.9,242.9,162.9]],["line",[0,212.6,170.1,227.7,150.9,233.8,148.4,247.8,149.4]],["revoke",null,1678533996395],["line",[0,218.2,169,220.9,164.7,224.8,161.2,234.9,158.3]],["line",[0,248.4,167.3,250.7,168.9,260.4,170.1,267.7,166.7,274.3,158.8,276.9,151.7,267.5,140.7,261.9,141.2,249.4,145.7,248.9,149.9]],["colour",["#008d26"]],["line",[0,265.7,134.8,261.1,132.5,255.7,130.4,248.9,129.6,255.5,142.2,260.5,149,255.3,148.8,247.1,146,243.9,144.9]],["revoke",null,1678534002760],["line",[0,266.3,137.6,260.9,134.6,257.3,133.1,256.4,138.7,258.2,144.8,257.1,147.9,250.7,146.6,244.3,147.4,242.7,149.7,245.6,152.4]],["line",[0,237.2,151,233.5,148.9,227.4,145.6,225.4,148.9,226.6,157.7,226,161.8,222.7,161.7,216.9,161.1,213.8,172]],["near","sziftec3yv2",1678534005428,"绯想剑",82],["colour",["#1317f6"]],["line",[0,411.1,188,413.3,191.9,424.1,215.3,438.6,261.9,448.5,305,458.8,334.4,465.5,344.9,472.1,353.2,476,358.6,476.5,362.2,474.5,363.6,459.1,357.6,440.2,339.1,437.9,337.3]],["line",[0,228.7,205.3,225.9,217.6,214,253.6,207.9,272.6,207.4,289.1,212.6,287.2,218.6,282.5]],["hit","sziftec3yv2",1678534013061,"绯想之剑"],["line",[0,428.4,329.5,432.3,340.1,438.4,357.2,447.8,379.4,