{"nickname":"老八","round":{"tip":0,"started":1690961367565,"logs":[["colour",["彩虹"]],["colour",["#008d26"]],["line",[0,265.8,123.6,262.4,124.4,259.4,125.5,255.7,126.9,253.2,128,251.2,128.5,248.1,129.8,245.4,131.4,243.2,132.6,240.7,134.9,237.9,137.4,235.1,139.5,232.3,141.4,229.6,142.4,227.6,144.3,226,145.6,224.2,147,222.5,148.5,220.2,150.6,218.6,152.7,216.8,154.7,214.1,159.3,213.1,161.3,211.8,164.7,210.6,167.9,209.4,170.3,208.6,172.3,207.6,174.5]],["line",[0,269.8,124.7,271.9,124.7,274.6,125.6,276.3,126.9,278.1,128.4,279.6,130.6,281.3,132.1,282.8,133.6,283.8,135.8,282.3,137.4,280.3,138.7,278.1,139.6,274.2,140.8,269.5,141.4,264.9,141.7,262.4,141.9,260,142,262.3,144.1,264.3,145.7,264.7,147.7,262.7,147.7,260.5,147.7,259.6,149.7,259.5,152.3,259.5,154.3,259.5,156.3,256.4,156.9,248.1,158.5,239.9,159.9,235.5,160.5,231.4,161.1,229.3,161.3]],["line",[0,229.3,161.3,227.4,162,229.3,163.5,230.9,165.6,232.2,167.9,233.1,169.9,233.1,172.1,233.1,174.1,232.3,176.2,230.8,178.3,229.2,180.1,227.9,181.7,225.9,181.7,223,181.7,220.4,182.6,219.2,184.4,219,186.8,217.4,185.2,215.8,183.7,213.8,182.9,209,182,205.6,181.7,203.6,181.7,205.7,181.7,207.6,182.7,209.7,181.5,210.9,179.1]],["line",[0,211.8,172.5,210,176.6,208.2,179.6,207.3,181.9,206.7,185.3]],["line",[0,208.3,200,209.4,202,211.2,205.1,212.2,207.5,210.1,208.6,203.9,210.9,201.1,212.3,199,214,197.8,216.6,196.9,220,196.8,222.6,197.4,225,198.8,226.7,201,228,205.6,229.4,210.7,230.4,213.2,231.1,215.2,231.7,216.8,233.1,217,235.2,217,237.8,218,241.1,219.7,244.3,221,246.2,222.5,248.9,223.2,250.9,225.4,252.4,227.9,252.6,228.9,254.8,230.5,257.5,231.9,259.5,234.1,261.7]],["join",1690961400234,"kvlhzgow5n2","泠枫","39.171.227.40","Mozilla/5.0 (Linux; U; Android 12; zh-cn; M2010J19SC Build/SKQ1.211202.001) AppleWebKit/537.36 (KHTML, like Gecko) Version/4.0 Chrome/100.0.4896.127 Mobile Safari/537.36 XiaoMi/MiuiBrowser/17.7.60719 swan-mibrowser",false],["line",[0,234.1,261.7,235.9,262.9,237.6,264.4,239.7,265.4,242.1,267,244,268.1,247.2,269.2,250.5,269.5,252.9,269.6,255.4,270.2,257.8,270.7,261.4,270.8,263.5,270.8,266,271.2,268.1,273.3,269.1,275.5,273.1,276.5,275.7,276.5,278.7,276.5,281.1,276.2,282.7,274.6,284,272.8,285.1,269.9,285.8,267.6,285.1,265.6,285.3,263,285.8,260.2,285.9,257.8,283.9,258.8,282.2,260.1,279.1,260.4,276.7,260.4]],["line",[0,276.7,260.4,274.6,260.4,272.3,260.4,268.7,259.6,266.1,258.3,263.9,257,262.1,255.3,260.4,253.5,260.1,251.5,258.4,249,256.5,246.2,255.4,243.7,254.2,240.6,253.3,238.5,252.1,236,250.1,233.4,248.5,229.9,247.6,226.9,246.7,224,245.6,222.3,244.5,220.4,243.1,218.7,240.9,217.4,238.8,216.1,236.8,214.1,235.5,212,234,208.6,233.1,206.5,232.6,203.4,232,201.4,231.4,198.9,231.3,196.8]],["line",[0,231.3,196.8,231.3,194.4,231.3,192.4,230,189.8,229.6,187.7,229.6,185.6,227.3,184.5,224.1,184.5,222.1,184.5,220.1,184.8,217.7,185.7,216.6,187.5,214.2,190.6,212.2,193.5,210.6,197,209.6,198.8]],["line",[0,299.2,121.3,301.5,121.3,303.6,121.3,306.3,121.3,308.4,121.3,310.4,121.8,312.2,123.4,313.8,125.6,314.6,127.8,314.7,130.1,317.6,130.2,322,129.4,326.3,128.8,328.6,128.4,331.3,128.2,333.6,128.5,334.8,130.8,335.4,133.5,336.2,135.5,337.4,138,339.3,139.7,342.4,141.3,345.3,141.7,349.3,142,351.7,142,353.7,142,356.1,142.5,359.1,143.4,361.2,143.7,362.4,145.4,362.9,148.8,363.5,151.9]],["msg","c3gilu0ugs2",1690961405848,"草神瞳"],["line",[0,363.5,151.9,363.5,154.2,363.5,156.5,363.5,159.2,364.6,160.9,365.2,163.6,366.8,165.9,367.6,168,367.6,171.1,367.6,173.9,368.5,175.9,369.3,177.9,369.3,180.2,369.3,182.4,370.2,184.7,371.4,186.3,371.6,188.4,371.6,190.6,371.6,194.8,371,199.6,370.7,203.5,370.5,205.5,370.2,207.5,369.9,209.5,367.7,210.4,366.2,208.9,364.2,207,361.9,206,359.6,205.8,357.2,205.8,354.4,205.8,352.7,202.5]],["line",[0,352.7,202.5,352.6,198.7,352.9,195.8,353.2,191.9,353.8,188.6,354.3,186.2,354.4,184.1,353,180.2,352,176.6,350.9,173.2,349.4,168.4,348.1,165.6,347.1,162.8,346.1,160.6,345.4,158.7,344.3,156.9,341.8,157.8,339.7,157.7,335.8,156.4,333.6,155.7,331.6,154.8,330.8,152.7,330.8,150.6,328.9,146.9,326.2,143.5,324.3,141.7,322.9,140.2,320.4,136.6,314.6,133.4,311.3,131.7,304.5,129.2,297.9,127.1]],["line",[0,297.9,127.1,294.6,126,292.6,125.4,294.5,126.2,297.4,126.4,302.4,126.5,305.2,126.5,308.7,126.5,311.3,126.5,308.4,127.3]],["line",[0,347.5,215,347,217.3,346.1,219.6,344.7,222.4,340.8,228.6,337.9,233.4,336.4,235.8,334.9,238.8,333.4,240.6,330.9,242.4,329.2,243.6,326.8,244.7,323.7,246.6,318.3,247.6,309.7,250,304.9,251.4,301.9,252,299.8,252.8,299.7,254.8,299.7,257.4,300.9,259.2,301.5,262.7,301.5,266.4,301.5,269.3,301.5,272.6,301.5,274.7,304.7,275.9,308.4,275.9,310.4,275.9,313,275.9,316.6,275.9,320.5,275.9]],["line",[0,320.5,275.9,322.9,274.6,323.4,272.6,324.1,269.7,325.7,267.2,328.2,263.4,329.9,261.4,331.3,259.9,335,258.4,337.6,257.1,340.1,255.6,342.6,254.4,344.5,252.8,346.2,251.3,348.3,251.2,350.3,250.4,352.6,249.5,354.3,247.6,355.3,245.4,356,242.8,356.4,240.4,356.7,237.7,356.7,235.4,356.7,233,356.7,230.8,356.7,228.1,357.2,225.3,358.4,223.2,359.9,220.5,361,218.8,361.5,216.8,358.8,216.7]],["line",[0,358.8,216.7,356.5,216.7]],["msg","kvlhzgow5n2",1690961412212,"卷心菜"],["colour",["#CE8700"]],["line",[0,282.5,225.9,280.5,226.5,278.5,226.2,276,225.4,273.8,224.4,271.9,223.3,270.2,221.7,268.4,218.8,267.7,216.2,266.4,214.4,265.6,212.1,264.7,210.3,263.5,208.4,263.5,205.9,263.1,203.7,263,201.6,263,199.3,263,197.3,263,195,263,192,263.8,190.1,264.9,188.1,265.8,186.3,267.4,184,268.6,182.4,270.4,180.8,272.3,179.9,274.5,179.9,276,178.4,277.9,177.1,279.6,175.3,281.2,173.7]],["line",[0,281.2,173.7,282.8,172.1,284.1,169.7,285.6,167.5,286.6,165.6,288,163.7,288.5,160.8,289.3,158.3,289.4,156.2,291.4,155.8,293.9,155.8,295.1,158.2,295.1,160.5,295.1,162.5,295.1,164.6,293.2,165.3,291.2,164.5,290.5,167.1,291.1,164.5,291.7,162.2,292.3,160.1,292.3,162.3,292.3,164.3,294.6,164.4,296.7,164.7,298.5,165.6,300.9,166.9,302.7,168,305.2,168.4,307.5,169.3,309.8,170.1,311.9,171.8]],["line",[0,311.9,171.8,313.7,173.2,315.4,174.5,317.5,176.1,319,177.9,320.1,180.1,321.5,182.9,322.1,185.6,322.2,188.7,323.1,190.5,323.8,192.4,323.9,194.5,323.9,196.8,323.9,199,323.9,201,323.9,203.9,323.6,206.2,323.3,208.2,322.8,210.3,322.2,213.5,321.9,215.6,321.2,217.5,318.8,218.6,316.3,220.3,314.9,221.8,312.3,222.4,309.8,223.6,307.3,224.9,305.4,225.7,302.8,225.9,300.2,225.9,298.1,225.9]],["line",[0,298.1,225.9,295.8,225.9,292.5,225.9,290.5,225.9,287.2,225.6,283.5,224,280.7,222.8]],["colour",["#732d07"]],["colour",["#25c9ff"]],["line",[0,294.6,184,293.2,186.1,291.9,187.8,290.6,189.4,288.7,190.2,286.9,191.1,285.7,192.9,285.4,195.9,287.3,197.2,289.6,198.1,291.3,199.2,293,200.8,294.8,202.1,296.3,203.8,297.9,205.1,300.5,204.4,302.6,202.5,304,200.1,304.7,198.2,304.3,196.1,304.3,194,304.9,191.2,303.6,189.2,301.1,188.3,299.3,187.4,297.5,186.5,294.8,187.1,293.1,188.8,292.4,191.1,290.9,192.6,289.5,194.1,287,196.1]],["line",[0,287,196.1,284.4,197.9,282.3,199.2,283.9,197.4,285.6,195.8,287.6,194.7,289.9,194.3,291.9,194.3,293.9,194.9,295.5,196.8,296.6,198.7,297.9,200.4,299.4,202.5,297.6,200.8,295.8,199.5,294.3,198,292.2,197.7]],["colour",["#fff"]],["msg","c3gilu0ugs2",1690961435989,"三相众物"],["line",[0,296.9,188,295.4,189.7,296.8,192.3,298.6,193.2,301.8,193.2,304.1,193.2,302.1,192.9,300,192.3,297.7,191.7,296,189.9,294.1,188.9]],["hit","kvlhzgow5n2",1690961439148,"参量质变仪"],["line",[0,221.6,148.3,222.1,144.2,223.4,139.8,224,136.4,224.3,133.3,225.8,131.6,227.7,133,229.9,134.7,232.4,136.6,235.2,137.3,237,138.7,237.1,140.8,235.3,141.8,231.8,145.2,228.8,148.3,226.8,149.9,225.1,151.1,224.4,149,224.4,146.9,226.2,145.3]],["line",[0,354.9,144.9,355.5,141.7,357.1,139.4,359,137.7,361.6,135.9,363.3,134.6,365.2,133.9,367.6,135.3,368.5,137.8,369.6,140.9,369.9,143.5,370.7,145.4,371.5,147.6,368.1,146.7,366.2,145.4,364.3,144.4]],["hit","c3gilu0ugs2",1690961444375,"参量质变仪"],["line",[0,351.5,248.3,353.3,249.7,355.9,251.7,357.3,253.8,358.4,256.9,359.9,260.2,361.7,262,363.3,263.3,361,264.3,358.2,264.4,355.4,264.4,352.7,264.9,351.5,263,351.5,261,351.5,259,351.5,256.6,352.4,253.9]],["line",[0,227.9,256.4,226.7,259,226.7,262.3,226.7,265.8,226.7,