{"nickname":"重生之我在异世界卖炒粉𓅔","round":{"tip":0,"started":1674746391613,"logs":[["line",[8,58,288.4,1.2936136605683064,55.8,289.2,1.2936136605683064,53.7,294,1.2936136605683064,53.6,301.6,1.2936136605683064,54.2,309.7,1.2936136605683064,55.7,317.1,1.2936136605683064,59,323.8,1.2936136605683064,63.3,328.5,1.2936136605683064,68.6,331.3,1.2936136605683064,74.5,332,1.2936136605683064,80.9,330.8,1.2936136605683064,87.1,327.1,1.2936136605683064,92,322,1.2936136605683064,95.9,316.6,1.2936136605683064,98.5,310,1.2936136605683064,99.3,303.1,1.2936136605683064,98.5,295.3,1.2936136605683064,95.4,287.1,1.2936136605683064,91.1,282.9,1.2936136605683064,85.4,281.7,1.510806550694154,78,281.9,1.617402939360879,70.7,284.3,1.7226806286929328]],["line",[8,70.7,284.3,1.7226806286929328,63.5,288.8,1.7226806286929328,57.2,293.4,1.9293235472502523,53.5,296.7,1.9293235472502523,52.4,300,1.9293235472502523]],["line",[8,81.6,348,1.9293235472502523,82.9,348,1.9293235472502523,86.9,351.3,1.9293235472502523,88.8,359,1.9293235472502523,90,366.6,1.9293235472502523,90.8,373.1,1.9293235472502523,89.9,379.9,1.9293235472502523,86.6,386.8,1.9293235472502523,79.7,393.1,1.9293235472502523,70.8,400.7,1.9293235472502523,62,406.7,1.9293235472502523,55.7,410.6,1.9293235472502523,53.6,410.8,1.9293235472502523]],["line",[8,94.8,369.2,2.130822128072171]],["revoke",null,1674746409483],["revoke",null,1674746410422],["line",[8,86,332.8,2.4236125005601146,90.2,334.3,2.4236125005601146,95.5,339.8,2.4236125005601146,101,345.8,2.4236125005601146,109,349.1,2.4236125005601146,117.4,349.6,2.4236125005601146,125.8,348.8,2.4236125005601146,133.9,344.9,2.4236125005601146,138,342,2.4236125005601146]],["line",[8,86,332.8,2.130822128072171,83.8,333.7,2.130822128072171,78.8,339.8,2.130822128072171,77.9,348.3,2.130822128072171,76.2,353.6,2.130822128072171,73.3,357.1,2.130822128072171,68.5,360.6,2.130822128072171,62.4,364.3,2.130822128072171,55.5,367,2.130822128072171,49.4,368.5,2.130822128072171,45.2,368.3,2.130822128072171]],["line",[8,87.6,347.6,2.130822128072171,87.6,349.3,2.130822128072171,91.7,353.7,2.130822128072171,97.6,355.7,2.130822128072171,101.6,359.1,2.130822128072171,104.1,362.8,2.130822128072171,105.7,368,2.130822128072171,107.6,374,2.130822128072171,108.6,380.6,2.130822128072171,108.8,388,2.130822128072171,108.4,395.4,2.130822128072171,106.2,402.7,2.130822128072171,103.2,408.6,2.130822128072171,98.9,411.9,2.130822128072171,93.5,414,2.130822128072171,89.5,414.8,2.130822128072171,86.6,415.4,2.130822128072171]],["line",[8,87.2,348.8,2.5187299306268702,83.1,352.2,2.5187299306268702,82,359,2.5187299306268702,81.4,367.5,2.5187299306268702,80.8,375.6,2.5187299306268702,79.5,383.1,2.5187299306268702,77.4,389.4,2.5187299306268702,73.9,394.8,2.5187299306268702,69,399.9,2.5187299306268702,62.8,404.1,2.5187299306268702,56.6,406.8,2.5187299306268702,51.9,408.1,2.5187299306268702,49.2,408.4,2.5187299306268702]],["line",[8,39.6,210,2.030710481902033,38.8,211.8,2.030710481902033,39.3,217.2,2.030710481902033,41.3,222.4,2.030710481902033,45.5,225.4,2.030710481902033,51.2,227.8,2.030710481902033,56.8,229.3,2.030710481902033,62.4,230.9,2.030710481902033,68.4,232.1,2.030710481902033,74,231.5,2.030710481902033,79.6,229.4,2.030710481902033,84.4,226.1,2.030710481902033,88.7,221.6,2.030710481902033,91.9,217.7,2.030710481902033,93.3,214.1,2.030710481902033,93.7,211.3,2.030710481902033,91.9,207.5,2.030710481902033,88.9,205.4,2.030710481902033,85.2,203.9,2.030710481902033,81.3,203.1,2.030710481902033,76.3,202.7,2.130822128072171,71.6,202.8,2.2296692249518246]],["line",[8,71.6,202.8,2.2296692249518246,66.5,202.8,2.3272624663233126,61.6,203.2,2.3272624663233126,57.2,204.1,2.4236125005601146,53.2,204.9,2.5187299306268702,50,205.7,2.705309338010215,47.7,206.5,2.705309338010215,45.5,208.1,2.705309338010215]],["line",[8,40.8,206,1.617402939360879,42.3,204.4,1.7226806286929328,41.9,199.5,1.826650539516832,41.6,194.9,1.9293235472502523,42.1,191.4,1.9293235472502523,42.9,189.2,1.9293235472502523,45.3,186.2,1.9293235472502523,47.6,184.9,1.9293235472502523,50.1,183.8,1.9293235472502523,52.8,183.5,1.9293235472502523,54.8,183.1,1.9293235472502523,56.9,183.6,1.9293235472502523,58.7,185.1,1.9293235472502523,59.8,187.8,1.9293235472502523,60.6,190.6,1.9293235472502523,61,193.4,1.9293235472502523,60.8,196.5,1.9293235472502523,59.8,199.4,1.9293235472502523,59.2,201.4,1.9293235472502523]],["line",[8,79.2,194,2.4236125005601146,79.4,191.7,2.4236125005601146,81.2,186.1,2.4236125005601146,83.7,180.9,2.4236125005601146,87.5,177.3,2.4236125005601146,91.7,174.5,2.4236125005601146,96.3,172.7,2.4236125005601146,100.1,172.4,2.4236125005601146,102.7,173.9,2.4236125005601146,104.5,177.1,2.4236125005601146,105.7,181.1,2.4236125005601146,106.2,184.9,2.4236125005601146,106.4,187.7,2.4236125005601146,105.8,190.5,2.4236125005601146,105,193.1,2.4236125005601146,104.4,195.5,2.4236125005601146]],["colour",["#25c9ff"]],["line",[8,165.2,150.4,2.4236125005601146,164.8,153.8,2.4236125005601146,163.6,165,2.4236125005601146,163.2,176.9,2.4236125005601146,163.6,185.6,2.4236125005601146,164.9,189.4,2.4236125005601146,166.9,190,2.4236125005601146]],["line",[8,174.4,141.2,2.7967921169942827,175.3,140.7,2.7967921169942827,182.6,139.5,2.7967921169942827,193.4,138.7,2.7967921169942827,204.4,137.9,2.7967921169942827,212.2,137.6,2.7967921169942827,218.1,137.6,2.7967921169942827,222.7,138.5,2.7967921169942827,225.8,141.9,2.7967921169942827,227.3,147.8,2.7967921169942827,228.1,156.6,2.7967921169942827,228.4,168,2.7967921169942827,227.5,176.9,2.7967921169942827,226.7,182.1,2.7967921169942827,224.5,183.8,2.7967921169942827]],["line",[8,173.6,191.2,3.726780249833312,175.1,191.2,3.726780249833312,185,190.7,3.726780249833312,199.5,189.9,3.726780249833312,213.8,189.1,3.726780249833312,225.7,186.9,3.6478313978696058]],["line",[8,269.2,138.8,3.3210467848190834,268.1,140.4,3.3210467848190834,266.9,149.5,3.3210467848190834,267.7,162.5,3.3210467848190834,269.4,175.6,3.3210467848190834,272.5,183.7,3.3210467848190834,275.9,186.4,3.3210467848190834,279,184.8,3.3210467848190834]],["line",[8,278.4,139.2,1.826650539516832,279.5,139.2,2.705309338010215,286.2,138.8,2.705309338010215,295.3,138.8,2.705309338010215,304.9,138.8,2.705309338010215,311.7,138.8,2.705309338010215,316.1,139.2,2.705309338010215,319,140.2,2.705309338010215,320.7,141.4,2.705309338010215,322,145.1,2.705309338010215,322.6,151,2.705309338010215,321.6,157.6,2.705309338010215,319.9,164.2,2.705309338010215,317.4,169.7,2.705309338010215]],["line",[8,281.6,182.8,2.7967921169942827,282.6,183.8,3.0641380339383044,289.1,184.2,3.0641380339383044,299,183.8,3.0641380339383044,309.6,182.6,3.0641380339383044,316.8,180.4,3.0641380339383044]],["line",[8,394.4,130.4,3.2365531534872334,393.8,132.2,3.2365531534872334,393.2,141.2,3.2365531534872334,393.4,154.2,3.2365531534872334,394.5,165.7,3.2365531534872334,396.1,175.9,3.2365531534872334,398.1,182.1,3.2365531534872334]],["line",[8,405.6,124.4,1.9293235472502523,408.8,123.3,2.3272624663233126,416.6,124.1,2.3272624663233126,424.4,126.1,2.4236125005601146,430.5,128.4,2.4236125005601146,435,131.1,2.4236125005601146,438.3,133.4,2.4236125005601146,440.2,136.3,2.4236125005601146,441.5,139.4,2.4236125005601146,441.7,143.7,2.4236125005601146,439.7,149.5,2.4236125005601146,436.4,154,2.4236125005601146]],["line",[8,401.6,179.6,1.617402939360879,407.6,175.3,2.4236125005601146,418.5,173.7,2.4236125005601146,429,174,2.4236125005601146,437.5,174,2.4236125005601146]],["line",[8,496.8,122,3.3210467848190834,497.5,130.9,3.3210467848190834,498.7,144.6,3.3210467848190834,500.3,159.5,3.3210467848190834,503.4,169.8,3.3210467848190834,507.4,175.4,3.3210467848190834,509.2,176.4,3.3210467848190834]],["line",[8,511.6,138,2.3272624663233126,513.1,134.9,2.5187299306268702,520.8,132.1,2.5187299306268702,530.4,131.2,2.5187299306268702,538,130.8,2.5187299306268702,543.1,131.2,2.5187299306268702,546.7,132.4,2.5187299306268702,548.8,134,2.5187299306268702,549.2,136.3,2.5187299306268702,549.2,141,2.5187299306268702,547.7,149.3,