{"nickname":"瑞慕","round":{"tip":0,"started":1687539810072,"logs":[["join",1687539813882,"xg9xtymc2w2","七冰厨","122.194.1.235","Mozilla/5.0 (Linux; U; Android 13; zh-cn; M2011K2C Build/TKQ1.220829.002) AppleWebKit/537.36 (KHTML, like Gecko) Version/4.0 Chrome/100.0.4896.127 Mobile Safari/537.36 XiaoMi/MiuiBrowser/17.6.580616 swan-mibrowser",false],["msg","bulrvxz9ix2",1687539817330,"恋恋"],["line",[0,201.1,226.6,200.3,222.8,199.4,219,199.4,215.7,198.6,212.3,198.6,210.2,197.7,206.9,196.9,203.1,196.9,200.2,196.9,198.1,196.1,195.5,196.1,192.2,195.2,188.4,195.2,185.9,195.2,182.5,195.2,180,195.2,177.5,194.4,173.7,194.4,171.2,194.4,169.1,194.4,166.6,193.6,161.6,193.6,159.1,192.3,155.3,191.9,150.7,191.9,145.6,191.9,143.1,190.6,139.8,190.6,137.7,190.2,134.3,190.2,131,188.9,127.6]],["msg","1javt2kv2s2",1687539819957,"10人力"],["line",[0,188.9,127.6,188.5,123.4,188.5,118.4,187.3,115.4,186.8,112.9,186,115,184.3,117.5,182.6,120.5,181,123.4,179.3,125.5,178,127.6,176.8,129.3,175.1,132.2,173.8,134.3,173.4,136.4,172.6,138.5,172.2,141]],["line",[0,187.3,114.6,189.4,116.7,191.9,119.6,193.6,122.6,196.1,125.5,196.9,127.6,198.6,128.9,200.3,131.4]],["line",[0,299.2,109.1,299.2,111.2,299.2,113.8,299.2,117.1,299.2,120.5,299.2,125.1,299.2,129.3,299.2,133.5,299.2,137.7,299.2,141,299.2,144.4,299.2,146.9,299.2,149,299.2,151.5,299.2,154,299.2,156.1,299.2,159.1,299.2,161.2,299.2,164.5,299.7,167.9,300.9,171.2,300.9,174.2,301.3,176.3,301.3,178.8,301.8,180.9,302.2,183.4,302.6,185.5,302.6,188.4,302.6,193,302.6,196.8,302.6,199.3,302.6,202.3]],["line",[0,302.6,202.3,303,205.6,304.7,208.1,305.1,210.2]],["line",[0,293.8,200.2,294.2,203.9,295.5,206.4,298,210.2,299.7,213.2,302.2,216.5,305.1,219.4,306.8,220.7,308,222.4,311,225.3,313.5,227.4,315.6,228.7,317.7,227.4,319.4,226.2,320.2,224.1,322.7,221.1,324.4,217.4,326.5,214.4,328.2,211.5,329.9,208.5,332.4,204.4,333.6,202.3]],["hit","bulrvxz9ix2",1687539825482,"鬼人正邪"],["msg","1javt2kv2s2",1687539827636,"草"],["msg","pama6toqmr2",1687539829435,"辉针城"],["hit","1javt2kv2s2",1687539830968,"鬼人正邪"],["hit","pama6toqmr2",1687539833124,"鬼人正邪"],["msg","xg9xtymc2w2",1687539833661,"天弓千亦"],["hit","m7ylxw7gce2",1687539834233,"鬼人正邪"],["join",1687539837225,"s39ps9fmuz2","yv","111.43.95.14","Mozilla/5.0 (Linux; Android 9; vivo X21i A Build/P00610; wv) AppleWebKit/537.36 (KHTML, like Gecko) Version/4.0 Chrome/87.0.4280.141 Mobile Safari/537.36 VivoBrowser/15.2.30.0",false],["msg","d8eobjhuw03",1687539839083,"天弓千亦"],["revoke",null,1687539839313],["revoke",null,1687539839478],["revoke",null,1687539839790],["revoke",null,1687539839981],["hit","ty5lwoln9l2",1687539840023,"鬼人正邪"],["hit","d8eobjhuw03",1687539846773,"鬼人正邪"],["line",[0,169.2,335.2,169.2,331.4,169.2,328.1,169.2,323.9,169.2,319.7,169.2,313.8,170.1,307.1,170.1,301.2,170.1,291.2,170.1,283.6,170.1,277.7,170.1,269.4,170.1,263.5,170.1,257.6,170.1,254.3,170.1,248.4,170.1,242.5,170.1,236.6,169.6,231.6,169.6,226.6,167.1,217.8,165.9,211.5,165,207.3,165,203.1,163.8,198.5,163.4,194.3,163.4,190.9,163.4,186.7,162.1,182.1,161.3,177.1,161.3,173.7,161.3,170.4]],["line",[0,161.3,170.4,161.3,166.6,161.3,164.1,160.4,162,160.4,159.5,160.4,157.4,158.3,162.4,155,167,150.8,174.2,146.6,181.3,143.6,185.5,140.7,189.7,138.6,193.9,137.4,196]],["line",[0,160,169.1]],["line",[0,160,169.1,162.1,171.6,165.5,176.3,168.8,180,171.3,183.8,173.4,185.9,175.1,187.6,176.8,189.7,178.9,191.3,181.4,191.8]],["line",[0,287.9,145.2,287.9,149,287.9,152.3,287.9,156.5,287.9,161.6,287.9,168.3,287.9,175,287.9,191.3,287.9,199.7,287.9,209.8,287.1,216.9,286.2,229.5,283.3,244.6,281.6,257.6,280.8,268.5,279.5,278.2,278.7,285.7,276.6,293.3,276.6,299.1,276.6,305,275.3,310.9,275.3,316.7,275.3,320.1,275.3,323.5,275.3,327.2,275.3,329.8,275.3,332.3,275.3,336,275.3,333.5]],["line",[0,259.4,297.9,259,304.2,261.1,310.5,265.3,317.2,267.4,325.1,271.6,331.4,274.9,336.5,277.9,341.1,279.5,344.8,282.9,348.6,285,352,286.2,353.7,287.9,356.6,289.2,358.3,291.7,358.7,293.4,350.7,296.3,345.7,298.8,339.4,301.8,333.9,304.3,328.1,307.6,323.9,309.3,319.7,311.8,315.9,313.5,312.1]],["colour",["#d20000"]],["desert","s39ps9fmuz2",1687539865933],["line",[0,453.6,96.6,451.5,97,449.8,98.7,447.3,99.9,445.6,101.2,443.1,102,441,103.3,439.7,105,444.8,104.1,446.9,102.4,449.4,102,443.5,104.5,435.1,109.6,422.5,113.8,410,119.2,388.2,127.6,382.3,129.3,379.8,129.7,382.7,126.8,388.2,123.4,392.8,120.1,398.2,116.7,403.7,113.8,409.1,111.2,414.2,110,419.6,106.6,421.7,106.2,419.6,107.1,416.3,110.4,414.2,112.5,409.5,115.9,404.1,119.2]],["line",[0,404.1,119.2,401.2,120.5,403.7,117.5,407.4,115,412.1,112.5,417.5,110.4,426.3,107.9,431.3,106.2,434.7,106.2,435.1,108.7,432.6,111.7,431.3,113.3,429.7,114.6,433,112.9,435.5,112.9,437.6,112.9,436.8,116.3,435.1,118.4,433.4,119.6,436.8,120.1,438.9,119.6,441.4,118.8,439.3,121.3]],["colour",["#222"]],["line",[0,452.3,132.2,450.2,133.1,445.2,134.3,438.5,136.4,432.2,138.5,412.9,139.3,402,141,393.6,141.9,386.5,143.1,383.1,143.5,381.9,140.6,383.5,137.2,387.3,135.6,391.9,132.6,396.5,130.1,400.3,127.6,405.3,125.9,417.1,122.1,420,120.9,415.4,123.4,409.1,126.8,404.1,130.1,399.9,132.6,396.5,134.3,394.4,135.2,396.1,133.5,399.1,131,406.2,125.9,412.5,120.9,431.3,114.6,449,108.3,464.5,103.3]],["line",[0,464.5,103.3,482.5,100.3,489.2,100.3,491.7,99.9,489.2,103.3,485.5,106.2,479.2,111.2,472.9,113.8,466.6,118,455.3,123,446.9,125.1,440.6,127.2,434.7,127.2,431.3,128.4,430.9,126.3,433.9,123.8,438.1,122.6,445.2,120.5,451.1,120.1,457.8,119.2,463.6,118.8,466.2,118.8,464.1,120.1,461.1,121.7,455.7,124.7,449,126.8,441.8,129.3,428.4,132.6,420.9,133.5,418.3,133.9,423,130.1,426.3,126.8]],["line",[0,426.3,126.8,440.2,122.1,446.9,120.1,461.1,118.4,467,118.4,464.9,122.1,460.3,125.5,454,128,447.3,131.8,440.2,134.3,424.2,138.1,418.3,139.3,415,139.3,412.9,139.8,412.9,137.7,415,134.7,419.6,131.8,425.9,129.3,441.8,124.2,446,123,448.5,123,442.7,125.9,436.4,128.9,423.4,133.1,416.7,135.2,411.2,136.4,407.9,136.4,406.2,135.2,407,133.1,410,131.4,412.5,130.5,417.9,129.3]],["line",[0,417.9,129.3,422.1,128.9,425.9,126.8,428,125.9,424.2,125.9,422.1,125.1,426.7,122.6,430.1,121.7,433.4,121.7,435.5,121.7,433.4,122.6,430.9,122.6,426.3,124.7,422.1,125.9,417.5,126.3,413.3,127.6,407.9,129.7,405.3,129.7,402.8,129.7]],["msg","pama6toqmr2",1687539872556,"抽象派"],["msg","d8eobjhuw03",1687539890353,"是舔鞋鬼（"],["flower","m7ylxw7gce2",1687539892534],["flower","bulrvxz9ix2",1687539893244],["flower","1javt2kv2s2",1687539893859]],"winners":["bulrvxz9ix2","1javt2kv2s2","pama6toqmr2","m7ylxw7gce2","ty5lwoln9l2","d8eobjhuw03"],"extenders":[],"quickenners":[],"flowers":["m7ylxw7gce2","bulrvxz9ix2","1javt2kv2s2"],"deserters":["s39ps9fmuz2"],"Depicts":{},"uid":"imms3u048g2","quizIndex":3,"drawStarted":1687539816750,"onLineMembersLength":11,"lastUids":["bulrvxz9ix2","pama6toqmr2","m7ylxw7gce2","ty5lwoln9l2","ebh72mybqt2","imms3u048g2","d8eobjhuw03","1javt2kv2s2","vncmvq0iqg2","xg9xtymc2w2","s39ps9fmuz2"],"ended":1687539891751,"contribute":true},"quiz":"鬼人正邪","libName":"东方project","roundIndex":1}