{"nickname":"铃仙","round":{"tip":0,"started":1677515296574,"logs":[["colour",["#CE8700"]],["colour",["#f8c94e"]],["colour",["#f8c94e"]],["colour",["#f8c94e"]],["line",[8,166.9,140.2,-17.79342827143862,166.9,140.2,-85.70803067741542,162.6,151.7,-240.1635091556084,151.9,173.4,-223.7618114045324,139.3,195.9,-169.38986066751784,132.1,220.4,-162.94000450573424,128.8,233.9,-166.14253767250523,127.4,241.9,-156.6676545417584,127.4,245.4,-261.87213653273596,145.9,217.6,-162.94000450573424,162.8,178.4,-159.781847408417,180.8,135.8,-122.57926160178926,190.3,110.7,-189.83788204853462,193.9,99.2,-240.1635091556084,194.8,96.5,-398.5696229309944,190.1,119.4,-280.23996024094674,175,163.6,-176.02054077738273,165.9,210,-197.03125,166.2,231.6,-215.87278143463192,169.8,244.2,-270.94267325910806,175.2,249.4,-319.7721516536968,180,250,-280.23996024094674]],["line",[8,180,250,-280.23996024094674,186.7,246.1,-284.9749186525297,195.2,230.6,-304.5,199.6,212.7,-253.02463295271423,201.3,194.8,-253.02463295271423,201.5,181.5,-179.40473500977407,200.9,171.4,-141.74187371000122,199.8,162.2,-162.94000450573424,199,158.3,-159.781847408417,200.5,186.3,-235.98401039467097,204.3,203.9,-162.94000450573424,213.5,221.3,-156.6676545417584,218.2,225.7,-166.14253767250523,220.6,227.3,-179.40473500977407,223.2,227,-212.00466382058997,230.1,215.2,-179.40473500977407,231.6,185.9,-133.28803685436296,224.5,155,-105.31743734410017,213.2,137.8,-102.99900058933571,207.4,129.2,-147.58477173767284,206.3,127.3,-261.87213653273596,210.9,139.3,-314.62063151253915]],["line",[8,210.9,139.3,-314.62063151253915,224.1,165.1,-169.38986066751784,239.8,190.7,-85.70803067741542,251.8,200.3,-98.46903485719646,257.5,204.1,-114.95629401778815,259.8,205,-176.02054077738273,263.8,197.3,-122.57926160178926,257.7,177,-77.86263882232046,241,153.5,-89.82645293272559,228.6,143.2,-98.46903485719646,222.3,140.3,-79.77593720159007,219.8,139.8,-114.95629401778815,217.5,142,-138.88292513218568,219.1,156.4,-266.37929415330575,226.1,170.9,-235.98401039467097,232.2,179.3,-248.6833653959539,235.4,182.1,-289.76786027628594,237,177.3,-182.8354756561002,223.8,155.6,-107.67206131420177,197,140.8,-83.69828177015745,174,137.8,-96.25676860199329,164,139.8,-141.74187371000122]],["line",[8,164,139.8,-141.74187371000122,158.2,145.4,-231.85752768831003,155.7,155.4,-231.85752768831003,157.7,172.8,-144.64235580555055,158.5,177.8,-5.511674950162245]],["colour",["#d20000"]],["colour",["#666"]],["colour",["#222"]],["colour",["#732d07"]],["line",[8,234.1,261.2,-30.38281925863285,234.1,261.2,-219.79168310970482,250.4,250.7,-153.59701598695597,268,238.3,-138.88292513218568,284,227.1,-125.19730824923346,300.8,218.1,-110.06313367132839,321,210.2,-98.46903485719646,335,205.4,-85.70803067741542,345.9,201.3,-58.81680749664338,355.4,198.9,-83.69828177015745,360,197.1,-68.76100441625002,362.9,196.9,-48.47292369869367,365.4,197,0.6210577359040785,367.4,196.5,7.981259510251463]],["line",[8,196,267.2,-65.33089568767335,196,267.2,-150.5695237451998,192.1,265.2,-85.70803067741542,183.8,261.8,-77.86263882232046,172.1,255.5,-55.727508033441495,157.2,248.2,-60.402892583773394,140.3,241.7,-55.727508033441495,125.8,235.9,-68.76100441625002,111.7,230,-62.0170491386134,95.9,224.9,-51.296029436686325,81.8,221.5,-7.510225589895317,73.8,220.2,6.387910733035087,69.5,219.8,7.833189128372803,67.3,219.3,7.963441925363769,64.9,218.5,7.879949967288968]],["colour",["#d20000"]],["line",[8,171.9,273.6,-179.40473500977407,171.9,273.6,-227.7836107978311,170.6,278.4,-189.83788204853462,162.6,299.1,-147.58477173767284,156.2,313.1,-96.25676860199329,149.9,325.3,-62.0170491386134,148.7,327.3,-25.452912016854086]],["line",[8,125.9,232.6,-335.59735296000105,122.8,238.3,-219.79168310970482,110.2,266,-138.88292513218568,100.1,293.2,-85.70803067741542,93.5,306.9,-41.85609405033273,91.8,311.8,-15.559989563622707]],["line",[8,111.1,224.2,-380.60251466781847,109.7,225.6,-215.87278143463192,97,242.1,-122.57926160178926,78.8,270.3,-9.148712642550151,70.6,288.9,7.999999920000305]],["line",[8,303.7,214.8,-4.144558688954202,303.7,214.8,-386.5239648119042,299.2,231.3,-197.03125,291.2,257,-114.95629401778815,281.4,281.4,-60.402892583773394,275.1,301.5,-41.85609405033273,271.8,316.1,-2.099813499184748,271.1,319.5,7.6096258210004315]],["line",[8,269.6,250.4,-169.38986066751784,269.6,250.4,-130.55130611664092,274.8,264.1,-21.01390445369037,284.1,290,6.079200785064577,288.9,296.3,7.999993520024719]],["line",[8,339.3,208.9,-324.9851204762602,339.3,208.9,-257.4207367187557,337.3,228.2,-105.31743734410017,336.8,255.2,-51.296029436686325,337.8,272,-2.099813499184748,340.7,289.2,6.739763158154144]],["line",[8,334.3,211.4,-23.620319192399684,334.3,211.4,-490.78712105248474,336.1,221,-81.72103471787447,339.3,227.7,7.999475119221343]],["colour",["#222"]],["line",[8,381.7,164.9,-22.73278743896677,381.7,164.9,-193.41048151,384.4,170.7,-125.19730824923346,391.8,186.6,-85.70803067741542,401.7,209.7,-63.65960644022772,409.1,227,-58.81680749664338,419.2,247,-34.70358313656254,426.1,260.1,-26.398541147500325,432.8,269.2,-27.36405465183281,436.6,274,-18.572042491532166,439.2,276.8,-14.153827859530146,443,277.5,7.999950000190735]],["line",[8,447.4,163.5,-55.727508033441495,447.4,163.5,-204.41902014066721,444.9,166.7,-172.6823891695526,437.8,180.4,-179.40473500977407,427.8,196.8,-125.19730824923346,416.4,219.9,-105.31743734410017,408.6,234.7,-120,397.6,255.7,-83.69828177015745,391.5,265.4,-110.06313367132839,387,273.8,-112.49108547954819,383.9,281.4,-136.0651116732575,382.6,286.4,-75.98079110107457,382.7,288.4,7.9574847320135484]],["line",[8,512.6,123.5,-550.0604921531865,512.6,123.5,-497.9252781733928,512.2,125.7,-299.5299247913797,508.9,132.2,-186.3130224968288,496.1,151.9,-186.3130224968288,484.8,176.5,-138.88292513218568,476.2,197.5,-127.854526821223,468.8,219.1,-110.06313367132839,466.3,229.5,-91.93584051869402,466.2,235.9,-133.28803685436296,467,239.2,-150.5695237451998,468.3,241.7,-147.58477173767284,472.1,244.1,-107.67206131420177,483.6,244.3,-81.72103471787447,505.4,240.2,-94.07915843546998,523.5,233.7,-58.81680749664338,538.8,224.2,-25.452912016854086,553.6,215.9,-1.7240482336045524,573.6,204.1,7.999979519956055,578.8,201,7.999979519956055]],["line",[8,525.4,167.9,-204.41902014066721,525.4,167.9,-235.98401039467097,523.2,183.4,-122.57926160178926,521.2,198.2,-110.06313367132839,520.4,223.4,-117.45913848496798,519.4,249.2,-98.46903485719646,517.8,271.1,-87.75063567861756,514.7,299.8,-87.75063567861756,514.1,330.5,-68.76100441625002,513.6,351.5,-33.59084702929475,514.2,374.7,-8.042716765618508,513.6,389.6,7.9574847320135484]],["colour",["#d20000"]],["colour",["#fff"]],["line",[8,139.8,160,-16.287657166738654,139.8,160,-319.7721516536968,147.6,160.5,-519.7999793544805,168.5,159,-830.8606000000179,211.2,150,-280.23996024094674,230.3,145,-94.07915843546998,251.1,139.2,-91.93584051869402,260.2,136.3,-87.75063567861756,267.1,133.4,-117.45913848496798,270.5,130.9,-141.74187371000122,273.5,128,-235.98401039467097,274.1,124.6,-257.4207367187557,272.2,118.8,-212.00466382058997,261.5,110.6,-166.14253767250523,239.8,101.3,-138.88292513218568,209,96.5,-122.57926160178926,177,96.6,-150.5695237451998,154,101.2,-189.83788204853462,141.7,105.2,-223.7618114045324,134.8,112.7,-351.9887971609438,132.5,120.1,-404.69485234301794,135.8,132.7,-1350.6852442816999]],["line",[8,135.8,132.7,-1350.6852442816999,140.1,140.3,-2165.672429139568,146.1,145.6,-2457.733312372494,157.3,150.7,-2040,167.4,154.4,-841.3958548561739,184.7,154.6,7.998341119736328]],["line",[8,155.1,140.7,-147.58477173767284,156.5,141.2,-244.39647612980943,178.8,144.1,-319.7721516536968,236.2,127.9,7.97345791578125]],["line",[8,182.2,131.9,-324.9851204762602,182.2,131.9,-702.6296375171222,183.2,135.8,-614.4662384650526,187.6,141.7,-648.6830796971453,201.1,144.7,-386.5239648119042,216.3,143.3,-357.58074636230765,224.9,141.3,-417.15267986451465,229.5,139.3,-469.82531280993925,232.4,137.9,-557.8246883560263,234,136.4,-841.3958548561739,205.6,135.8,-294.6193705896876,176.6,