{"nickname":"俱乐部铁匠","round":{"tip":0,"started":1698658446651,"logs":[["colour",["#cab0da"]],["colour",["#cab0da"]],["width",[20],1698658459922],["line",[0,303.6,650.6,303.5,643.9,303.5,636.5,303.5,631.3,303.5,627.2,303.5,620.6,303.5,615.3,302.9,610,301.8,605.7,300.4,601.7,298,597.2,295.6,593.5,293.2,589.8,290.5,584.4,288.3,579.2,285,573.6,281.6,568.6,282.1,546.7,283.6,535.5,284.3,530.5]],["line",[0,340.3,404.7]],["line",[0,340.6,415.4]],["revoke",null,1698658465887],["join",1698658467252,"rbfcf81bjr2","啾可小小","125.43.86.23","Mozilla/5.0 (Linux; U; Android 11; zh-cn; M2012K11AC Build/RKQ1.200826.002) AppleWebKit/537.36 (KHTML, like Gecko) Version/4.0 Chrome/109.0.5414.118 Mobile Safari/537.36 XiaoMi/MiuiBrowser/17.8.70926 swan-mibrowser",true],["revoke",null,1698658468655],["line",[0,305.6,191.8,303.2,195.8,294.1,212,286.2,228.3,279.9,244.6,273.8,266.5,270.4,283.5,268.9,296.6,269.7,311.4,271.2,321.1,273.4,329.1,278.2,339.3,283.6,348.4,288,354.9,294.2,361.1,299.5,365.1,304.1,367.6,309.8,368.9,314.5,369.4,322.6,367.2,326,364.5,328.6,361.3,329.7,351.2,329.5,340.5,328.6,329.7,326.9,310.2,325.9,291.5,325.4,273.6,325.3,247.1,325.8,228.8,326.5,214.3,327,201.4]],["line",[0,327,201.4,327.2,194,327.4,188.9,327.5,184.1,325.6,189.1,320,205,314.5,220.7,309.7,234.5,304.6,251.3,301.6,263.3,299.4,273.8,298.4,280.7,297.2,287.6,296.5,292.6,295.3,298.9,294.3,289.4,294.4,279.8,295.2,266.4,295.9,255.7,296.5,247.8,297,240,297.3,234.1,297.4,229.7,297.2,222.9,296.2,218.7,295.3,224.6,294.5,235.1,293.6,248.1,292.6,273.2,291.2,293.6,290.2,311.6,290.6,327.9]],["line",[0,290.6,327.9,291.4,338,292.7,345,294.6,350.8,296.2,333.9,295.6,313.4,295.8,284.5,297.4,258.2,298.8,242.9,301.6,226.7,304.1,213.7,305.6,207,306.8,202.2,308.1,197.9,312.2,209.3,313.5,222.7,314.3,238.3,315.4,263.6,316.5,285.4,317.8,303.2,320.9,325.2,323.2,337.9,325.2,345.2,327.4,350.5,329.8,354.8,327.7,341.5,324.7,329.2,321.7,316.8,318.2,297.7,315.6,281.2,313.7,271.6,312.2,263.9]],["line",[0,312.2,263.9,311.2,259.5,309.8,254.2,308.1,259.6,307.3,275.8,306.6,294.5,306.1,312.9,305.9,328.6,305.8,338,305.8,342.9,306.1,349.4,298.3,337.3,292.2,322.1,288.6,309.8,285.6,295.4,283.7,284.4,282.5,276.6,281.3,269.9,280.4,265.4,279.1,260.3,285.4,268.8,289.1,280,293.3,298.4,296.2,314.2,298.2,327.3,300,338,301.2,344.3,302.6,350.4,305.1,345.5,306.6,335.7,307.7,326,309.9,315.6]],["msg","zh7x9noeo2",1698658471918,"好吃的芋头"],["line",[0,309.9,315.6,311.4,308.9,312.4,304.7,313.5,300.7,316.8,309.2,318.2,323.3,319,334.5,319.4,344.5,319.6,350.5,319.8,356.1,320.2,360.3,319,355.5,317.4,344.9,316.4,334.2,315.9,328.7]],["line",[0,327.6,172.4,321.9,172.7,314.9,173,308.5,173.2,303,173.5,298.8,174.1,292,175.6,288.2,177.1,283.3,179.8,279.6,185.8,279.3,193.5,281.7,200.1,285.9,203.7,290.1,206.3,294,208,299.9,208.8,305,209.2,311.8,208.7,316.8,203.8,317.3,198.6,316.7,192.6,314.2,183.1,311.8,175.3,309.7,168.8,307.6,162.4,306.2,158.1,305,153.7,309.9,152.1,313.3,155.3,316.4,159.3,319.1,163.5,321.5,170.4]],["line",[0,321.5,170.4,323,178,323.7,183.3,323.9,187.9,322.6,193.2,318.9,195.9,314.4,197.7,307.6,198.6,302.2,198.4,298.1,197.2,293.2,192.9,290.3,187.9,289.1,182.6,290.9,173.8,293.4,167.5,296.1,163.1,300.9,158.9,305.4,156.4,315,154.6,320.2,154.7,324.4,155.3,330.8,158.8,334.3,164.1,334,170.2,332.1,176.6,327.7,184.7,323.6,190.8,320,195.4,315,199.2,310.9,201.7,303.3,203.4,296.2,201.3]],["line",[0,296.2,201.3,292.4,196.2,290.7,190.7,291.3,183.6,292.5,178.7,294.5,174.8,298.7,170.9,302.6,168.4,310.6,166.1,316.2,165.7,320.5,166.7,323.6,169.6,323.6,174.1,322,166.6,322.3,162.1,323.5,155,324.8,149.3,325.9,145.1,327.6,140.6,330.6,134.5,334.3,128.6,338.4,123.6,343.3,119.5,347.3,117.2,352.2,114.9,356.1,113.5,360.3,112.3,365.8,111.3,369.8,110.7,374.8,109.6,379.3,108.6,383.2,107.5]],["line",[0,383.2,107.5,387.3,106.2,392.7,104.1,400.1,101,405.7,98.1,410.6,94.7,414.4,91.2,419.2,86.3,423.4,81.5,427.6,75.7,431.3,69.8,433.8,65.5,435.6,61.6,437.8,55.5,439.1,51,440.3,43.8,440.5,39.5,440.4,32.5,439.6,27.9,437.1,24,429.9,19.1,425.2,16.8,421.4,15]],["line",[0,322,171.8,324.4,167,327.6,161.5,332,153.7,334.8,149,339.2,142.6,343.8,137.9,347.6,135.3,353.9,132,360.9,130.8,365.9,130.3,375.8,130.5,381.3,131.2,385.7,131.9,390.4,133,396.5,134.7,403.2,136.5,408.6,138,413.2,139.1,418.9,139.5,424.6,138.9,429,136.7,433.5,133.3,439.4,126.4,444.8,119.1,448.8,112.5,451.7,107.2,454.5,100.4,456.2,95,457.3,89.4]],["line",[0,305.6,162.3,302.1,153.2,300.7,148.7,299.4,144.6,297.8,139.1,296.6,134.4,296.1,130.4,296.3,123.9,297.3,117.4,298.8,111.5,302.1,104.4,305.9,97.9,309.5,92.6,313.5,87.3,316.8,83.4,322.1,77,327,72.3,331,69.2,334.3,66.9,334.1,62.6,329.6,56.5,327.1,53.3,324.4,50.2,319.5,46.4,315.3,43.8,311.7,41.8,307.9,40,302.5,37.7,295.4,35.7,289,33.8,285,32.4,279.3,30]],["line",[0,279.3,30,274,27.5]],["line",[0,300.5,167.9,298.9,162.4,296,157.5,291.8,152.7,287,148.1,284,145.4,279,141.2,273.8,137.1,271.2,133.3,270.8,129.1,270.1,124.6,264.4,122.1,260.1,121.1,253.8,120.3,249.2,119.9,245.2,119.7,240.5,119.6,236.4,119.5,229.6,119.5,225,119.7,220.4,120.6,214.8,121.8,208.6,122.8,204.4,122.9,196.7,122.1,191.5,120.3,187,118.3,181,111.6,179.3,97.6,180.4,86.4,181.2,80.9]],["line",[0,290.3,154,285.4,151.7,278.5,148.7,273.8,146,269.5,143.2,265.8,140.6,260.2,135.6,256.9,132.8,258.8,137,262.3,142,265.8,146.9,270.7,153.5,275.1,159.5,278.7,164.6,283.4,171,286.8,175.8,289.1,179.4,291.2,183.7,293.4,189,294.1,193.2]],["line",[0,279.2,145.3,279.2,153.4,279.2,161.8,279.2,169.6,278.7,178.7,278.3,184.5,277.5,191.3]],["line",[0,277,163.6,277,172.4,277,177.4]],["msg","iq74xydnrv2",1698658479039,"茄子"],["colour",["#1317f6"]],["line",[0,293.9,217,291.8,221.6,287.6,232.4,283.4,243.7,277.9,264.9,274.4,281.7,272.3,296.2,272.4,312.7,273.3,324.9,274.3,332.6,276.2,339.5,277.5,343.6,279.1,347.7,278.6,335.1,277.3,321.6,276.3,308.8,275.2,289,274.6,272.3,274.4,259.7,274.3,249.9,274.3,244.1,274.3,237,274.5,233,275.1,240.9,275.1,255,275.1,270.8,275.1,285.5,275.5,306.4,276.1,322.6,276.9,334.7,277.5,342.4,278,346.8]],["line",[0,278,346.8,278.8,350.9,279.7,344.7,279.9,331.1,280.1,313.7,282.1,286.7,283.9,267.6,286.1,250.9,288.7,236.3,290.8,226.2,292.1,220.6,293,216.6,294.2,212.3,294.9,224.8,294.9,237,293.6,259,292.2,278.7,290.8,297,289.9,317.2,289.5,330.7,289.4,338.9,290.3,344.5,291.9,349.3,296.4,345.6,297,337.5,296.8,319.2,296.5,302.7,296.2,286.5,296.4,266.4,297.3,251.3,298.2,240.4,299.3,231.5]],["line",[0,299.3,231.5,300.1,226.1,301.1,220.1,304.5,228.1,305.4,246.8,306,267.4,306.3,283,306.8,304.1,307.2,320.4,307.6,332.6,308,343.2,308.3,349.1,308.7,355.7,309.1,360.2,308.1,353.7,306,335,304.7,319.2,304.2,304.8,304,287.8,304.3,275.5,304.8,266.3,305.6,256.5,306.3,249.1,307.2,243.2,308.1,238,310,231.7,311.5,227.3,313.7,222.6,317.9,223.9,319.4,234.8,320.4,246.2,321.1,257.8]],["line",[0,321.1,257.8,322.1,273.8,323.1,286.9,324.1,297,325.3,307.1,326.2,314.9,326.7,320.6,326.9,325.2,327,330.4,326.7,334.5]],["line",[0,287.1,208.6,280.4,215.9,276.2,222,272.7,228.1,267.9,240.3,264.6,249.9,262.4,258.1,261.4,265.9,261.3,271.6,261.8,276.9]],["msg","dq1twq9ctf2",1698658483090,"黏美露龙"],["line",[0,290.1,198.6,287.7,205,285.7,211.4,283.7,218.5,281.3,228.9,279.6,238.3,278.4,246.3,277.2,256.7,276.6,265.7,276.3,273.9,276.2,285.1,276.1,294.7,276.1,304.1,276.2,312.7,276.4,318.9,276.9,324.8,277.6,329.8,278.3,334.6,279.3,340.1,280.1,344.2,281.8,350.5,283.6,355.6,285.6,360.1]],["line",[0,269.7,270.4,268.3,277.4,267.6,282.8,266.8,288,266.4,297,266.3,304.4,266.2,311,267.5,318.6,269,324.5,270.5,329.3,274,337.8,276,341.6,280.8,349.2,283.3,352.5,288.4,357.4,292,359.7]],["line",[0,272.5,276.8,273.5,288.7,275,298.7,276.7,308.8,279.4,322,282.1,332.8,284,339.4,286.4,345.2,288.4,349.5,291.3,354.4,293.8,358.5,296.8,362.9,299.7,366.2,304.9,366.1,309,363.5,312.9,359.7,315.4,356.2,317.5,352.6,318.6,345.9,318.7,341.5,318.3,333.4,317.6,326,316.7,319.3,315.5,310.6,314.2,302.7,312.6,294.9,310.6,283.2,309.1,272.4,308.2,262.7,307.4,251.1,307,243.7,306.6,238.1]],["line",[0,306.6,238.1,306,233.5,305.3,229.5,304.8,224.2,304.7,219.8,304.7,215.8,305,209.1,305.2,204.6,309.8,205.1,312.9,208.6,316.6,