{"nickname":"XP","round":{"tip":0,"started":1676131942485,"logs":[["colour",["#25c9ff"]],["line",[8,313.6,109.9,3.5677936153315484,305.9,109.9,6.760035719005243,292.6,113,6.528381884386174,279.9,118.1,6.265691986796561,266.2,125.8,5.924060052299441,251.2,137.7,5.534280697388058,237,152.3,5.092029547277345,222.9,169.1,4.592796232575424,212.4,186.4,4.249759869868322,205.1,202.4,3.9571922135537347,201.9,217.4,3.8046500930546285,199.7,236.6,3.726780249833312,199.7,258,3.726780249833312,201.9,279.4,3.8046500930546285,207.4,299.5,4.031884107451247,213.8,316.8,4.249759869868322,222.9,333.2,4.592796232575424,232.5,344.6,4.972743569632222,248.4,352.4,5.428810148345919,266.2,359.2,5.924060052299441,280.3,364.7,6.265691986796561,296.3,367.9,6.597622230896451]],["line",[8,296.3,367.9,6.597622230896451,318.6,370.1,3.8046500930546285,343.2,370.1,4.72320029296874,367,366,5.48195956476092,388.8,359.7,6.057587968871517,409.8,348.7,6.528381884386174,432.6,331.9,3.6478313978696058,446.7,314.5,4.249759869868322,457.7,295.4,4.658475341320051,465.4,267.1,4.911742839375334,467.2,238.9,4.972743569632222,465.4,211.5,4.911742839375334,454,186,4.526153635217989,432.1,166.4,3.6478313978696058,409.3,148.6,6.528381884386174,385.2,135.8,5.969310449067679,367.9,127.2,5.534280697388058,352.4,125.8,5.032836119244947,339.6,126.7,4.592796232575424,334.1,128.5,4.389940159017284]],["line",[8,224.3,201.5,4.658475341320051,223.8,195.1,4.658475341320051,223.4,189.6,4.658475341320051,222.9,183.2,4.592796232575424,224.3,176.4,4.658475341320051,229.3,169.6,4.849824824001607,239.8,160.9,5.207755047812311,253.4,151.3,5.585782196611615,263.5,147.2,5.878057590483637,271.2,146.3,6.057587968871517,278.5,145.4,6.22547782052402,289.5,145.9,6.45660866284763,299.9,147.2,6.664390005320148,308.6,149.1,3.3210467848190834,318.6,153.6,3.8046500930546285,326.8,160,4.105536225845814,331.9,165.5,4.320350648845269,335,171.4,4.45853791353677,336,179.1,4.45853791353677,335,189.6,4.45853791353677,331.9,200.6,4.320350648845269,323.2,212.9,3.9571922135537347]],["line",[8,323.2,212.9,3.9571922135537347,313.2,223.4,3.5677936153315484,300.4,229.7,6.664390005320148,284,232,6.344065989203813,268.5,232.5,5.969310449067679,257.5,227.9,5.686360669340906,244.8,215.2,5.3199916355710135,238.9,203.8,5.150332867384415]],["line",[8,349.6,196.9,4.972743569632222,347.8,190.1,4.911742839375334,349.2,182.8,4.972743569632222,352.8,173.7,5.092029547277345,361.9,161.8,5.374823752349936,372.4,150.4,5.6364726674070305,381.5,143.6,5.878057590483637,390.7,141.8,6.100631439090046,399.8,143.1,6.305218750211823,409.3,150,6.528381884386174,417.1,163.2,6.664390005320148,419.4,175.5,6.696865324005135,418,186.9,6.664390005320148,413.4,201.5,6.597622230896451,399.3,217.4,6.305218750211823,387,227,6.013817022493076,376.1,231.1,5.735454716571002,361,231.6,5.3199916355710135,347.8,227.5,4.911742839375334,336,217.4,4.45853791353677]],["line",[8,258,222,5.735454716571002,260.7,222,5.783763277846241,263.9,217.4,5.878057590483637,266.7,209.7,5.924060052299441,269.9,203.3,6.013817022493076,272.6,199.2,6.100631439090046,276.7,195.6,6.184568327551352,280.8,193.7,6.265691986796561,285.4,192.8,6.3822415367976975,290.4,193.3,6.45660866284763,294.9,194.6,6.563314881057675,301.3,197.4,6.664390005320148,306.8,201.5,6.760035719005243,312.3,204.2,3.486656934978342]],["line",[8,381.1,215.2,5.878057590483637,384.3,209.2,5.969310449067679,387.5,204.7,6.057587968871517,390.7,200.1,6.100631439090046,395.2,194.6,6.22547782052402,397.5,191.9,6.265691986796561,401.6,192.4,6.344065989203813,406.2,197.8,6.45660866284763,407.5,203.8,6.492815680309816,408.4,209.2,6.492815680309816,408,212.4,6.492815680309816]],["colour",["#d20000"]],["line",[8,297.2,256.6,6.597622230896451,296.8,253.9,6.597622230896451,296.8,250.7,6.597622230896451,296.3,248.4,6.597622230896451,297.7,246.2,6.597622230896451,300.9,242.1,6.664390005320148,305.9,237.5,6.760035719005243,310.9,234.8,3.486656934978342,318.2,233.4,3.8046500930546285,326.8,232,4.105536225845814,334.6,232,4.45853791353677,342.8,233.8,4.72320029296874,350.1,235.2,4.972743569632222,355.1,237.5,5.150332867384415,358.7,242.1,5.264305011398351,359.7,246.2,5.264305011398351,359.7,250.3,5.264305011398351,357.8,255.7,5.207755047812311,355.6,262.6,5.150332867384415,351.5,268.9,5.032836119244947,345.1,275.8,4.786980373629528,339.6,280.8,4.592796232575424]],["line",[8,339.6,280.8,4.592796232575424,334.1,283.1,4.389940159017284,330.9,284,4.320350648845269,328.2,284,4.178158263525198,323.2,282.6,3.9571922135537347,319.1,279.4,3.8046500930546285,315.4,274.9,3.6478313978696058,313.6,268.9,3.5677936153315484,313.6,260.7,3.5677936153315484]],["line",[8,326.8,263,4.105536225845814,330,265.3,4.249759869868322,330,267.6,4.249759869868322,327.7,268,4.178158263525198]],["colour",["#aaa"]],["line",[8,326.8,272.6,4.105536225845814,327.7,275.3,4.178158263525198,328.7,280.8,4.178158263525198,329.6,284.4,4.249759869868322,330.5,287.6,4.249759869868322,331.4,290.4,4.320350648845269,331.9,292.6,4.320350648845269,332.3,295.4,4.320350648845269,332.3,297.7,4.320350648845269,332.8,301.3,4.389940159017284,333.2,304.5,4.389940159017284,333.2,306.8,4.389940159017284,333.2,310,4.389940159017284,333.2,313.6,4.389940159017284,332.8,317.7,4.389940159017284,332.3,321.8,4.320350648845269,332.3,327.3,4.320350648845269,331.4,331.9,4.320350648845269,330.9,335.5,4.320350648845269,330.5,338.2,4.249759869868322,329.6,341,4.249759869868322,328.2,343.2,4.178158263525198]],["line",[8,328.2,343.2,4.178158263525198,327.3,344.6,4.178158263525198,325,347.4,4.031884107451247,323.2,348.7,3.9571922135537347,321.4,349.6,3.8814508039566755,319.1,352.4,3.8046500930546285]],["msg","7j6aiigib03",1676131967752,"转生史莱姆"],["line",[8,228.4,310.9,4.786980373629528,231.6,310,4.911742839375334,235.7,311.3,5.032836119244947,239.3,312.7,5.150332867384415,240.7,314.5,5.207755047812311,244.8,320,5.3199916355710135,246.6,323.2,5.374823752349936,249.8,326.4,5.48195956476092,253.9,330.5,5.585782196611615,258.5,334.1,5.735454716571002,262.6,336,5.831294776506706,265.8,337.3,5.924060052299441,273,340.1,6.100631439090046,281.7,342.3,6.305218750211823,288.1,343.7,6.419753180609807,294.5,345.1,6.563314881057675,299.5,345.5,6.631311449065791,304.5,346.4,6.728744784057522,309.5,347.4,3.404411344160346,315,347.8,3.6478313978696058,320,347.8,3.8814508039566755,322.7,347.8,3.9571922135537347]],["line",[8,322.7,347.8,3.9571922135537347,326.4,347.8,4.105536225845814,329.6,348.7,4.249759869868322,333.2,349.6,4.389940159017284,337.3,350.1,4.526153635217989,342.3,350.5,4.72320029296874,347.8,350.5,4.911742839375334,351.9,350.1,5.032836119244947,358.3,349.2,5.264305011398351,361.9,348.3,5.374823752349936,367.9,346,5.534280697388058,375.2,344.2,5.735454716571002,377.9,343.7,5.783763277846241,381.1,341,5.878057590483637,385.2,339.6,5.969310449067679,387.9,336.9,6.057587968871517,391.1,334.1,6.142955538626869,397,330.5,6.265691986796561,401.6,326.8,6.344065989203813,404.8,321.8,6.419753180609807,409.8,317.3,6.528381884386174,413.9,313.6,6.597622230896451]],["line",[8,413.9,313.6,6.597622230896451,416.2,309.1,6.631311449065791,417.5,303.1,6.664390005320148,417.5,298.6,6.664390005320148,418.5,294.5,6.696865324005135,417.5,290.4,6.664390005320148,415.7,286.7,6.631311449065791,410.7,284,6.528381884386174]],["line",[8,234.8,314.5,5.032836119244947,236.1,311.3,5.092029547277345,239.8,305.9,5.207755047812311,244.3,300.4,5.3199916355710135,249.8,295.8,5.48195956476092,255.3,292.2,5.6364726674070305,260.3,290.4,5.783763277846241,265.8,290.4,5.924060052299441]],["line",[8,390.7,228.8,6.100631439090046,394.8,229.7,6.22547782052402,400.2,231.1,6.344065989203813,405.2,232.9,6.419753180609807,412.5,237,6.563314881057675,421.7,243.4,6.728744784057522,431.2,249.8,3.6478313978696058,438.1,255.3,3.8814508039566755,443.5,258.9,4.105536225845814,448.5,262.6,4.320350648845269,454.5,267.1,4.526153635217989,458.1,271.7,4.658475341320051,459.9,275.8,4.72320029296874]],["line",[8,254.8,225.2,5.6364726674070305,246.6,227.5,5.374823752349936,237.5,231.6,