{"nickname":"XP","round":{"tip":0,"started":1676131610573,"logs":[["msg","pxmfzp8aoh2",1676131618227,"对不起我忘了刀剑神域……"],["colour",["#f3b2aa"]],["msg","7j6aiigib03",1676131626015,"没事我也忘了"],["line",[8,261.2,219.3,5.783763277846241,258,220.6,5.735454716571002,255.7,222.5,5.6364726674070305,253.9,223.8,5.585782196611615,254.8,226.6,5.6364726674070305,255.3,229.3,5.6364726674070305,253,232.5,5.585782196611615,252.1,234.3,5.534280697388058,256.2,235.2,5.686360669340906]],["revoke",null,1676131627580],["line",[8,279.9,157.7,6.265691986796561,278.1,160.5,6.22547782052402,275.3,164.1,6.142955538626869,270.8,170,6.057587968871517,268.5,177.3,5.969310449067679,266.2,184.6,5.924060052299441,265.8,190.5,5.924060052299441,266.2,194.2,5.924060052299441,266.7,197.4,5.924060052299441,264.8,201,5.878057590483637,263.5,204.2,5.878057590483637,264.4,207,5.878057590483637,266.7,209.2,5.924060052299441,270.3,210.1,6.013817022493076,273,210.1,6.100631439090046,277.6,209.7,6.184568327551352,280.8,209.7,6.265691986796561,282.6,212,6.305218750211823,281.7,215.2,6.305218750211823,281.7,217.9,6.305218750211823,281.7,220.6,6.305218750211823,283.1,223.4,6.305218750211823]],["line",[8,283.1,223.4,6.305218750211823,283.5,225.2,6.344065989203813,284.4,227.9,6.344065989203813,286.3,230.7,6.3822415367976975,287.2,233.8,6.419753180609807,288.5,237.9,6.419753180609807,290.4,243.9,6.45660866284763,291.7,248.4,6.492815680309816,294,252.1,6.528381884386174,294.9,254.8,6.563314881057675,296.8,258,6.597622230896451,297.7,260.3,6.597622230896451,299,262.1,6.631311449065791,301.3,264.8,6.664390005320148,305,261.2,6.728744784057522,314.1,248.4,3.5677936153315484]],["line",[8,348.3,160.5,4.911742839375334,351.5,160.9,5.032836119244947,355.6,163.6,5.150332867384415,357.8,166.8,5.207755047812311,358.3,169.1,5.264305011398351,359.7,172.3,5.264305011398351,362.4,175.5,5.374823752349936,364.7,177.8,5.428810148345919,365.1,181.4,5.428810148345919,366,185.1,5.48195956476092,365.1,188.7,5.428810148345919,365.1,191.5,5.428810148345919,364.2,194.2,5.428810148345919,361.5,199.2,5.3199916355710135,361,201.9,5.3199916355710135,359.7,205.6,5.264305011398351,358.7,209.7,5.264305011398351,358.7,212.9,5.264305011398351,358.7,216.5,5.264305011398351,357.8,219.7,5.207755047812311,357.4,222.9,5.207755047812311,356.5,227,5.207755047812311]],["line",[8,356.5,227,5.207755047812311,354.6,230.7,5.150332867384415,353.3,233.8,5.092029547277345,346.4,237.9,4.849824824001607,336.9,243.4,4.526153635217989,328.2,248.4,4.178158263525198,321.4,252.1,3.8814508039566755]],["revoke",null,1676131630996],["revoke",null,1676131631155],["revoke",null,1676131631309],["line",[8,351.9,139,5.032836119244947,352.8,141.8,5.092029547277345,351,144,5.032836119244947,348.3,145.4,4.911742839375334,344.6,150.9,4.786980373629528,341.4,157.7,4.658475341320051,339.6,162.3,4.592796232575424,337.8,166.4,4.526153635217989,334.6,171.9,4.45853791353677,332.8,177.8,4.389940159017284,331.4,183.2,4.320350648845269,329.6,189.2,4.249759869868322,327.7,197.4,4.178158263525198,326.8,202.8,4.105536225845814,326.4,208.8,4.105536225845814,326.4,215.2,4.105536225845814,326.4,219.3,4.105536225845814,326.8,222.5,4.105536225845814,327.3,226.6,4.178158263525198,331.4,230.7,4.320350648845269,334.1,232.5,4.389940159017284,337.3,233.8,4.526153635217989]],["line",[8,337.3,233.8,4.526153635217989,341.4,234.8,4.658475341320051,346.9,235.2,4.849824824001607,350.5,237,4.972743569632222]],["revoke",null,1676131633027],["colour",["#f3b2aa"]],["line",[8,369.2,162.7,5.585782196611615,366,164.6,5.48195956476092,360.6,169.1,5.3199916355710135,358.7,171.4,5.264305011398351,358.3,173.7,5.264305011398351,356,178.7,5.150332867384415,354.6,184.2,5.150332867384415,355.6,189.2,5.150332867384415,355.1,193.7,5.150332867384415,353.7,198.3,5.092029547277345,353.7,203.8,5.092029547277345,352.8,210.6,5.092029547277345,353.7,217,5.092029547277345,355.1,221.1,5.150332867384415,355.1,227,5.150332867384415,355.1,231.6,5.150332867384415,356,234.3,5.150332867384415,356.9,237.5,5.207755047812311,357.8,239.8,5.207755047812311,361,242.5,5.3199916355710135,364.2,244.8,5.428810148345919,368.8,247.1,5.534280697388058]],["line",[8,368.8,247.1,5.534280697388058,375.6,247.1,5.735454716571002]],["line",[8,447.6,172.8,4.320350648845269,446.7,177.8,4.249759869868322,445.8,183.7,4.249759869868322,443.5,188.7,4.105536225845814,440.3,195.6,4.031884107451247,436.2,203.3,3.8046500930546285,431.7,208.8,3.6478313978696058,428.9,214.2,3.486656934978342,426.2,218.8,3.404411344160346,420.7,222.9,6.728744784057522,417.1,227,6.664390005320148,415.7,229.7,6.631311449065791,413,231.1,6.597622230896451,409.8,234.8,6.528381884386174,408.4,236.6,6.492815680309816,407.5,238.9,6.492815680309816,406.2,240.7,6.45660866284763,404.8,243.9,6.419753180609807,402.1,246.2,6.3822415367976975,398.9,251.2,6.305218750211823,397,254.4,6.265691986796561,396.1,257.1,6.22547782052402]],["line",[8,396.1,257.1,6.22547782052402,395.2,258.9,6.22547782052402,391.6,262.6,6.142955538626869,389.7,263.9,6.100631439090046,386.6,265.3,6.013817022493076,380.6,262.1,5.878057590483637]],["line",[8,370.6,236.1,5.585782196611615,367.4,243.4,5.534280697388058,369.2,248,5.585782196611615,371.5,252.5,5.6364726674070305,373.3,256.6,5.686360669340906,371.5,258.9,5.6364726674070305]],["line",[8,359.7,169.1,5.264305011398351,364.2,167.7,5.428810148345919,367,166.8,5.48195956476092,374.2,166.4,5.686360669340906,377.9,165.5,5.783763277846241,385.2,165.9,5.969310449067679,394.8,166.4,6.22547782052402,400.7,167.3,6.344065989203813,405.2,168.7,6.419753180609807,415.3,169.1,6.631311449065791,419.8,169.6,6.696865324005135]],["line",[8,403.4,167.7,6.3822415367976975,400.7,168.2,6.344065989203813,403.4,170,6.3822415367976975,410.7,171.4,6.528381884386174,419.8,173.7,6.696865324005135,424.4,175.5,3.3210467848190834]],["line",[8,438.5,120.8,3.9571922135537347,438.1,124,3.8814508039566755,437.2,127.6,3.8814508039566755,436.2,129.9,3.8046500930546285,434.4,131.7,3.726780249833312,434.9,129.5,3.8046500930546285,436.7,124,3.8814508039566755,438.1,120.8,3.8814508039566755,439.4,119,3.9571922135537347,441.3,115.3,4.031884107451247,443.1,112.6,4.105536225845814,444.4,109.9,4.178158263525198]],["revoke",null,1676131639383],["line",[8,361,187.8,5.3199916355710135,366.5,188.7,5.48195956476092,371.5,188.3,5.6364726674070305]],["line",[8,371.5,184.2,5.6364726674070305]],["line",[8,367,185.1,5.48195956476092,370.6,184.6,5.585782196611615,374.7,184.6,5.735454716571002,378.3,184.6,5.831294776506706,382,185.1,5.924060052299441,385.6,185.5,6.013817022493076,390.2,186.4,6.100631439090046]],["line",[8,382,186,5.924060052299441,381.1,188.7,5.878057590483637,383.4,188.3,5.924060052299441]],["line",[8,409.3,193.3,6.528381884386174,413.4,193.3,6.597622230896451,417.5,193.3,6.664390005320148,422.6,193.7,6.760035719005243,425.8,193.3,3.404411344160346,428.5,192.4,3.486656934978342,425.3,191.5,3.3210467848190834,423,189.6,6.760035719005243,425.3,186.9,3.3210467848190834,432.1,184.2,3.6478313978696058]],["line",[8,422.6,194.2,6.760035719005243,426.2,194.2,3.404411344160346]],["line",[8,392.5,231.6,6.142955538626869,387.9,229.7,6.057587968871517,384.7,228.4,5.969310449067679]],["line",[8,379.3,232.9,5.831294776506706,376.1,231.6,5.735454716571002,373.3,231.1,5.686360669340906,374.2,232.9,5.686360669340906,379.3,233.8,5.831294776506706]],["line",[8,397,232.5,6.265691986796561,395.2,229.7,6.22547782052402]],["line",[8,397,237,6.265691986796561,393.8,234.8,6.184568327551352,397.9,232.9,6.265691986796561,403.9,232.9,6.419753180609807]],["line",[8,387.9,227,6.057587968871517]],["colour",["#666"]],["colour",["#222"]],["line",[8,365.6,180.1,5.48195956476092,361.9,177.3,5.374823752349936,361,174.1,5.3199916355710135,360.1,170,5.3199916355710135,358.7,161.4,5.264305011398351,359.7,153.6,5.264305011398351,361,145.4,5.3199916355710135,360.1,134.5,5.3199916355710135,359.7,121.3,5.264305011398351,359.7,108,5.264305011398351,360.1,94.8,5.3199916355710135,364.2,83,5.428810148345919,368.3,70.2,5.534280697388058,370.6,61.1,