{"nickname":"风璃诺","round":{"tip":0,"started":1676133835976,"logs":[["line",[8,282.7,175.6,2.2688563199999994,281.9,175.6,1.8662039692999697,281.1,172.4,5.123483041177687,281.1,169.9,5.340911839096277,280.3,167.5,5.84315180348311,277.9,165.1,6.161049159709995,274.6,163.4,6.531991431319499,270.6,163.4,6.610604395842922,265.7,162.6,6.690060187013987,261.7,161.8,6.774873457373895,257.6,161,6.759866237422566,253.6,161,6.599740254752191,249.5,161.8,6.4819776020712245,246.3,163.4,6.507934834344676,243.8,164.3,6.621829844867967,241.4,165.9,6.630885689870642,239,169.1,6.6815026274053615,236.6,173.2,6.651737521314551,233.3,178,6.490828915887334,231.7,181.3,6.441379724186644,229.3,186.9,6.431730561924318,226.8,193.4,6.436993251365354]],["line",[8,226.8,193.4,6.436993251365354,225.2,198.3,6.462866565065274,224.4,202.3,6.477331252081581,224.4,205.6,6.480067507271521,225.2,209.6,6.47120506248768,225.2,214.5,6.470895685512442,226,219.3,6.4820601449597035,226.8,223.4,6.48234817642349,228.5,227.4,6.508581055832462,230.1,231.5,6.519883262845896,231.7,237.2,6.523016665463565,233.3,241.2,6.504541224151055,235.7,245.3,6.502596602432517,239,249.3,6.367872363465661,241.4,252.6,6.33694087571391,244.7,256.6,6.311495141896226,247.9,259.8,6.281292319899518,251.1,263.1,6.198276426425616,255.2,266.3,6.12640086212646,258.4,267.9,6.1247262124417645,263.3,269.6,6.084486248493615,267.3,272.8,6.036549520994538]],["line",[8,267.3,272.8,6.036549520994538,271.4,275.2,6.164113830132742,274.6,277.7,6.167774478802214,277.9,280.1,6.253305541473028,281.1,282.5,6.272154924786107,283.5,284.2,6.5158167165125125,287.6,285,6.493244884061256,290,285.8,6.457613631458165,292.5,286.6,6.42158427316539,295.7,287.4,6.387193832493762,298.1,288.2,6.312574420373766]],["line",[8,281.1,178.8,2.2688563199999994,281.1,179.6,2.2688563199999994,279.5,182.9,4.683634603259117,277.9,186.1,4.839147915108619,274.6,191.8,4.9128357927059,270.6,198.3,4.912502517726813,268.2,202.3,4.959387953779774,270.6,203.1,5.19201067255891,274.6,202.3,4.970604214784084,277.9,202.3,4.816204880349945,281.9,201.5,4.571187374768006,286,201.5,4.436550909207767,285.2,205.6,4.587987210026693,281.9,209.6,4.646181310145096,279.5,214.5,4.581061214666882,277.1,220.2,4.561813661251058,277.1,223.4,4.674035778804335,278.7,225,4.7500381735706245,281.1,225,4.722893489248996,284.4,225,4.50905600106156,288.4,223.4,4.315868250951452,292.5,223.4,3.880776717208323]],["line",[8,292.5,223.4,3.880776717208323,294.9,223.4,3.830177723918073,293.3,229.1,3.9339549887574066,291.6,233.9,4.233234830005908,290,238.8,4.36337907925483,289.2,242,4.476530008367478,289.2,244.5,4.483314289911686,290.8,246.1,4.5215952967656845,293.3,246.9,4.202788189287332,296.5,247.7,3.7019347011153156,299.7,248.5,3.6198734811789794,302.2,249.3,3.661965431572729,303,251.7,3.8842962318826055,303,255.8,4.26761226021585,303,259.8,4.920492718685862,301.4,263.9,5.386569417717501,300.6,267.1,5.758301566701601,299.7,271.2,5.96153568575002,298.1,275.2,6.123476071724712,297.3,280.9,6.149862571607329,296.5,284.2,5.872420047964249,298.1,281.7,1.3387125874474677]],["line",[8,298.1,281.7,1.3387125874474677]],["line",[8,298.9,174,2.2688563199999994,298.1,174,2.2688563199999994,298.1,171.5,3.5980432868172976,299.7,168.3,3.6155786447539544,300.6,165.9,3.736074201491597,302.2,163.4,3.926694380119553,303,160.2,3.998475956821129,305.4,158.6,3.9880072146240995,307.8,156.2,3.967931749370641,311.9,153.7,3.9494061371922484,315.1,152.9,3.932817392331464,317.6,152.1,3.9289048265080586,320,152.1,4.0385259811836,322.4,152.1,4.403523365916027,324.9,152.9,4.549265744084279,328.9,154.5,4.747556811543305,333,156.2,4.942670387194157,337,158.6,5.167421759789974,338.6,161.8,5.264035485822205,340.3,165.9,5.426686030539724,341.9,170.7,5.557026265243155,343.5,175.6,5.6568294537251]],["line",[8,343.5,175.6,5.6568294537251,344.3,179.6,5.867080950687051,345.1,183.7,6.08065800471997,345.1,190.2,6.258429754927388,345.9,196.7,6.429340090826852,345.9,202.3,6.4676180956635365,346.7,207.2,6.5134359535222845,347.5,212.9,6.485772213195589,347.5,218.5,6.495686115426938,347.5,223.4,6.550537280515666,347.5,227.4,6.561128822443859,347.5,233.1,6.608451688246417,347.5,238,6.61405916094904,347.5,242.8,6.563191812177084,346.7,245.3,6.523467973493341,345.9,248.5,6.51214977623318,345.1,252.6,6.494015047677873,344.3,258.2,6.442116727283787,343.5,262.3,6.44530452915019,341.9,264.7,6.4636098165022045,341.1,267.1,6.47051991001124,338.6,269.6,5.992671328760869]],["line",[8,338.6,269.6,5.992671328760869,336.2,271.2,5.4753884045773535,333.8,271.2,2.3939543925193476]],["line",[8,298.9,176.4,2.2688563199999994,298.9,177.2,2.2688563199999994,300.6,178.8,4.262451806562469,303,180.5,4.95050766732497,307.8,183.7,5.445042183799968,313.5,187.7,5.634123823347028,317.6,191.8,5.781437806187492,320,195.8,5.7906004556702735,320,198.3,5.736345290049307,317.6,199.9,5.482991095495968,314.3,202.3,5.243431478257062,310.3,204.8,5.13523528508283,307.8,206.4,5.057113493764639,307,208.8,5.14628306988431,308.7,210.4,5.233911882139202,311.1,211.2,5.2451514094734035,313.5,212.1,5.293862129301459,316.8,212.9,5.161203921733641,319.2,214.5,5.0345742013760315,321.6,215.3,4.955118470586772,321.6,217.7,4.86855794193927,320.8,221,4.9862519952456115]],["line",[8,320.8,221,4.9862519952456115,319.2,225,5.435768682656036,317.6,229.9,5.5511242201346604,316.8,235.5,5.5688147320115995,316.8,240.4,5.648580906661944,317.6,243.6,5.6134291040531075,320,246.1,5.220424965730283,321.6,247.7,5.077530292108387,323.2,249.3,4.954063059483985,324.9,250.9,4.930698828865534,325.7,253.4,4.943560291099525,325.7,256.6,5.1268824348858075,324.1,259.8,5.389524126677681,321.6,263.1,5.7472393025730195,320,266.3,5.950912666479166,319.2,269.6,5.811752624004337,320.8,273.6,5.833690421801308,323.2,275.2,5.922599845934097,326.5,276.1,5.823428064639689]],["line",[8,295.7,109.2,2.2688563199999994,295.7,108.4,1.8185423156665053,297.3,110,4.036374741345247,298.1,112.4,4.579833573715051,298.9,114.8,4.869526304937869,298.9,119.7,5.0647788923368395,299.7,124.6,5.229471527201717,300.6,129.4,5.446900744687467,301.4,132.7,5.621899743081934,302.2,135.9,5.7526681483035595,303,139.1,5.886140560557362,303,142.4,5.971855332256059,303.8,147.2,6.045525962909721,304.6,150.5,6.017276501635175,305.4,152.9,6.017125908193794,305.4,155.3,6.010381246842505,306.2,157.8,5.990033599469683,306.2,155.3,3.313105662173184]],["line",[8,299.7,112.4,2.2688563199999994,298.9,112.4,1.1963758390624237,303,112.4,3.633664961416555,308.7,111.6,4.117149291832709,313.5,110,4.371167725884444,318.4,108.4,4.290643643093073,322.4,107.5,4.27906239057827,326.5,106.7,4.371738227799401,330.5,105.9,4.497272935394912,335.4,105.1,4.639959591789047,340.3,103.5,4.664781963659442,345.1,102.7,4.64934943047885,349.2,101.9,4.623554944948154,353.2,101.1,4.635462051246134,357.3,100.3,4.596909219458987,360.5,100.3,4.595224298133178,362.9,99.4,4.596621669524789,367,99.4,4.578404695646288,370.2,98.6,4.572024285486313,374.3,98.6,4.580899131312652,379.1,97.8,4.579348208166145,384,97,4.579207235938617]],["line",[8,384,97,4.579207235938617,388.1,97,4.578407278048681,392.1,96.2,4.554245619182362,394.5,96.2,4.455249606261871,397,96.2,4.35078482730964,401,95.4,4.17773374328525,404.3,95.4,4.1842664938965815,406.7,95.4,4.148265238973284]],["line",[8,405.1,98.6,2.2688563199999994,405.1,99.4,2.2688563199999994,406.7,101.1,3.673882822906462,406.7,105.1,4.358687322354786,406.7,109.2,4.722589957415211,406.7,114,4.972801805464797,406.7,121.3,5.326166862858948,406.7,131,5.979644202175833,408.3,139.9,6.139517351211699,409.1,148.9,6.182160525094391,409.1,154.5,6.2700092106879985,409.1,157,6.189691470043698,407.5,155.3,4.2581140184340285]],["line",[8,342.7,169.1,2.2688563199999994,341.9,169.1,0.7251664561400464,344.3,169.1,4.40843738883099,350,167.5,5.14843887166052,355.6,165.9,5.207241400159759,362.9,164.3,5.443630476600343,368.6,163.4,5.649002289253787,375.1,161.8,5.737454417487697,380.8,161.8,5.916553455968552,385.6,161,6.037532769134412,391.3,160.2,6.120626616776568,397,158.6,