{"nickname":"XP","round":{"tip":2,"started":1676131807073,"logs":[["colour",["#f8c94e"]],["line",[8,343.2,139.9,4.72320029296874,344.6,135.8,4.786980373629528,346,127.6,4.849824824001607,346.4,116.2,4.849824824001607,345.5,103.9,4.849824824001607,345.5,97.5,4.849824824001607,343.7,93.4,4.786980373629528,340.1,92.1,4.658475341320051,334.1,97.5,4.389940159017284,320.9,109.4,3.8814508039566755,303.6,126.3,6.728744784057522,284,145.9,6.344065989203813,268.5,165,5.969310449067679,250.7,187.4,5.534280697388058,234.8,209.2,5.032836119244947,223.8,225.6,4.658475341320051,213.3,242.5,4.249759869868322,208.8,253,4.105536225845814,207.9,257.5,4.031884107451247,211.5,261.7,4.178158263525198]],["line",[8,336,81.6,4.45853791353677,325.9,88.4,4.105536225845814,307.2,106.2,3.3210467848190834,279,132.2,6.22547782052402,255.3,165.9,5.6364726674070305,234.3,199.2,5.032836119244947,215.2,229.3,4.320350648845269,199.2,256.2,3.6478313978696058,190.5,276.2,3.3210467848190834,187.4,288.5,6.728744784057522,188.3,290.8,6.728744784057522]],["line",[8,341.9,65.6,4.72320029296874,331.4,72,4.320350648845269,307.2,92.5,3.3210467848190834,276.7,124,6.184568327551352,247.1,161.8,5.428810148345919,222.9,196.9,4.592796232575424,205.6,227,3.9571922135537347,191,253.4,3.3210467848190834,181.4,273,6.631311449065791,180.5,280.3,6.597622230896451]],["line",[8,339.6,72.9,4.592796232575424,325,82.1,4.031884107451247,293.1,111.7,6.528381884386174,259.4,152.3,5.735454716571002,234.8,187.4,5.032836119244947,213.8,222,4.249759869868322,198.3,251.2,3.6478313978696058,180.5,272.1,6.597622230896451]],["line",[8,293.1,88.4,6.528381884386174,275.8,106.7,6.142955538626869,250.7,138.1,5.534280697388058,223.8,176,4.658475341320051,204.7,206.5,3.8814508039566755,190.1,227.9,6.760035719005243,179.1,240.7,6.563314881057675]],["line",[8,290.8,66.1,6.492815680309816,276.2,78.4,6.184568327551352,241.6,117.6,5.264305011398351,211.1,156.8,4.178158263525198,191.9,181,3.3210467848190834,171.4,206.5,6.419753180609807,158.6,222.9,6.142955538626869,155.4,227,6.057587968871517]],["line",[8,288.5,65.2,6.419753180609807,270.3,83.4,6.013817022493076,239.8,124,5.207755047812311,208.3,173.7,4.031884107451247,182.8,216.5,6.631311449065791,160,258.9,6.184568327551352,149.5,288.5,5.924060052299441,143.6,301.3,5.783763277846241]],["line",[8,262.6,76.6,5.831294776506706,252.1,93.4,5.534280697388058,225.6,132.6,4.72320029296874,193.7,179.6,3.404411344160346,165.5,224.7,6.305218750211823,148.1,266.2,5.878057590483637,132.2,302.7,5.48195956476092]],["line",[8,239.3,118.5,5.150332867384415,228.4,136.8,4.786980373629528,209.2,175,4.105536225845814,191.5,221.5,3.3210467848190834,172.8,273,6.45660866284763,166.8,319.5,6.344065989203813]],["line",[8,237,159.5,5.092029547277345,226.6,173.2,4.72320029296874,200.1,208.8,3.726780249833312,174.6,245.2,6.492815680309816,158.2,277.6,6.142955538626869,144.5,302.7,5.783763277846241,137.2,320,5.585782196611615,134.5,325,5.534280697388058]],["line",[8,326.8,74.3,4.105536225845814,329.6,76.6,4.249759869868322,341,89.3,4.658475341320051,363.8,122.6,5.428810148345919,378.3,162.7,5.831294776506706,400.2,210.1,6.344065989203813,413.4,235.2,6.597622230896451,418.9,243.9,6.696865324005135,420.3,245.7,6.728744784057522]],["line",[8,366.5,86.6,5.48195956476092,368.3,91.2,5.534280697388058,377.9,112.1,5.783763277846241,402.1,153.6,6.3822415367976975,432.1,195.6,3.6478313978696058,453.6,222.9,4.526153635217989,460.9,232,4.786980373629528]],["line",[8,351.5,84.8,5.032836119244947,355.1,92.1,5.150332867384415,372,117.6,5.6364726674070305,400.2,165,6.344065989203813,451.7,227.5,4.45853791353677]],["line",[8,285.4,83,6.3822415367976975,289.5,82.5,6.45660866284763,302.2,82.1,6.696865324005135,329.1,83,4.249759869868322,365.1,87.5,5.428810148345919,397,98,6.265691986796561,417.5,111.2,6.664390005320148,432.1,121.3,3.6478313978696058]],["line",[8,281.7,66.1,6.305218750211823,288.5,62.9,6.419753180609807,308.1,60.6,3.3210467848190834,334.1,64.3,4.389940159017284,368.3,73.4,5.534280697388058,397,83,6.265691986796561,409.3,88.4,6.528381884386174,414.4,91.2,6.597622230896451]],["line",[8,290.8,60.6,6.492815680309816,300.4,56.5,6.664390005320148,320,56.1,3.8814508039566755,350.5,61.5,4.972743569632222,383.8,69.3,5.969310449067679,411.2,79.3,6.563314881057675,433,89.3,3.726780249833312,448.5,98.9,4.320350648845269,459.5,108.9,4.72320029296874,465.4,113,4.911742839375334]],["line",[8,413.9,73.8,6.597622230896451,423,85.7,6.760035719005243,435.8,108.9,3.8046500930546285,447.2,129.9,4.249759869868322,465.4,152.7,4.911742839375334,479.1,170.5,5.374823752349936,490.9,180.5,5.686360669340906,492.8,184.2,5.735454716571002,494.1,186.9,5.783763277846241]],["line",[8,410.7,84.3,6.528381884386174,416.2,91.6,6.631311449065791,425.8,109.9,3.404411344160346,439,142.2,3.9571922135537347,454.5,178.2,4.526153635217989,476.4,212.4,5.264305011398351,489.1,240.7,5.6364726674070305,503.7,255.3,6.013817022493076,509.6,262.6,6.184568327551352,512.4,264.8,6.22547782052402]],["line",[8,444,100.7,4.178158263525198,448.1,114,4.320350648845269,459,145.9,4.72320029296874,470.9,187.8,5.092029547277345,483.2,229.3,5.48195956476092,500.1,269.4,5.924060052299441,515.1,289.9,6.305218750211823,521,299.9,6.419753180609807,524.7,306.3,6.492815680309816,526,309.1,6.528381884386174]],["line",[8,432.1,103.9,3.6478313978696058,434.4,118.1,3.726780249833312,441.7,150.9,4.031884107451247,458.1,197.8,4.658475341320051,479.1,248.9,5.374823752349936,489.6,287.2,5.686360669340906]],["line",[8,413.4,131.3,6.597622230896451,404.3,139,6.419753180609807,403.4,153.2,6.3822415367976975,409.3,177.8,6.528381884386174,424.8,217,3.3210467848190834,444.4,256.2,4.178158263525198,457.7,284,4.658475341320051]],["line",[8,419.4,131.7,6.696865324005135,416.2,131.7,6.631311449065791,411.2,135.8,6.563314881057675,410.7,147.2,6.528381884386174,418.5,173.2,6.696865324005135,433,207.4,3.726780249833312,450.8,239.8,4.389940159017284,458.6,252.1,4.72320029296874]],["line",[8,435.8,110.3,3.8046500930546285,437.2,114.4,3.8814508039566755,442.2,134.9,4.105536225845814,454.9,176.4,4.592796232575424,473.2,220.6,5.207755047812311,493.2,269.9,5.783763277846241,505.5,299.5,6.057587968871517,517.4,322.3,6.344065989203813,521.9,329.6,6.419753180609807]],["line",[8,524.2,313.2,6.492815680309816,518.3,302.2,6.344065989203813]],["line",[8,444.4,134,4.178158263525198,446.3,140.4,4.249759869868322,451.3,161.4,4.45853791353677,461.3,191,4.786980373629528,479.5,232.5,5.374823752349936,493.7,279.9,5.783763277846241,513.3,318.2,6.265691986796561,520.6,334.6,6.419753180609807,523.8,341.4,6.45660866284763,522.4,337.8,6.45660866284763,519.7,331.4,6.3822415367976975]],["line",[8,421.7,163.2,6.728744784057522,430.8,181.4,3.5677936153315484,439,208.3,3.9571922135537347,448.5,237.9,4.320350648845269,460.4,261.2,4.786980373629528,470.4,273,5.092029547277345,473.2,276.2,5.207755047812311,473.6,271.7,5.207755047812311]],["line",[8,421.2,147.2,6.728744784057522,419.4,168.2,6.696865324005135,423,201,6.760035719005243,435.3,250.7,3.8046500930546285,443.1,279.4,4.105536225845814]],["colour",["#f3b2aa"]],["msg","7j6aiigib03",1676131823576,"我算半个月厨"],["colour",["#F5D6BC"]],["line",[8,334.6,126.3,4.45853791353677,331.9,124.9,4.320350648845269,325.5,125.4,4.105536225845814,316.4,129,3.726780249833312,304.5,138.6,6.728744784057522,290.8,153.2,6.492815680309816,281.7,169.1,6.305218750211823]],["line",[8,330.5,130.4,4.249759869868322,322.3,132.6,3.9571922135537347,313.6,137.2,3.5677936153315484,298.6,145.9,6.631311449065791,284,157.3,6.344065989203813,273,169.1,6.100631439090046,265.8,175,5.924060052299441]],["line",[8,331.4,125.4,4.320350648845269,326.4,126.7,4.105536225845814,318.2,131.3,3.8046500930546285,307.2,138.1,3.3210467848190834,289.9,152.3,6.45660866284763,273.5,168.7,6.100631439090046,262.6,181,5.831294776506706,254.4,189.6,5.6364726674070305,248.4,194.6,5.428810148345919]],["line",[8,307.2,134,3.3210467848190834,299,138.6,6.631311449065791,284.4,148.1,6.344065989203813,269.4,163.2,6.013817022493076,258.9,179.1,