{"nickname":"zwh","round":{"tip":0,"started":1675268725576,"logs":[["colour",["#008d26"]],["line",[8,289.5,166.4,7.905126407736786,289.5,166.4,-186.3130224968288,284.2,177,-314.62063151253915,275,191.9,-240.1635091556084,269.8,203,-208.18688962884787,266.8,208.3,-172.6823891695526,266.1,210.7,-166.14253767250523,282,198.9,-156.6676545417584,292.7,187.1,-208.18688962884787,304.6,173.6,-257.4207367187557,309.8,168.4,-212.00466382058997,312,166.2,-231.85752768831003,310.6,180.3,-208.18688962884787,306.3,195.9,-208.18688962884787,303,206.6,-122.57926160178926,301.2,214.7,-94.07915843546998,300.3,219.2,-67.03125,301.8,221.6,-100.71632296000465,310.7,213.9,-70.52049589545842,320.3,196.3,-153.59701598695597,330.5,176.3,-212.00466382058997,335.5,163.9,-197.03125]],["line",[8,335.5,163.9,-197.03125,338,158.1,-166.14253767250523,326.9,163.5,-150.5695237451998,319,177,-189.83788204853462,313.2,188.8,-219.79168310970482,309.3,200,-179.40473500977407,308.1,204,-120,314.7,195.3,-144.64235580555055,325.5,173.7,-235.98401039467097,334.6,158.6,-235.98401039467097,340.9,146.5,-156.6676545417584,343.4,143.4,-166.14253767250523,343.1,153.7,-141.74187371000122,338.4,169.7,-114.95629401778815,335.7,180.5,-85.70803067741542,334.5,186.9,-96.25676860199329,334.1,188.9,-117.45913848496798,344.1,172,-166.14253767250523,351.4,158.6,-204.41902014066721,357,149.5,-182.8354756561002,359.3,145.1,-212.00466382058997,361.2,143.4,-215.87278143463192]],["line",[8,361.2,143.4,-215.87278143463192,363.6,143.1,-141.74187371000122,367.3,147.8,-81.72103471787447,369.8,160.7,-40.60584781301719,371.1,174.5,-35.838499200968414,371.6,181,-27.36405465183281,371.5,184.5,-34.70358313656254,380.7,175.7,-89.82645293272559,386.9,165.4,-96.25676860199329,390.4,160.1,-85.70803067741542,392.1,157.5,-98.46903485719646,392.9,169.3,-70.52049589545842,390.4,180.9,-70.52049589545842,388.6,190.6,-45.75184527057419,386.3,197.1,-32.5,385.6,199.4,-22.73278743896677,382.8,190.7,-63.65960644022772,386.8,169.1,-120,389.5,157.4,-114.95629401778815,389.7,155.3,-153.59701598695597,390.7,159.5,-60.402892583773394,389.6,184.4,-68.76100441625002]],["line",[8,389.6,184.4,-68.76100441625002,387.2,204.1,-25.452912016854086,385.1,211.6,-4.144558688954202,383.2,213.9,0.6210577359040785,379.8,213.7,-5.992043037988054,368.6,200,-34.70358313656254,356.7,181.9,-49.871566434416366,349.7,164.9,-120,344.2,152.2,-112.49108547954819,341.3,146.4,-144.64235580555055,336.1,158.2,-96.25676860199329,335.5,174.5,-55.727508033441495,339.1,189.5,7.9933183267469765]],["colour",["#222"]],["line",[8,283.5,201.5,-10.310932415783107,283.5,201.5,-96.25676860199329,283.5,211.4,-179.40473500977407,284.1,221.3,-162.94000450573424,284,231.1,-147.58477173767284,284.5,238.3,-133.28803685436296,286.5,250,-138.88292513218568,288.8,258,-114.95629401778815,293.6,267,-114.95629401778815,299.6,272.7,-87.75063567861756,307.4,277.5,-70.52049589545842,313.3,279.6,-63.65960644022772,322.6,280.3,-72.31006331665296,333.5,278.8,-63.65960644022772,343,275.5,-65.33089568767335,354.4,269.3,-55.727508033441495,363.5,261.9,-48.47292369869367,368.7,256.2,-57.25846651815169,372.2,250.8,-67.03125,374.9,242.8,-44.42878750000112,377.1,235,-65.33089568767335,378,227.9,-74.13004747885398]],["line",[8,378,227.9,-74.13004747885398,377.9,221.9,-85.70803067741542,377.4,217.1,-100.71632296000465,376.5,211.6,-79.77593720159007,375.5,209.4,-89.82645293272559]],["colour",["#008d26"]],["line",[8,294.5,153.6,7.213240641562451,294.5,153.6,-166.14253767250523,290.2,161.5,-212.00466382058997,286.3,170.6,-219.79168310970482,282.1,183.5,-186.3130224968288,277,196,-182.8354756561002,275.1,203.7,-125.19730824923346,274.4,207.8,-89.82645293272559,274.5,210.5,-91.93584051869402,281.3,208.2,-67.03125,289.3,193,-141.74187371000122,298.9,173.2,-227.7836107978311,303.7,160.8,-235.98401039467097,306.6,152.7,-172.6823891695526,307.4,148.7,-197.03125,303.1,153.6,-127.854526821223,289.3,178,-200.70061855730228,281.4,198.6,-299.5299247913797,275.3,213,-227.7836107978311,271.7,224.5,-179.40473500977407,271.1,227.8,-147.58477173767284,281.9,207.4,-125.19730824923346]],["line",[8,281.9,207.4,-125.19730824923346,290.1,187.6,-212.00466382058997,302.7,160.4,-319.7721516536968,313.9,139.5,-186.3130224968288,316.5,134,-193.41048151,317.6,146,-120,312.5,170.3,-138.88292513218568,309.6,185.4,-136.0651116732575,307.9,199.5,-83.69828177015745,308.7,204.7,-40.60584781301719,310.7,204.5,-62.0170491386134,318,188.8,-162.94000450573424,324.1,165.9,-189.83788204853462,332.7,148.5,-215.87278143463192,336.9,140.9,-186.3130224968288,339.4,138.7,-186.3130224968288,342.8,138,-112.49108547954819,351.3,145,-112.49108547954819,357.9,153.9,-55.727508033441495,365.3,169.4,-30.38281925863285,368.2,176.7,-27.36405465183281,368.9,179,-33.59084702929475]],["line",[8,368.9,179,-33.59084702929475,369.2,179.7,-51.296029436686325,374.6,169.6,-98.46903485719646,377.2,158.4,-114.95629401778815,380.9,147.3,-156.6676545417584,383.1,144.2,-176.02054077738273,392,146.9,-77.86263882232046,397.6,160.9,-30.38281925863285,401.3,177.8,-35.838499200968414,403.2,189.1,-20.182019463425252,403.4,192.8,-14.153827859530146,399,174.5,-96.25676860199329,397.8,162.8,-102.99900058933571,397.9,158.2,-100.71632296000465,398.5,170.6,-74.13004747885398,397.9,189.5,-52.74662854457339,396.9,203.1,-52.74662854457339,396.5,208.8,-35.838499200968414,396.6,210.8,-19.368152835782226,393.1,199.4,-5.043783155617092,392.5,196.9,7.5388158840963735]],["line",[8,326.8,133.1,7.641803772488947,326.8,133.1,-107.67206131420177,325.4,136,-172.6823891695526,322.3,142,-150.5695237451998,312.7,153.3,-162.94000450573424,300.9,168.3,-147.58477173767284,293.6,179.6,-138.88292513218568,286.6,188,-159.781847408417,284.7,191.4,-107.67206131420177,296.4,177.7,-197.03125,308.8,163.7,-208.18688962884787,316.8,153.9,-193.41048151,325.3,142.7,-200.70061855730228,327.5,139.6,-197.03125,324.3,148.9,-85.70803067741542,314.1,169.4,-105.31743734410017,309.9,181.9,-77.86263882232046,307.6,192.1,-54.22368151714005,307.2,198.9,-67.03125,308.7,200.7,-45.75184527057419,313.9,198.8,-67.03125,326.1,185.6,-125.19730824923346]],["line",[8,326.1,185.6,-125.19730824923346,338.8,167.9,-110.06313367132839,346.2,158.1,-107.67206131420177,353.3,151.3,-133.28803685436296,356.1,149.5,-127.854526821223,358.1,149.5,-79.77593720159007,363.6,160.2,-27.36405465183281,368.3,178,-13.474834560000065,375.2,192.9,7.999993520024719]],["colour",["#25c9ff"]],["line",[8,313.2,231.1,7.97345791578125,313.2,231.1,-26.398541147500325,311.2,232.1,-63.65960644022772,309.5,233.4,-83.69828177015745,309,235.4,-62.0170491386134,310.1,238.9,-40.60584781301719,315.1,242.9,-32.5,320.6,244.5,-27.36405465183281,327,244.2,-12.811570029766262,338.6,240.6,-4.588149735000789,346.3,236.7,-4.144558688954202,354.1,230.5,-9.722678142458555,357.7,226.6,-12.811570029766262,359.8,224,-17.03205193625782,360.1,221.7,-12.811570029766262,357.5,216.8,-23.620319192399684,351.7,210.9,-23.620319192399684,344.2,206,-38.176044317817954,333.3,203,-40.60584781301719,325,202.8,-51.296029436686325,314.9,205.9,-94.07915843546998,306.5,209.6,-75.98079110107457]],["line",[8,306.5,209.6,-75.98079110107457,302.7,211.7,-74.13004747885398,300.7,213.5,-48.47292369869367]],["line",[8,298.6,195.6,7.213240641562451,298.1,196,-28.349752278994288,296.1,200.2,-51.296029436686325,293.2,205.8,-48.47292369869367,291.6,210.6,-43.13030583962278,291.3,216.8,-45.75184527057419,292.9,225.9,-34.70358313656254,296.7,233.8,-12.811570029766262,306.3,239.9,-8.588802636718906,313.2,241.7,-4.588149735000789,318.8,240,-2.486365463026063,325.2,234.2,-8.588802636718906,329.5,228.2,-16.287657166738654,331,222.1,-24.526936825297952,328.4,212.3,-21.01390445369037,323.1,205.4,-40.60584781301719,313.9,201.8,-67.03125,301.8,204,-85.70803067741542,288.8,211.7,-107.67206131420177,280.6,218,-77.86263882232046,276.6,222.1,-38.176044317817954,275.2,225.4,7.879949967288968]],["line",[8,275.2,225.4,7.879949967288968]],["colour",["#222"]],["line",[8,306.3,254.4,7.368761656300953,306.3,254.4,-43.13030583962278,