{"nickname":"一个大HOMO","round":{"tip":0,"started":1675222911140,"logs":[["msg","yv3f00vjp03",1675222915690,"我是哈比"],["colour",["#d20000"]],["colour",["#222"]],["line",[0,47.9,180.6,47.2,181.2,52.7,181.2,74.4,181.2,108.4,181.9,138.3,181.9,158.6,181.9,166.1,181.9,172.2,181.9,183.8,181.9,195.3,181.9,201.4,181.9]],["block","ohf3wn4og03","gqrwkxjcp03",1675222921014],["line",[0,77.8,186,77.8,191.4,77.8,193.5,77.8,199.6,77.8,209.8,77.8,217.9,77.8,222,77.8,226.8,77.8,230.1,78.5,233.5,79.2,236.3,82.5,239.7,89.3,241.7,98.9,243.7,114.5,245.8,128.1,246.5,134.9,247.8,141,247.8,161.4,250.5,175.6,250.5,178.3,250.5,181.1,251.2,181.1,249.2,181.1,243.1,181.1,236.9,181.7,231.5,181.7,224,181.7,217.9,181.7,210.4,183.1,203,183.1,198.2,183.1,196.2]],["line",[0,183.1,196.2,183.1,194.8,183.1,193.5,183.1,190.7]],["line",[0,45.2,153.4,45.2,157.5,45.2,160.2,45.2,167.6]],["line",[0,51.3,159.5]],["colour",["#d20000"]],["leave","10v1uc11f03",1675222926022],["join",1675222926022,"10v1uc11f03","一小时约有四十分","119.135.163.66","Mozilla/5.0 (Linux; U; Android 8.1.0; zh-CN; Lenovo TB-X605M Build/OPM1.171019.019) AppleWebKit/537.36 (KHTML, like Gecko) Version/4.0 Chrome/69.0.3497.100 UWS/3.22.1.233 Mobile Safari/537.36 AliApp(DingTalk/6.5.50) com.alibaba.android.rimet/26843028 Channel/10002266 language/zh-CN abi/32 Pad/APad UT4Aplus/0.2.25 colorScheme/dark"],["join",1675222927094,"oknksgkgm03","哦哦","27.225.44.113","Mozilla/5.0 (Linux; U; Android 10; zh-cn; MI 8 Build/QKQ1.190828.002) AppleWebKit/537.36 (KHTML, like Gecko) Version/4.0 Chrome/100.0.4896.127 Mobile Safari/537.36 XiaoMi/MiuiBrowser/17.4.80113 swan-mibrowser"],["line",[0,45.2,153.4,45.2,153.4,48.6,152.7,55.4,152.7,60.8,152.7,63.5,152,66.2,152,81.9,152,98.2,152,115.2,152,120.6,152.7,122.6,153.4,125.4,153.4,143.7,157.5,152.5,158.8,165.4,160.2,168.2,161.5,172.2,161.5,174.3,161.5,177,161.5,185.8,161.5,187.9,161.5,194,161.5,199.4,163.6,200.8,165.6,200.8,169,198.7,179.9,194.6,186.7,190.6,190.7,188.5,191.4]],["line",[0,73.7,177.8,73,173.1,71.7,165.6,71.7,158.1,71.7,150,71.7,141.8,71.7,137.1,73,131,73,126.2,75.1,122.1,77.1,118,79.2,115.3,81.9,111.3,85.9,109.2,89.3,105.8,93.4,105.1,96.1,103.1,99.5,102.4,103.6,100.4,106.3,99.7,111.1,97,115.2,95.6,117.2,94.9,121.3,92.9,124,92.2,130.8,92.2,138.9,92.2,150.5,94.9,162,98.3,172.2,101.7,174.3,102.4,179,105.8]],["line",[0,179,105.8,183.1,110.6,185.1,114.6,185.8,116.7,189.2,120.8,189.9,125.5,193.3,131.6,196,137.7,198,143.2,200.8,147.3,201.4,150.7,202.1,153.4,203.5,157.5,204.8,164.2,205.5,167,206.9,169,206.9,171,206.9,173.8,206.9,176.5,207.6,180.6,208.2,185.3,211.6,192.1,212.3,195.5]],["line",[0,122.6,258,122,266.8,120.6,284.5,116.5,306.9,116.5,323.2,116.5,335.5,116.5,343.6,116.5,352.4,116.5,359.2,116.5,368.7,116.5,379.6,116.5,387.8,116.5,393.9,116.5,400,116.5,406.1,116.5,411.5,116.5,415.6,116.5,419,116.5,421.1,115.8,423.1]],["line",[0,117.9,334.1,117.9,340.2,121.3,353.1,127.4,368.7,129.4,383,134.9,400,139.6,417.7,144.4,433.3,146.4,442.8,148.5,450.3,149.1,452.3,145.7,440.1]],["msg","gqrwkxjcp03",1675222933824,"老师"],["line",[0,115.8,296.7,115.2,294.7,111.1,296.1,103.6,303.5,93.4,315.1,84.6,323.2,77.1,330.7,71,336.8,67.6,340.9,73,339.5]],["line",[0,119.2,287.2,119.9,287.2,127.4,296.7,133.5,302.8,145.1,314.4,151.2,320.5,154.6,322.5,158,325.3,160.7,327.3,164.1,328.7]],["hit","asl6qqllf03",1675222934826,"消防员"],["colour",["#222"]],["hit","yv3f00vjp03",1675222936395,"消防员"],["line",[0,178.3,309,177.7,310.3,174.9,323.9,172.9,339.5,171.5,354.5,168.2,368.7,167.5,380.3,167.5,383]],["line",[0,181.1,305.6,183.1,304.9,191.3,309,196.7,311.7,197.4,314.4,197.4,318.5,197.4,325.9,197.4,334.1,196.7,347.7,194,358.6,191.9,376.9,189.9,385.7,189.2,393.2,189.2,396.6]],["line",[0,183.8,393.2,183.1,393.2,196.7,390.5,217.1,384.4,221.8,383,222.5,380.3,221.1,373.5]],["hit","jshle9bh7fe",1675222938125,"消防员"],["line",[0,203.5,328,203.5,327.3,213,326.6,229.3,326.6,244.2,326.6,249.7,324.6,255.8,325.3,259.2,325.9,272.1,330,283.7,333.4,285,336.8,285,347.7,285,355.8,285,363.3,285,369.4,281.6,377.6,280.9,381.7,278.9,383.7,278.2,387.1,275.5,388.5,270.7,390.5,268.7,390.5]],["line",[0,202.1,386.4,202.1,387.1,208.2,389.8,213,390.5,238.1,391.8,254.4,391.8,263.3,391.8]],["msg","gqrwkxjcp03",1675222939718,"圣诞老人"],["colour",["#25c9ff"]],["hit","ohf3wn4og03",1675222942185,"消防员"],["hit","10v1uc11f03",1675222942415,"消防员"],["line",[0,274.8,359.9,279.6,359.2,295.9,359.2,334.6,359.2,401.2,359.2,448.7,359.2,418.9,360.6,348.9,364,295.9,364,266.7,364,261.9,364.7,290.4,368.7,342.8,368.7,390.3,368.7,412.1,368.7,415.5,368.7,404.6,366,331.9,353.8,249,342.9,212.3,336.1,203.5,332.7,210.3,334.1,274.1,338.9,353.6,345.6,415.5,347.7,438.6,348.4,440.6,351.1,413.4,363.3,389.6,370.1,366.5,372.1,343.4,372.1,331.9,368.1]],["msg","jshle9bh7fe",1675222942788,"海贼王"],["line",[0,331.9,368.1,334.6,364,420.2,360.6,447.4,360.6,453.5,360.6,451.5,360.6,373.3,366,271.4,366,220.5,366,213,365.4,222.5,359.9,244.9,355.2,274.8,355.2,372,355.2,408.7,357.9,448.1,363.3,459.6,366.7,456.9,368.1,429.7,368.1,363.1,368.1,297.9,370.8,287.7,375.5,287.7,378.9,293.8,385.1,316.9,389.1,342.1,392.5,370.6,397.3,378.1,398,388.3,402.7,407.3,410.9,418.2,418.3,410,414.3]],["hit","zfca99ihq03",1675222943436,"消防员"],["line",[0,410,414.3,388.3,410.9,371.3,405.4,391.7,402,420.2,398,444.7,396.6,465.1,396.6,473.2,396.6,473.9,394.6,471.2,388.5,463,383,475.9,383,486.8,383,488.8,383,489.5,381]],["msg","x1ffqf6e03",1675222943569,"建筑工人"],["hit","oknksgkgm03",1675222945305,"消防员"],["join",1675222949330,"y1ahhguut03","清规","27.11.139.153","Mozilla/5.0 (Windows NT 10.0; Win64; x64) AppleWebKit/537.36 (KHTML, like Gecko) Chrome/109.0.0.0 Safari/537.36 Edg/109.0.1518.61"],["colour",["#222"]],["msg","gqrwkxjcp03",1675222951693,"丁真"],["line",[0,129.4,116.7,129.4,118,127.4,120.8,124,123.5,121.3,125.5,119.2,125.5,117.2,126.2,115.2,127.6,113.1,128.2]],["hit","x1ffqf6e03",1675222953376,"消防员"],["line",[0,129.4,113.3,130.1,112.6,131.5,112.6,134.2,112.6,137.6,114.6,141.7,118,143.7,119.4,146.4,120.8,148.5,122.1,151.2,123.5,155.2,126.2]],["extra",1675222954408,"gqrwkxjcp03",15],["line",[0,115.2,127.6,114.5,128.9,114.5,131.6,115.2,134.4,115.8,137.1,117.9,140.5,119.2,143.9,121.3,147.3,122.6,150,122.6,153.4,124.7,156.1,128.1,158.8,128.7,161.5,131.5,163.6,133.5,164.2,136.2,165.6,142.3,165.6,147.1,165.6,151.8,164.9]],["line",[0,154.6,131,154.6,133.7,154.6,137.1,154.6,139.1,154.6,141.1,153.9,144.5,153.9,147.3,153.2,150,151.2,154.7,149.1,157.5,145.1,162.9,143,164.2,141,164.9,138.9,165.6]],["hit","y1ahhguut03",1675222959732,"消防员"],["msg","10v1uc11f03",1675222959765,"丁真？！"],["hit","2in4lecdk03",1675222963060,"消防员"],["hit","gqrwkxjcp03",1675222963865,"消防员"],["flower","x1ffqf6e03",1675222965551],["flower","y1ahhguut03",1675222965693],["flower","gqrwkxjcp03",1675222966633],["flower","2in4lecdk03",1675222968266],["join",1675222968557,"pypdkxglm03","sss","58.44.161.46","Mozilla/5.0 (Windows NT 10.0; Win64; x64) AppleWebKit/537.36 (KHTML, like Gecko) Chrome/109.0.0.0 Safari/537.36 Edg/109.0.1518.70"],["flower","yv3f00vjp03",1675222970599],["flower","asl6qqllf03",1675222970851]],"winners":["asl6qqllf03","yv3f00vjp03","jshle9bh7fe","ohf3wn4og03","10v1uc11f03","zfca99ihq03","oknksgkgm03","x1ffqf6e03","y1ahhguut03","2in4lecdk03","gqrwkxjcp03"],"extenders":["gqrwkxjcp03"],"quickenners":[],"flowers":["x1ffqf6e03","y1ahhguut03","gqrwkxjcp03","2in4lecdk03","yv3f00vjp03","asl6qqllf03"],"deserters":[],"Depicts":{},"uid":"um4q4zpxm03","quizIndex":3,"drawStarted":1675222915714,"onLineMembersLength":12,"lastUids":["asl6qqllf03","um4q4zpxm03","jshle9bh7fe","gqrwkxjcp03","zfca99ihq03","yv3f00vjp03","ohf3wn4og03","10v1uc11f03","y1ahhguut03","2in4lecdk03","x1ffqf6e03","oknksgkgm03"],"ended":1675222963865,"contribute":true},"quiz":"消防员","libName":"职业","roundIndex":3}