{"nickname":"zwh","round":{"tip":0,"started":1675268873881,"logs":[["line",[8,246.6,167.7,3.6239344288366624,246.6,167.7,-9.722678142458555,238.7,184.2,-179.40473500977407,231.8,206.4,-197.03125,227,224.8,-204.41902014066721,224.1,242.3,-197.03125,222.2,251.1,-169.38986066751784,221.9,256.2,-147.58477173767284,222,258.2,-122.57926160178926,230.3,249.9,-96.25676860199329,235.2,238.9,-122.57926160178926,238.3,231.3,-122.57926160178926,239.8,228.7,-127.854526821223,239.8,232.5,-141.74187371000122,238.3,249.6,-144.64235580555055,237.9,258.4,-117.45913848496798,237.9,263.5,-87.75063567861756,237.9,265.5,-74.13004747885398,242.6,260,-130.55130611664092,246.9,252.3,-156.6676545417584,248.1,249.1,-186.3130224968288,248.9,259.2,-253.02463295271423]],["line",[8,248.9,259.2,-253.02463295271423,248.4,271.3,-208.18688962884787,246,278.9,-105.31743734410017,245.6,281.9,-91.93584051869402,250.3,274.8,-91.93584051869402,254.6,259.6,-96.25676860199329,257.7,246.6,-117.45913848496798,258,244.2,-182.8354756561002,257.4,249.3,-244.39647612980943,254.5,265.2,-219.79168310970482,252.9,279.2,-186.3130224968288,252.5,288.3,-133.28803685436296,252.5,292.5,-125.19730824923346,255.5,279.3,-74.13004747885398,258.9,253.6,-98.46903485719646,260.9,234.4,-162.94000450573424,263.1,217.4,-162.94000450573424,263.5,212.9,-172.6823891695526,254.5,236.2,-215.87278143463192,247.8,266.1,-442.91246835771733,240.6,293.7,-172.6823891695526,239.2,313.5,-89.82645293272559]],["line",[8,239.2,313.5,-89.82645293272559,239.8,326.8,-44.42878750000112,240.3,330.8,-44.42878750000112,246.5,305.9,-49.871566434416366,250.6,272.6,-67.03125,254.3,238,-219.79168310970482,256.9,215.7,-223.7618114045324,257.6,209,-244.39647612980943,257.5,206.8,-275.5627394487789,254.8,209.7,-235.98401039467097,247.9,228.6,-257.4207367187557,241.3,249.7,-200.70061855730228,238.1,265.8,-122.57926160178926,237.9,276.9,-105.31743734410017,238.5,280.2,-89.82645293272559,238.9,273.3,-77.86263882232046,238.8,253.6,-110.06313367132839,239.3,240,-166.14253767250523,240.3,224.2,-197.03125,242.7,216.4,-261.87213653273596,244,212,-270.94267325910806,246.3,215.7,-248.6833653959539]],["line",[8,246.3,215.7,-248.6833653959539,246.6,220.6,-208.18688962884787,246.6,223,-208.18688962884787,245.6,217.9,-294.6193705896876,246.2,210.1,-351.9887971609438,246.6,202.7,-340.99759581835866,247.6,197.8,-423.48631093096293,248.1,192.9,-357.58074636230765,248.5,190.3,-374.74797270934744,249,187.7,-351.9887971609438,249.3,185,-374.74797270934744,250.4,182.7,-374.74797270934744,251.6,180,-351.9887971609438,253.1,178.6,-324.9851204762602,254.9,175.9,-398.5696229309944,257.2,174,-330.26002469883036,259.4,172.2,-357.58074636230765,263.3,171.4,-429.8905989037503,265.6,170.9,-404.69485234301794,267.7,170.4,-392.5128309801251,270.6,170.9,-319.7721516536968,274.3,170.9,-299.5299247913797]],["line",[8,274.3,170.9,-299.5299247913797,280.1,171.9,-231.85752768831003,286.3,173.4,-204.41902014066721,294.5,174.7,-257.4207367187557,302,176.6,-208.18688962884787,309.7,178.4,-150.5695237451998,315.6,180.8,-105.31743734410017,324.4,184.5,-166.14253767250523,329.2,186.2,-153.59701598695597,336.3,189.5,-117.45913848496798,340,191.2,-110.06313367132839,343.6,192.5,-100.71632296000465,346.3,194.4,-85.70803067741542,350.7,196.3,-122.57926160178926,354.5,197.5,-127.854526821223,356.6,198.8,-120,359.5,200.2,-112.49108547954819,361.7,201.1,-94.07915843546998,364,202,-96.25676860199329,366.1,202.8,-96.25676860199329,368,204.3,-107.67206131420177,369.8,205.7,-96.25676860199329]],["line",[8,369.8,205.7,-96.25676860199329,370.7,206,-91.93584051869402,372.5,208.9,-74.13004747885398,374.3,211.1,-77.86263882232046,375.7,214.4,-94.07915843546998,376.6,216.3,-85.70803067741542,376.5,219.1,-77.86263882232046,377,221.8,-75.98079110107457,376.9,226.1,-75.98079110107457,376.4,233.9,-60.402892583773394,375,242.7,-85.70803067741542,371.6,251.1,-112.49108547954819,367.5,257.7,-91.93584051869402,365.9,260,-77.86263882232046,362.9,261.8,-5.511674950162245,358.8,256.9,7.977612712573851]],["line",[8,246.2,156.8,-2.099813499184748,246.2,156.8,-96.25676860199329,254.9,155.4,-363.2375915951309,266.4,153,-374.74797270934744,278.4,150.2,-270.94267325910806,293.5,147,-284.9749186525297,310.8,144.8,-159.781847408417,332.6,142.5,-125.19730824923346,349.1,141.7,-133.28803685436296,363.8,141.2,-105.31743734410017,377.3,142.9,-120,389.8,144.7,-77.86263882232046,399.3,149.2,-44.42878750000112,409.8,155.6,-72.31006331665296,417.4,161.5,-48.47292369869367,422.1,165.4,-49.871566434416366,424.1,167.5,-55.727508033441495,425.9,169.8,-55.727508033441495,427.2,172.1,-62.0170491386134,428.6,176.4,-43.13030583962278,428.5,183.8,-57.25846651815169,427.5,189.9,-62.0170491386134]],["line",[8,427.5,189.9,-62.0170491386134,426.6,195.7,-55.727508033441495,423.1,203.7,-65.33089568767335,420.9,209,-63.65960644022772,418.3,215.7,-75.98079110107457,414.4,222.7,-58.81680749664338,411.4,227.4,-65.33089568767335,407.6,235.1,-49.871566434416366,404.9,243.6,-77.86263882232046,403.3,250.9,-74.13004747885398,401.4,258.8,-83.69828177015745,400.6,267.8,-60.402892583773394,399.7,278.3,-77.86263882232046,399.2,287.6,-77.86263882232046,399.9,302.9,-60.402892583773394,401.3,315.8,-45.75184527057419,402.7,330.3,-17.79342827143862,403.9,342.2,-26.398541147500325,405.4,351.5,-25.452912016854086,406.2,358.1,-21.01390445369037,407.1,364.8,-24.526936825297952,409.1,371.7,-43.13030583962278]],["line",[8,409.1,371.7,-43.13030583962278,412.4,379.7,-44.42878750000112,415,388.1,-38.176044317817954,418.8,395,-39.37926472855507,421.4,399.7,-35.838499200968414,423.2,402.3,-41.85609405033273,424.6,404.6,-41.85609405033273,425.9,406.3,-40.60584781301719,428.6,408.5,-36.99588802167009,432.3,409.8,-49.871566434416366,435.5,409.7,-49.871566434416366,437.9,407.7,-49.871566434416366,440.6,395.6,-83.69828177015745,438.6,372.6,-67.03125,437.9,350.5,-29.35591338819375,436.1,330,-17.79342827143862,436.8,307.5,-8.588802636718906,440.7,288.9,3.202437223984374,443.3,269.9,7.987200018310537]],["line",[8,434.4,258,7.5,431.9,287.6,-44.42878750000112,429.7,314.5,-23.620319192399684,428.4,335.1,-18.572042491532166,428,342.5,-17.03205193625782,428,345.8,-20.182019463425252,425,323.2,-8.588802636718906,422.2,297.8,-19.368152835782226,421.2,280.9,-40.60584781301719,422.2,275.5,-54.22368151714005,428.6,319,-62.0170491386134,434.8,355,-2.099813499184748,444.3,375.6,-15.559989563622707,452.4,385,-11.53125,455.7,387.2,-11.53125,460,386.4,-44.42878750000112,462.8,369,-48.47292369869367,459.7,331.8,-18.572042491532166,455.6,291.2,-2.486365463026063,452.9,241.9,-55.727508033441495,453.1,226.8,-49.871566434416366,452.6,220.8,-63.65960644022772]],["line",[8,452.6,220.8,-63.65960644022772,452.6,220.6,-40.60584781301719,449.1,234.7,-77.86263882232046,446.1,260.6,-136.0651116732575,445.4,277.5,-89.82645293272559,445.8,282.6,-67.03125,447,284.7,-47.0997873104411,448.1,278.1,-32.5,448.1,242.2,-81.72103471787447,446.7,203.2,-204.41902014066721,445.7,184.1,-102.99900058933571,445.3,181.3,-102.99900058933571,441.2,189.4,-72.31006331665296,435.3,206.9,-40.60584781301719,433.9,218.2,-49.871566434416366,433.5,221.3,-45.75184527057419,432.1,216.1,-89.82645293272559,427.8,190.8,-130.55130611664092,424.2,161.6,-67.03125,421,147.6,-87.75063567861756,418.3,141.4,-125.19730824923346,414.7,139,-94.07915843546998]],["line",[8,414.7,139,-94.07915843546998,408.8,139.6,-68.76100441625002,399.9,146.4,-6.485107258439005,397,150.4,7.773939193615561]],["line",[8,265.3,245.7,2.98062104270919,265.3,246.2,-186.3130224968288,266.3,251,-166.14253767250523,267.2,259.3,-204.41902014066721,268.6,275.7,-219.79168310970482,270.9,291.6,-231.85752768831003,274.6,309.8,-172.6823891695526,278.4,324.2,-100.71632296000465,284.3,338,-67.03125,290.4,349.8,-52.74662854457339,301.3,369.1,-54.22368151714005,313.7,383.7,-34.70358313656254,325.2,395.7,-28.349752278994288,334.4,402.1,-29.35591338819375,340.1,404.1,-31.430753089505927,348.4,401.7,-55.727508033441495,355.9,394.4,-89.82645293272559,362.5,380.4,-85.70803067741542,366.3,