{"nickname":"哈哈哈","round":{"tip":0,"started":1675256307943,"logs":[["line",[8,132.9,244.9,2.2688563199999994,132.9,243.7,2.2688563199999994,132.9,241.2,2.6705494071837617,135.4,237.5,3.6251147826802796,137.8,235.1,3.4173984980041068,140.3,232.6,3.3625679180980814,142.8,232.6,3.5912794069183356,142.8,230.2,3.90445763011739,145.2,228.9,4.010554052574775]],["revoke",null,1675256316499],["line",[8,93.5,320,2.2688563199999994,93.5,321.2,2.2688563199999994,96,323.7,2.952457211292699,100.9,326.2,4.144201291396229,109.5,328.6,4.431807003014601,118.2,331.1,4.083716116090087,128,332.3,3.9202980892381607,136.6,331.1,3.8638348242271965,146.5,326.2,3.780349574866169,155.1,317.5,3.859702776902031,158.8,306.5,3.993070889132337,160,294.2,4.2532760049298926,155.1,284.3,4.40838811285939,146.5,279.4,4.534924659638547,136.6,276.9,4.5596967178733525,125.5,276.9,4.392706051523861,114.5,283.1,4.102160408569752,104.6,292.9,3.9787353476133474,99.7,304,3.8374347946716183,99.7,315.1,3.2209159277622614,103.4,322.5,2.1431386677683744,105.8,324.9,1.3650524652590326]],["line",[8,105.8,324.9,1.3650524652590326,109.5,328.6,0.49902373271193845]],["line",[8,131.7,296.6,2.2688563199999994,130.5,297.8,2.2688563199999994,134.2,299.1,2.089242321585311]],["line",[8,157.5,322.5,2.2688563199999994,158.8,322.5,1.7937810246795003,156.3,321.2,1.5334898304958786,155.1,323.7,3.114958904067361,155.1,326.2,3.702078713458067,158.8,328.6,4.0617088951019085,163.7,333.5,4.392788267538712,169.8,339.7,4.635017812654441,176,344.6,4.8096061948952515,182.2,348.3,4.8616186921991495,185.8,352,5.0340902979111135,187.1,354.5,4.668021954672325,188.3,356.9,3.9366207910206477,188.3,359.4,0.992346566031995,188.3,361.8,4,185.8,364.3,4]],["line",[8,178.5,358.2,2.2688563199999994,178.5,361.8,2.2688563199999994,179.7,365.5,3.7807847415198177,179.7,369.2,3.802222044987708,178.5,375.4,3.7368094242946785,176,384,3.417236457747455,172.3,393.8,3.6400969307556004,169.8,403.7,3.9028946994518323,168.6,412.3,4.141771665710225,167.4,418.5,4.405903839873153,166.2,423.4,4.494041242850473,168.6,422.2,3.1458633962329277,169.8,419.7,1.3176586872106117]],["line",[8,194.5,369.2,2.2688563199999994,195.7,370.5,3.870428247254841,199.4,374.2,5.230002729976828,205.5,380.3,5.356066566841151,211.7,386.5,5.5138274381700985,217.8,392.6,4.929278970101363,224,397.5,4.985248839867324,228.9,401.2,5.1354079693683055,233.8,402.5,5.411169977738689,236.3,403.7,5.838202469195166,237.5,401.2,3.0342711167985357]],["line",[8,169.8,340.9,2.2688563199999994,171.1,338.5,3.47996183953952,174.8,332.3,4.8646498338199695,182.2,322.5,4.4671608013799755,189.5,312.6,4.567713437653762,195.7,302.8,4.835601510646937,200.6,295.4,4.342719084677457,204.3,290.5,4.267884585323882,205.5,288,1.3832674255286008]],["line",[8,173.5,339.7,2.2688563199999994,177.2,338.5,4.463958059302005,183.4,333.5,4.343181647035776,193.2,326.2,4.5864268406184445,201.8,318.8,4.784662885954212,205.5,316.3,4.825498098038706,219.1,302.8,4.982754895552485,231.4,289.2,4.861399400892212,238.8,280.6,4.795682875989307,241.2,278.2,4.401975236146806,243.7,276.9,2.091291945636068]],["line",[8,163.7,244.9,2.2688563199999994,163.7,242.5,2.8579056612862193,163.7,238.8,2.8777266547622373,163.7,236.3,3.26380773445572,163.7,233.8,3.4796073470025393,164.9,230.2,3.6186898715423252,166.2,226.5,3.708760579981372,168.6,222.8,3.8998361151372007,171.1,220.3,3.9940766541303434,173.5,217.8,4.00585382428382,176,215.4,4.024024666127015,178.5,212.9,3.8732250916078463,179.7,210.5,3.853255207588446,180.9,208,3.85090600380578,183.4,206.8,3.9261045402785983,185.8,206.8,4.007331535877821,188.3,208,4.013988326578977,190.8,209.2,4.2456406006034095,194.5,210.5,4.510676367025025,196.9,211.7,4.6316190292061545,200.6,212.9,4.665499857981207,203.1,214.2,4.592072974978842]],["line",[8,203.1,214.2,4.592072974978842,204.3,215.4,4.613176187978817,206.8,216.6,4.625235984870146,209.2,217.8,4.655454016965111,211.7,219.1,4.746289238076543,215.4,222.8,4.8956876653657595,217.8,224,4.955663579990153,221.5,224,4.936980856945528,224,225.2,5.2373176117718545,225.2,227.7,5.28827788920068,227.7,227.7,5.363803082260076,230.2,228.9,5.530491402282772,232.6,230.2,5.460703377091967,235.1,230.2,5.596754817348099,237.5,231.4,5.587287666422119,240,231.4,5.704148715477285,242.5,231.4,5.794696728244729,243.7,228.9,5.797952052517949,246.2,227.7,5.774783725496468,248.6,225.2,5.7211002347896045,251.1,224,5.67215431596408,253.5,224,5.659864959243059]],["line",[8,253.5,224,5.659864959243059,253.5,225.2,5.596689037379908,254.8,228.9,5.639379038499158,254.8,231.4,5.645196488992323,256,233.8,5.646545310963736,258.5,237.5,5.644890904398996,260.9,240,5.7247828290221525,263.4,241.2,5.860876773389405,265.8,242.5,5.870135625934182,267.1,244.9,6.0622430267614185,269.5,247.4,6.056985152905563,272,249.8,6.0626830043595,274.5,252.3,6.071775236282433,276.9,256,6.071759111517416,280.6,259.7,6.070954760547469,281.8,262.2,6.070954760547469,284.3,264.6,6.087446157905797,286.8,268.3,6.144436390934261,289.2,273.2,6.22156593484623,291.7,276.9,6.248800788453042,294.2,280.6,6.248848604228326,295.4,284.3,6.241899758570572]],["line",[8,295.4,284.3,6.241899758570572,296.6,288,6.24637809193066,297.8,291.7,6.214090206167068,299.1,295.4,6.205040368307543,300.3,299.1,6.204678042973353,301.5,304,6.247475308064504,302.8,307.7,6.260654640315218,302.8,311.4,6.293536786070527,302.8,313.8,6.292583930276251,302.8,316.3,6.287312114923843,300.3,317.5,6.370025583107803,297.8,318.8,6.608929553289728,295.4,318.8,6.667101861765852,292.9,318.8,6.737629041051858,289.2,316.3,6.760670641242821,286.8,315.1,6.754146973017431,285.5,312.6,6.707312118969755,283.1,311.4,6.395411570846267,280.6,308.9,3.8803635559159106]],["line",[8,178.5,238.8,2.2688563199999994,177.2,238.8,2.2688563199999994,174.8,238.8,1.2052275200000002,172.3,238.8,4,168.6,240,0.7112582990975085,166.2,241.2,1.8704213513447367,168.6,241.2,2.7079721264698824,171.1,241.2,2.589935755377705,174.8,241.2,2.6315493764318028,178.5,242.5,2.8846307192076868,183.4,242.5,3.097922401959382,187.1,243.7,3.1708326127733564,190.8,244.9,3.1266665034709265,193.2,246.2,3.1718196642772565,194.5,248.6,3.3391244204702044,196.9,251.1,3.593781732809167,196.9,253.5,3.6594384912041926,200.6,256,3.9222018607470694,203.1,258.5,3.8884300091867186,206.8,259.7,4.0689039866666725,209.2,262.2,4.208147548705183,212.9,264.6,4.32820213220567]],["line",[8,212.9,264.6,4.32820213220567,216.6,265.8,4.411231898872089,220.3,268.3,4.498671975836469,222.8,269.5,4.540047653506525,225.2,272,4.6032106762301765,227.7,273.2,4.644305522647203,231.4,275.7,4.641642650916019,233.8,276.9,4.694386473358362,236.3,278.2,4.722497443520673,238.8,279.4,4.792203302598248,242.5,281.8,4.809468970663124,244.9,284.3,4.79898570057342,248.6,286.8,4.786932317520992,251.1,288,4.776944245125774,253.5,289.2,4.772076210551999,254.8,291.7,4.7975523328971725,257.2,292.9,4.926997213477781,259.7,294.2,4.962779713022706,263.4,296.6,4.922549616393523,267.1,299.1,4.885085380846208,268.3,301.5,5.012794426645603,270.8,302.8,5.089697154164918]],["line",[8,270.8,302.8,5.089697154164918,273.2,305.2,5.14294827499195,275.7,307.7,5.120501786806565,278.2,311.4,5.1493721925950044,280.6,313.8,5.218173465953544,283.1,317.5,5.242628538852235,285.5,318.8,5.3468592991627055,288,320,5.426844946330846,291.7,321.2,5.474324933715288,294.2,321.2,5.470852128227564,296.6,321.2,5.518559865662716,299.1,320,4.957253064368608,297.8,317.5,2.1350250408972204]],["line",[8,224,257.2,2.2688563199999994,224,258.5,3.441780160450958,226.5,259.7,3.1378213489874147,228.9,254.8,3.351536787877973,232.6,248.6,3.4771265887977725,240,238.8,4.12456597698143,248.6,226.5,4.533588130354907,256,216.6,4.928505506522635,262.2,206.8,5.167850261187782,267.1,198.2,5.39799092264944,272,192,5.4565294051191575,274.5,188.3,5.445980093704727,273.2,185.8,5.235720770116558,272,188.3,0.07178840378614915]],["line",[8,246.2,194.5,2.2688563199999994,246.2,195.7,2.2688563199999994,248.6,192,4.319619514271412,256,187.1,4.648847583919501,265.8,180.9,4.4968250698073735,274.5,173.5,