{"nickname":"19","round":{"tip":0,"started":1675243644768,"logs":[["colour",["#f3b2aa"]],["line",[8,146.5,172.9,2.2688563199999994,145.2,172.9,1.200907354334607,145.2,175.4,3.096815809390492,144,179.1,3.4249787181366766,141.5,186.5,3.2394431971766178,137.8,197.5,2.1879997922746153,135.4,207.4,0.39464789136946]],["line",[8,137.8,206.2,2.2688563199999994,137.8,207.4,0.32326500528351954,137.8,209.8,1.6430877449395176,139.1,212.3,2.078651894197277,141.5,216,2.46669012960382,145.2,220.9,2.775600914981493,147.7,225.8,2.940322232308909,151.4,229.5,2.9192069017931637,152.6,233.2,3.0104703545739495,155.1,235.7,3.3916472242872997,156.3,238.2,3.7566888633015516]],["line",[8,156.3,232,2.2688563199999994,156.3,233.2,0.019981257811278574,157.5,235.7,0.786514415338555,157.5,238.2,2.4035228242263624,156.3,240.6,2.636694805973633,152.6,244.3,2.8081894213961682,148.9,250.5,3.0701891110906443,144,257.8,3.5036717230669607,141.5,262.8,3.9156097684502242,140.3,266.5,4.051600202999642,140.3,268.9,3.5695004727078663]],["line",[8,147.7,283.7,2.2688563199999994,148.9,283.7,2.2688563199999994,146.5,280,2.9585244519478966,144,276.3,3.507004517144323,141.5,275.1,3.4687352532530724,137.8,272.6,3.4961234735999076,135.4,272.6,3.4759218084159587,132.9,271.4,3.4976465741288028,130.5,271.4,3.5576539728282315,128,271.4,3.5016327290918046,130.5,273.8,0.2613901004942534]],["line",[8,125.5,272.6,2.2688563199999994,124.3,272.6,0.8658438879695787,125.5,275.1,2.2506922537656493,128,276.3,2.3586238572265366,130.5,278.8,2.618580023266559,132.9,282.5,2.730636119423542,136.6,287.4,2.7246537831060094,140.3,291.1,2.7036572075056533,142.8,293.5,2.665886653990156,145.2,294.8,2.6662289189128687,146.5,297.2,1.993153003003516]],["line",[8,147.7,281.2,2.2688563199999994,147.7,282.5,1.0182272336861464,150.2,283.7,1.8320064663966296,152.6,284.9,2.345955159151976,155.1,286.2,2.4811485172884087]],["line",[8,144,289.8,2.2688563199999994,142.8,289.8,0.7184883315007813,142.8,292.3,1.8180441147718822,145.2,293.5,2.309378607374841,147.7,296,2.54793417834727,148.9,299.7,2.7281937982594338,150.2,304.6,2.8567614822854264,151.4,309.5,2.97428332734117,151.4,315.7,3.0227470708083333,152.6,319.4,3.067655162650234,152.6,323.1,3.1536520512106536,152.6,325.5,3.3741699993340353,152.6,328,3.785039138895577]],["line",[8,153.8,282.5,2.2688563199999994,155.1,282.5,0.8731744057170028,157.5,282.5,1.8873289928538606,160,282.5,1.2156042600768435,162.5,280,4]],["line",[8,163.7,280,2.2688563199999994,164.9,278.8,1.399770317864503,167.4,276.3,1.4394329163533435,169.8,272.6,1.5254732794094377,173.5,268.9,1.6661696273089142,176,266.5,1.7701832985387354,178.5,262.8,1.826847127643644,180.9,261.5,1.8095692854083412,183.4,259.1,1.7906338033912412,185.8,257.8,2.5083984975138067,188.3,255.4,2.8133364528609874]],["line",[8,188.3,257.8,2.2688563199999994,189.5,257.8,0.8167285613536857,192,259.1,2.356914782153976,194.5,260.3,2.349195060609243,195.7,262.8,2.574503541536063,198.2,264,2.786684031836576,200.6,266.5,3.269032273777797,200.6,268.9,3.4399674426679976,198.2,272.6,3.042718905388753,193.2,278.8,2.094086169833991,189.5,286.2,1.7201225004415663]],["line",[8,187.1,267.7,2.2688563199999994,187.1,268.9,1.62018842351591,183.4,272.6,2.047254484731206,180.9,276.3,2.289120908823441,178.5,280,2.5817272796303605,176,283.7,2.782031060156025,173.5,287.4,2.894980001997993,173.5,291.1,2.894784075485015,173.5,293.5,2.8014908583164297,177.2,293.5,2.8309423036415744,179.7,292.3,2.921138043178007,182.2,292.3,2.9591799114130426,184.6,291.1,2.6884200014865387,187.1,289.8,2.022599320017327,188.3,287.4,1.7059902571270973,189.5,283.7,0.6756059401740853]],["line",[8,200.6,268.9,2.2688563199999994,200.6,267.7,1.4669399331695345,203.1,268.9,1.4956322447985873,205.5,270.2,1.4790354499680403,208,271.4,1.855022830184998,210.5,273.8,2.6708345620945826,211.7,276.3,3.1947106615909826,211.7,278.8,3.240928419252464,208,281.2,3.0735924394113487,205.5,283.7,2.9564132861574235,203.1,286.2,2.7277380900136965,200.6,288.6,2.102163770152524,198.2,291.1,1.6164444641737168]],["line",[8,212.9,278.8,2.2688563199999994,212.9,280,0.4807691071432796,215.4,281.2,2.4176784084721152,217.8,284.9,2.7624782982608354,219.1,287.4,2.8974198952786407,219.1,291.1,3.15676743424763,220.3,293.5,3.3548934016334915,217.8,296,3.773399879202141,215.4,298.5,3.7870612951550884,211.7,302.2,3.100599499723778]],["line",[8,208,284.9,2.2688563199999994,206.8,284.9,1.6191376104844606,205.5,287.4,2.0058416451767753,204.3,289.8,1.8764069040239395,203.1,292.3,1.9151000317191285,200.6,294.8,1.8806677470005857,198.2,297.2,0.8243633272868554]],["line",[8,219.1,296,2.2688563199999994,219.1,297.2,0.8355977409614486,219.1,299.7,1.9614915448824233,221.5,302.2,2.4741626058695116,220.3,305.8,2.800486434031419,216.6,308.3,2.874230041392879,214.2,310.8,1.1556873978460072]],["line",[8,215.4,304.6,2.2688563199999994,216.6,304.6,0.6345089683179888,216.6,307.1,1.1964493505066676,214.2,308.3,2.521670950892732,211.7,312,3.0011571571485485,209.2,313.2,3.2622362328522057,206.8,314.5,3.1435393428092286,204.3,316.9,3.1801714391081015,204.3,314.5,3.1048654412416807,201.8,314.5,2.8110753927791103]],["line",[8,185.8,292.3,2.2688563199999994,185.8,293.5,0.47811009865404763,187.1,296,1.8069173017508016,188.3,298.5,2.335545698579944,189.5,300.9,2.4017230925015083,193.2,303.4,1.8989298502376268,195.7,299.7,0.5536733615236589]],["line",[8,199.4,298.5,2.2688563199999994,198.2,298.5,1.6824061630817795,198.2,302.2,2.4033211324275925,199.4,304.6,2.537348550959587,201.8,305.8,2.4671234053812077,204.3,305.8,1.5784553867866826,206.8,305.8,0.6899292718235204]],["line",[8,203.1,307.1,2.2688563199999994,201.8,308.3,1.5081471222496639,200.6,310.8,2.2266645720792004,203.1,312,3.0037379544766587,206.8,313.2,1.2225333026946457]],["line",[8,153.8,321.8,2.2688563199999994,152.6,323.1,1.560687940984379,151.4,325.5,1.5166977654650093,151.4,329.2,1.937424098408001,150.2,332.9,2.2020454308254784,150.2,336.6,2.075809319220996,148.9,339.1,1.9901457417504993,148.9,341.5,1.8558472839041835,151.4,341.5,2.236601430592284,153.8,344,2.652207091159963,157.5,347.7,1.9223172452830433,160,348.9,1.2661599044097382]],["line",[8,212.9,316.9,2.2688563199999994,212.9,315.7,1.212302643679969,212.9,312,0.015988003999497735,211.7,314.5,2.1415648559906293,210.5,318.2,2.2810394508339797,208,323.1,2.368163937917773,204.3,329.2,2.399273445336581,200.6,335.4,2.521165158710259,198.2,337.8,2.6647812059316607,198.2,340.3,2.6865119639524337]],["line",[8,199.4,342.8,2.2688563199999994,200.6,342.8,0.051873387256716086,198.2,344,1.7569075591497088,195.7,346.5,1.6092206146528278,198.2,347.7,1.9662690758914207,198.2,350.2,2.8122278918464945,198.2,355.1,2.9905448795164267,198.2,362.5,3.0980001810651405,198.2,368.6,2.921961736669356,198.2,372.3,2.086231504819021,198.2,374.8,0.9929354402734294]],["line",[8,152.6,346.5,2.2688563199999994,152.6,347.7,1.3122747262361942,155.1,348.9,2.4388435701843596,155.1,352.6,2.8635277311230185,156.3,360,3.3657149487120943,156.3,366.2,3.6178119557174657,157.5,372.3,3.739200829328751,157.5,377.2,3.8037065532530576,157.5,380.9,3.9707612377989303,157.5,384.6,3.958606977568329,157.5,387.1,4.190216511705063]],["line",[8,131.7,281.2,2.2688563199999994,131.7,282.5,1.1474125636306178,131.7,284.9,1.1831756448652024]],["line",[8,134.2,282.5,2.2688563199999994,132.9,283.7,1.4739772970854705,130.5,287.4,1.7094884489496103,128,291.1,1.8020519091174902,126.8,294.8,1.8905055988053938,125.5,298.5,1.952811531209396,124.3,302.2,2.2915186552563576,124.3,304.6,2.393996277838914,124.3,307.1,2.4256481060013684,121.8,305.8,0.3122021304550877]],["line",[8,123.1,307.1,2.2688563199999994,121.8,308.3,0.5022604520165928,119.4,309.5,1.6815324072145827,116.9,312,2.187171337618768,114.5,312,3.013392145015704,112,312,3.0338019341628204,109.5,310.8,3.212340735737131,107.1,310.8,3.3332130177233115,104.6,309.5,3.07455770759175,103.4,307.1,2.9941549478494593,98.5,304.6,3.71935348877315,94.8,302.2,4.143273083874478,88.6,298.5,4.364213210991011,82.5,294.8,4.605206357136641,78.8,293.5,